run_id,claim_id,agent,source_section,claim_index,claim_text,direction,confidence,evidence,classification,ui_bucket,shown_by_default,hidden_reason,substantive_status,boilerplate_status,duplicate_group_id,factor_ids,alpha_ids,relation_ids,used_in_activation,used_in_conflict,used_in_edge,used_in_admitted_edge
e434f80b-e4d0-4b09-9471-d84532659de5,e434f80b-e4d0-4b09-9471-d84532659de5:market_agent:market_report:claim:1,market_agent,NVDA (NVIDIA Corporation) Technical Analysis Report,0,Analysis Date: 2026-07-30 | Sector: Technology / Semiconductors | Exchange: NMS,unknown,0.4,Analysis Date: 2026-07-30 | Sector: Technology / Semiconductors | Exchange: NMS,context_only,neutral_or_unknown,False,context_only_default_hidden,CONTEXT_ONLY,NONE,dupgroup_c1f65b9b610a,,,,False,False,False,False
e434f80b-e4d0-4b09-9471-d84532659de5,e434f80b-e4d0-4b09-9471-d84532659de5:market_agent:market_report:claim:2,market_agent,Executive Summary,1,"NVDA is trading at $195.04 as of the 2026-07-30 close, in the midst of a meaningful pullback from its recent highs.",unknown,0.75,"NVDA is trading at $195.04 as of the 2026-07-30 close, in the midst of a meaningful pullback from its recent highs.",context_only,neutral_or_unknown,False,context_only_default_hidden,CONTEXT_ONLY,NONE,dupgroup_9c299fa6697c,,,,False,False,False,False
e434f80b-e4d0-4b09-9471-d84532659de5,e434f80b-e4d0-4b09-9471-d84532659de5:market_agent:market_report:claim:3,market_agent,Executive Summary,2,"The stock has broken below its short-term (10 EMA) and medium-term (50 SMA) trend benchmarks, but remains above its long-term 200-day SMA.",unknown,0.55,"The stock has broken below its short-term (10 EMA) and medium-term (50 SMA) trend benchmarks, but remains above its long-term 200-day SMA.",analytical,neutral_or_unknown,True,,SUBSTANTIVE,NONE,dupgroup_f5fa285bc4a1,,,,False,False,False,False
e434f80b-e4d0-4b09-9471-d84532659de5,e434f80b-e4d0-4b09-9471-d84532659de5:market_agent:market_report:claim:4,market_agent,Executive Summary,3,"Momentum is bearish on the MACD, RSI is in neutral-to-weak territory, and price is pressing against the lower Bollinger Band.",negative,0.4,"Momentum is bearish on the MACD, RSI is in neutral-to-weak territory, and price is pressing against the lower Bollinger Band.",analytical,negative,True,,SUBSTANTIVE,NONE,dupgroup_7a9a73e3d6af,,,,False,False,False,False
e434f80b-e4d0-4b09-9471-d84532659de5,e434f80b-e4d0-4b09-9471-d84532659de5:market_agent:market_report:claim:5,market_agent,Executive Summary,4,"This is a corrective phase within a broader longer-term uptrend, with the critical decision point being whether the 200-day SMA ($192.86) and the lower Bollinger Band ($189.47) hold as support.",neutral,0.75,"This is a corrective phase within a broader longer-term uptrend, with the critical decision point being whether the 200-day SMA ($192.86) and the lower Bollinger Band ($189.47) hold as support.",analytical,neutral_or_unknown,True,,SUBSTANTIVE,NONE,dupgroup_bd6e3c354519,,,,False,False,False,False
e434f80b-e4d0-4b09-9471-d84532659de5,e434f80b-e4d0-4b09-9471-d84532659de5:market_agent:market_report:claim:6,market_agent,Indicator Selection Rationale,5,"I selected the following 8 complementary indicators to cover trend, momentum, volatility, and volume dimensions without redundancy:",neutral,0.55,"I selected the following 8 complementary indicators to cover trend, momentum, volatility, and volume dimensions without redundancy:",analytical,neutral_or_unknown,True,,SUBSTANTIVE,NONE,dupgroup_cae07f0ab918,,,,False,False,False,False
e434f80b-e4d0-4b09-9471-d84532659de5,e434f80b-e4d0-4b09-9471-d84532659de5:market_agent:market_report:claim:7,market_agent,Indicator Selection Rationale,6,"close50sma – Medium-term trend benchmark; NVDA has just broken below it, making it the key resistance to reclaim.",unknown,0.55,"close50sma – Medium-term trend benchmark; NVDA has just broken below it, making it the key resistance to reclaim.",context_only,neutral_or_unknown,False,context_only_default_hidden,CONTEXT_ONLY,NONE,dupgroup_ddc5e86ce159,,,,False,False,False,False
e434f80b-e4d0-4b09-9471-d84532659de5,e434f80b-e4d0-4b09-9471-d84532659de5:market_agent:market_report:claim:8,market_agent,Indicator Selection Rationale,7,"close200sma – Long-term trend anchor; price is testing this level, which is the most important support in the current setup.",unknown,0.55,"close200sma – Long-term trend anchor; price is testing this level, which is the most important support in the current setup.",analytical,neutral_or_unknown,True,,SUBSTANTIVE,NONE,dupgroup_49ccdf73260e,,,,False,False,False,False
e434f80b-e4d0-4b09-9471-d84532659de5,e434f80b-e4d0-4b09-9471-d84532659de5:market_agent:market_report:claim:9,market_agent,Indicator Selection Rationale,8,close10ema – Fast trend gauge to capture the immediacy of the current down-move and short-term momentum shifts.,unknown,0.55,close10ema – Fast trend gauge to capture the immediacy of the current down-move and short-term momentum shifts.,context_only,neutral_or_unknown,False,context_only_default_hidden,CONTEXT_ONLY,NONE,dupgroup_cb7a6db9d4c1,,,,False,False,False,False
e434f80b-e4d0-4b09-9471-d84532659de5,e434f80b-e4d0-4b09-9471-d84532659de5:market_agent:market_report:claim:10,market_agent,Indicator Selection Rationale,9,"macd – Primary momentum oscillator; currently negative and diverging, confirming the bearish short-term impulse.",negative,0.4,"macd – Primary momentum oscillator; currently negative and diverging, confirming the bearish short-term impulse.",analytical,negative,True,,SUBSTANTIVE,NONE,dupgroup_cbfe68d5dcb3,,,,False,False,False,False
e434f80b-e4d0-4b09-9471-d84532659de5,e434f80b-e4d0-4b09-9471-d84532659de5:market_agent:market_report:claim:11,market_agent,Indicator Selection Rationale,10,rsi – Momentum/mean-reversion gauge; at 43 it shows weakness without yet reaching oversold extremes.,neutral,0.55,rsi – Momentum/mean-reversion gauge; at 43 it shows weakness without yet reaching oversold extremes.,analytical,neutral_or_unknown,True,,SUBSTANTIVE,NONE,dupgroup_79aef5d8bbc9,,,,False,False,False,False
e434f80b-e4d0-4b09-9471-d84532659de5,e434f80b-e4d0-4b09-9471-d84532659de5:market_agent:market_report:claim:12,market_agent,Indicator Selection Rationale,11,"boll / bollub / bolllb – Volatility envelope; price is hugging the lower band, signaling potential oversold conditions and a compression setup.",unknown,0.4,"boll / bollub / bolllb – Volatility envelope; price is hugging the lower band, signaling potential oversold conditions and a compression setup.",analytical,neutral_or_unknown,True,,SUBSTANTIVE,NONE,dupgroup_507862f47c05,,,,False,False,False,False
e434f80b-e4d0-4b09-9471-d84532659de5,e434f80b-e4d0-4b09-9471-d84532659de5:market_agent:market_report:claim:13,market_agent,Indicator Selection Rationale,12,"atr – Volatility measure for position sizing and stop placement; currently 7.5, indicating elevated but not extreme volatility.",neutral,0.55,"atr – Volatility measure for position sizing and stop placement; currently 7.5, indicating elevated but not extreme volatility.",analytical,neutral_or_unknown,True,,SUBSTANTIVE,NONE,dupgroup_5554d3824355,,,,False,False,False,False
e434f80b-e4d0-4b09-9471-d84532659de5,e434f80b-e4d0-4b09-9471-d84532659de5:market_agent:market_report:claim:14,market_agent,Indicator Selection Rationale,13,vwma – Volume-weighted trend confirmation; price trading below VWMA confirms distribution pressure.,negative,0.4,vwma – Volume-weighted trend confirmation; price trading below VWMA confirms distribution pressure.,analytical,negative,True,,SUBSTANTIVE,NONE,dupgroup_a331d4a035ad,,,,False,False,False,False
e434f80b-e4d0-4b09-9471-d84532659de5,e434f80b-e4d0-4b09-9471-d84532659de5:market_agent:market_report:claim:15,market_agent,1. Moving Average Structure (Trend),14,The moving average stack reveals a bearish short-term configuration within a still-intact long-term uptrend:,negative,0.4,The moving average stack reveals a bearish short-term configuration within a still-intact long-term uptrend:,analytical,negative,True,,SUBSTANTIVE,NONE,dupgroup_bc79dbc33789,,,,False,False,False,False
e434f80b-e4d0-4b09-9471-d84532659de5,e434f80b-e4d0-4b09-9471-d84532659de5:market_agent:market_report:claim:16,market_agent,1. Moving Average Structure (Trend),15,Price ($195.04) < 10 EMA ($200.01) < 50 SMA ($206.52): The stock is below both its fast and medium-term averages.,unknown,0.75,Price ($195.04) < 10 EMA ($200.01) < 50 SMA ($206.52): The stock is below both its fast and medium-term averages.,context_only,neutral_or_unknown,False,context_only_default_hidden,CONTEXT_ONLY,NONE,dupgroup_2323b3c2e621,,,,False,False,False,False
e434f80b-e4d0-4b09-9471-d84532659de5,e434f80b-e4d0-4b09-9471-d84532659de5:market_agent:market_report:claim:17,market_agent,1. Moving Average Structure (Trend),16,This is a classic short-term downtrend configuration.,unknown,0.25,This is a classic short-term downtrend configuration.,context_only,neutral_or_unknown,False,context_only_default_hidden,CONTEXT_ONLY,NONE,dupgroup_cd06489871ff,,,,False,False,False,False
e434f80b-e4d0-4b09-9471-d84532659de5,e434f80b-e4d0-4b09-9471-d84532659de5:market_agent:market_report:claim:18,market_agent,1. Moving Average Structure (Trend),17,"The 10 EMA has been declining steadily from $218 in early June to $200 today, confirming persistent selling pressure.",negative,0.75,"The 10 EMA has been declining steadily from $218 in early June to $200 today, confirming persistent selling pressure.",analytical,negative,True,,SUBSTANTIVE,NONE,dupgroup_db9d2131ff4e,,,,False,False,False,False
e434f80b-e4d0-4b09-9471-d84532659de5,e434f80b-e4d0-4b09-9471-d84532659de5:market_agent:market_report:claim:19,market_agent,1. Moving Average Structure (Trend),18,Price ($195.04) > 200 SMA ($192.86): The stock remains above its long-term trend benchmark.,unknown,0.75,Price ($195.04) > 200 SMA ($192.86): The stock remains above its long-term trend benchmark.,context_only,neutral_or_unknown,False,context_only_default_hidden,CONTEXT_ONLY,NONE,dupgroup_55467de74424,,,,False,False,False,False
e434f80b-e4d0-4b09-9471-d84532659de5,e434f80b-e4d0-4b09-9471-d84532659de5:market_agent:market_report:claim:20,market_agent,1. Moving Average Structure (Trend),19,"The 200 SMA has been rising steadily (from $187.6 on June 1 to $192.86 today), indicating the longer-term trend is still up.",unknown,0.75,"The 200 SMA has been rising steadily (from $187.6 on June 1 to $192.86 today), indicating the longer-term trend is still up.",analytical,neutral_or_unknown,True,,SUBSTANTIVE,NONE,dupgroup_554aeb64704c,,,,False,False,False,False
e434f80b-e4d0-4b09-9471-d84532659de5,e434f80b-e4d0-4b09-9471-d84532659de5:market_agent:market_report:claim:21,market_agent,1. Moving Average Structure (Trend),20,Key observation: The 50 SMA ($206.52) is now acting as overhead resistance.,unknown,0.6,Key observation: The 50 SMA ($206.52) is now acting as overhead resistance.,context_only,neutral_or_unknown,False,context_only_default_hidden,CONTEXT_ONLY,NONE,dupgroup_e9a358b58e3a,,,,False,False,False,False
e434f80b-e4d0-4b09-9471-d84532659de5,e434f80b-e4d0-4b09-9471-d84532659de5:market_agent:market_report:claim:22,market_agent,1. Moving Average Structure (Trend),21,"For the short-term trend to turn constructive again, NVDA needs to reclaim the 10 EMA first ($200), then the 50 SMA ($206.5).",unknown,0.75,"For the short-term trend to turn constructive again, NVDA needs to reclaim the 10 EMA first ($200), then the 50 SMA ($206.5).",context_only,neutral_or_unknown,False,context_only_default_hidden,CONTEXT_ONLY,NONE,dupgroup_154bec675c30,,,,False,False,False,False
e434f80b-e4d0-4b09-9471-d84532659de5,e434f80b-e4d0-4b09-9471-d84532659de5:market_agent:market_report:claim:23,market_agent,1. Moving Average Structure (Trend),22,The 200 SMA at $192.86 is the critical support line that separates a healthy correction from a potential trend breakdown.,unknown,0.75,The 200 SMA at $192.86 is the critical support line that separates a healthy correction from a potential trend breakdown.,analytical,neutral_or_unknown,True,,SUBSTANTIVE,NONE,dupgroup_754ed6640415,,,,False,False,False,False
e434f80b-e4d0-4b09-9471-d84532659de5,e434f80b-e4d0-4b09-9471-d84532659de5:market_agent:market_report:claim:24,market_agent,2. MACD (Momentum),23,The MACD is firmly in bearish territory:,negative,0.25,The MACD is firmly in bearish territory:,analytical,negative,True,,SUBSTANTIVE,NONE,dupgroup_7a3e507a2ce3,,,,False,False,False,False
e434f80b-e4d0-4b09-9471-d84532659de5,e434f80b-e4d0-4b09-9471-d84532659de5:market_agent:market_report:claim:25,market_agent,2. MACD (Momentum),24,MACD line: -2.11 (negative),negative,0.4,MACD line: -2.11 (negative),analytical,negative,True,,SUBSTANTIVE,NONE,dupgroup_5a0c12f5e518,,,,False,False,False,False
e434f80b-e4d0-4b09-9471-d84532659de5,e434f80b-e4d0-4b09-9471-d84532659de5:market_agent:market_report:claim:26,market_agent,2. MACD (Momentum),25,Histogram: -1.37 (negative and expanding),negative,0.4,Histogram: -1.37 (negative and expanding),analytical,negative,True,,SUBSTANTIVE,NONE,dupgroup_6bc921102139,,,,False,False,False,False
e434f80b-e4d0-4b09-9471-d84532659de5,e434f80b-e4d0-4b09-9471-d84532659de5:market_agent:market_report:claim:27,market_agent,2. MACD (Momentum),26,The MACD crossed below zero and has been negative since mid-June.,negative,0.25,The MACD crossed below zero and has been negative since mid-June.,analytical,negative,True,,SUBSTANTIVE,NONE,dupgroup_842bc41a5c24,,,,False,False,False,False
e434f80b-e4d0-4b09-9471-d84532659de5,e434f80b-e4d0-4b09-9471-d84532659de5:market_agent:market_report:claim:28,market_agent,2. MACD (Momentum),27,"The histogram has been widening negatively, indicating accelerating downside momentum.",negative,0.4,"The histogram has been widening negatively, indicating accelerating downside momentum.",analytical,negative,True,,SUBSTANTIVE,NONE,dupgroup_b19faba7d5c1,,,,False,False,False,False
e434f80b-e4d0-4b09-9471-d84532659de5,e434f80b-e4d0-4b09-9471-d84532659de5:market_agent:market_report:claim:29,market_agent,2. MACD (Momentum),28,"Notably, the MACD line has been making lower lows through July (from -0.01 on July 27 to -2.11 on July 30), confirming that selling pressure is intensifying rather than abating.",negative,0.55,"Notably, the MACD line has been making lower lows through July (from -0.01 on July 27 to -2.11 on July 30), confirming that selling pressure is intensifying rather than abating.",analytical,negative,True,,SUBSTANTIVE,NONE,dupgroup_cbb483db7f87,,,,False,False,False,False
e434f80b-e4d0-4b09-9471-d84532659de5,e434f80b-e4d0-4b09-9471-d84532659de5:market_agent:market_report:claim:30,market_agent,2. MACD (Momentum),29,There is no sign yet of a bullish crossover that would signal momentum stabilization.,positive,0.4,There is no sign yet of a bullish crossover that would signal momentum stabilization.,analytical,positive,True,,SUBSTANTIVE,NONE,dupgroup_8c367dee17cd,,,,False,False,False,False
e434f80b-e4d0-4b09-9471-d84532659de5,e434f80b-e4d0-4b09-9471-d84532659de5:market_agent:market_report:claim:31,market_agent,3. RSI (Momentum / Mean Reversion),30,"RSI is at 43.09, down from 51 on July 24 and from a recent peak of 57 on July 10.",unknown,0.55,"RSI is at 43.09, down from 51 on July 24 and from a recent peak of 57 on July 10.",analytical,neutral_or_unknown,True,,SUBSTANTIVE,NONE,dupgroup_f7645a10786e,,,,False,False,False,False
e434f80b-e4d0-4b09-9471-d84532659de5,e434f80b-e4d0-4b09-9471-d84532659de5:market_agent:market_report:claim:32,market_agent,3. RSI (Momentum / Mean Reversion),31,"RSI is in neutral-to-weak territory (below 50), confirming the bearish short-term bias.",negative,0.55,"RSI is in neutral-to-weak territory (below 50), confirming the bearish short-term bias.",analytical,negative,True,,SUBSTANTIVE,NONE,dupgroup_a5739313a684,,,,False,False,False,False
e434f80b-e4d0-4b09-9471-d84532659de5,e434f80b-e4d0-4b09-9471-d84532659de5:market_agent:market_report:claim:33,market_agent,3. RSI (Momentum / Mean Reversion),32,"It has not yet reached oversold conditions (below 30), meaning there is still room for further downside before a mean-reversion bounce would be technically ""triggered.""",neutral,0.55,"It has not yet reached oversold conditions (below 30), meaning there is still room for further downside before a mean-reversion bounce would be technically ""triggered.""",analytical,neutral_or_unknown,True,,SUBSTANTIVE,NONE,dupgroup_e26358c80a8e,,,,False,False,False,False
e434f80b-e4d0-4b09-9471-d84532659de5,e434f80b-e4d0-4b09-9471-d84532659de5:market_agent:market_report:claim:34,market_agent,3. RSI (Momentum / Mean Reversion),33,"The RSI dipped to 37.6 on June 26 and 38 on July 29, showing that momentum is oscillating in a weak band rather than collapsing.",unknown,0.55,"The RSI dipped to 37.6 on June 26 and 38 on July 29, showing that momentum is oscillating in a weak band rather than collapsing.",context_only,neutral_or_unknown,False,context_only_default_hidden,CONTEXT_ONLY,NONE,dupgroup_4db4ffeaf392,,,,False,False,False,False
e434f80b-e4d0-4b09-9471-d84532659de5,e434f80b-e4d0-4b09-9471-d84532659de5:market_agent:market_report:claim:35,market_agent,3. RSI (Momentum / Mean Reversion),34,This suggests a grinding correction rather than a panic sell-off.,negative,0.25,This suggests a grinding correction rather than a panic sell-off.,analytical,negative,True,,SUBSTANTIVE,NONE,dupgroup_ad7d6e58b5ae,,,,False,False,False,False
e434f80b-e4d0-4b09-9471-d84532659de5,e434f80b-e4d0-4b09-9471-d84532659de5:market_agent:market_report:claim:36,market_agent,4. Bollinger Bands (Volatility Envelope),35,Middle band (20 SMA): $203.00,unknown,0.6,Middle band (20 SMA): $203.00,context_only,neutral_or_unknown,False,context_only_default_hidden,CONTEXT_ONLY,NONE,dupgroup_57bfb26c8984,,,,False,False,False,False
e434f80b-e4d0-4b09-9471-d84532659de5,e434f80b-e4d0-4b09-9471-d84532659de5:market_agent:market_report:claim:37,market_agent,4. Bollinger Bands (Volatility Envelope),36,"Price ($195.04) is trading near the lower band ($189.47), only $5.6 above it.",unknown,0.6,"Price ($195.04) is trading near the lower band ($189.47), only $5.6 above it.",analytical,neutral_or_unknown,True,,SUBSTANTIVE,NONE,dupgroup_b51ea2f22490,,,,False,False,False,False
e434f80b-e4d0-4b09-9471-d84532659de5,e434f80b-e4d0-4b09-9471-d84532659de5:market_agent:market_report:claim:38,market_agent,4. Bollinger Bands (Volatility Envelope),37,Price hugging the lower band often signals oversold conditions and potential for a technical bounce.,unknown,0.4,Price hugging the lower band often signals oversold conditions and potential for a technical bounce.,analytical,neutral_or_unknown,True,,SUBSTANTIVE,NONE,dupgroup_a4eb79fbf690,,,,False,False,False,False
e434f80b-e4d0-4b09-9471-d84532659de5,e434f80b-e4d0-4b09-9471-d84532659de5:market_agent:market_report:claim:39,market_agent,4. Bollinger Bands (Volatility Envelope),38,"However, in a downtrend, price can ride the lower band for extended periods, so this alone is not a buy signal.",neutral,0.4,"However, in a downtrend, price can ride the lower band for extended periods, so this alone is not a buy signal.",analytical,neutral_or_unknown,True,,SUBSTANTIVE,NONE,dupgroup_7b170a7c1bd3,,,,False,False,False,False
e434f80b-e4d0-4b09-9471-d84532659de5,e434f80b-e4d0-4b09-9471-d84532659de5:market_agent:market_report:claim:40,market_agent,4. Bollinger Bands (Volatility Envelope),39,"The bands are relatively wide (upper-lower spread of $27), reflecting elevated volatility.",unknown,0.75,"The bands are relatively wide (upper-lower spread of $27), reflecting elevated volatility.",analytical,neutral_or_unknown,True,,SUBSTANTIVE,NONE,dupgroup_776cb07689d0,,,,False,False,False,False
e434f80b-e4d0-4b09-9471-d84532659de5,e434f80b-e4d0-4b09-9471-d84532659de5:market_agent:market_report:claim:41,market_agent,4. Bollinger Bands (Volatility Envelope),40,The middle band at $203 is now acting as resistance.,unknown,0.6,The middle band at $203 is now acting as resistance.,context_only,neutral_or_unknown,False,context_only_default_hidden,CONTEXT_ONLY,NONE,dupgroup_92273202e3ab,,,,False,False,False,False
e434f80b-e4d0-4b09-9471-d84532659de5,e434f80b-e4d0-4b09-9471-d84532659de5:market_agent:market_report:claim:42,market_agent,5. ATR (Volatility),41,"ATR is at 7.51, down from a peak of 8.56 in early June.",unknown,0.4,"ATR is at 7.51, down from a peak of 8.56 in early June.",context_only,neutral_or_unknown,False,context_only_default_hidden,CONTEXT_ONLY,NONE,dupgroup_cf916dfb3492,,,,False,False,False,False
e434f80b-e4d0-4b09-9471-d84532659de5,e434f80b-e4d0-4b09-9471-d84532659de5:market_agent:market_report:claim:43,market_agent,5. ATR (Volatility),42,"Volatility is moderate and slightly declining, which is typical of a corrective phase.",unknown,0.4,"Volatility is moderate and slightly declining, which is typical of a corrective phase.",analytical,neutral_or_unknown,True,,SUBSTANTIVE,NONE,dupgroup_a6efe31a8ec6,,,,False,False,False,False
e434f80b-e4d0-4b09-9471-d84532659de5,e434f80b-e4d0-4b09-9471-d84532659de5:market_agent:market_report:claim:44,market_agent,5. ATR (Volatility),43,"For risk management: a 2× ATR stop would be roughly $15 below current price ($180), while a 1× ATR stop would be $7.5 below ($187.5).",negative,0.75,"For risk management: a 2× ATR stop would be roughly $15 below current price ($180), while a 1× ATR stop would be $7.5 below ($187.5).",analytical,negative,True,,SUBSTANTIVE,NONE,dupgroup_07ecd222e236,,,,False,False,False,False
e434f80b-e4d0-4b09-9471-d84532659de5,e434f80b-e4d0-4b09-9471-d84532659de5:market_agent:market_report:claim:45,market_agent,5. ATR (Volatility),44,"The declining ATR suggests the sharpest part of the sell-off may be moderating, though it does not yet signal a reversal.",neutral,0.4,"The declining ATR suggests the sharpest part of the sell-off may be moderating, though it does not yet signal a reversal.",analytical,neutral_or_unknown,True,,SUBSTANTIVE,NONE,dupgroup_e84696a240ca,,,,False,False,False,False
e434f80b-e4d0-4b09-9471-d84532659de5,e434f80b-e4d0-4b09-9471-d84532659de5:market_agent:market_report:claim:46,market_agent,6. VWMA (Volume-Weighted Trend),45,"VWMA is at $203.81, well above the current price of $195.04.",unknown,0.6,"VWMA is at $203.81, well above the current price of $195.04.",context_only,neutral_or_unknown,False,context_only_default_hidden,CONTEXT_ONLY,NONE,dupgroup_2d0abccff087,,,,False,False,False,False
e434f80b-e4d0-4b09-9471-d84532659de5,e434f80b-e4d0-4b09-9471-d84532659de5:market_agent:market_report:claim:47,market_agent,6. VWMA (Volume-Weighted Trend),46,Price trading below VWMA confirms that distribution pressure (selling on higher volume) has been dominant.,negative,0.4,Price trading below VWMA confirms that distribution pressure (selling on higher volume) has been dominant.,analytical,negative,True,,SUBSTANTIVE,NONE,dupgroup_b8ec03c90d1b,,,,False,False,False,False
e434f80b-e4d0-4b09-9471-d84532659de5,e434f80b-e4d0-4b09-9471-d84532659de5:market_agent:market_report:claim:48,market_agent,6. VWMA (Volume-Weighted Trend),47,"The VWMA has been declining from $220 in early June to $203.8 today, confirming that the volume-weighted trend has turned down.",unknown,0.75,"The VWMA has been declining from $220 in early June to $203.8 today, confirming that the volume-weighted trend has turned down.",analytical,neutral_or_unknown,True,,SUBSTANTIVE,NONE,dupgroup_d204f69f8a7f,,,,False,False,False,False
e434f80b-e4d0-4b09-9471-d84532659de5,e434f80b-e4d0-4b09-9471-d84532659de5:market_agent:market_report:claim:49,market_agent,6. VWMA (Volume-Weighted Trend),48,This aligns with the MACD and moving average signals.,unknown,0.25,This aligns with the MACD and moving average signals.,context_only,neutral_or_unknown,False,context_only_default_hidden,CONTEXT_ONLY,NONE,dupgroup_1f023f102701,,,,False,False,False,False
e434f80b-e4d0-4b09-9471-d84532659de5,e434f80b-e4d0-4b09-9471-d84532659de5:market_agent:market_report:claim:50,market_agent,Price Action Context (Recent Closes),49,Reviewing the last 30 trading days from the verified snapshot:,unknown,0.4,Reviewing the last 30 trading days from the verified snapshot:,context_only,neutral_or_unknown,False,context_only_default_hidden,CONTEXT_ONLY,NONE,dupgroup_e0adf1bc8921,,,,False,False,False,False
e434f80b-e4d0-4b09-9471-d84532659de5,e434f80b-e4d0-4b09-9471-d84532659de5:market_agent:market_report:claim:51,market_agent,Price Action Context (Recent Closes),50,NVDA peaked around $212.50 on July 15 and $212.06 on July 22.,unknown,0.6,NVDA peaked around $212.50 on July 15 and $212.06 on July 22.,context_only,neutral_or_unknown,False,context_only_default_hidden,CONTEXT_ONLY,NONE,dupgroup_0ecbd74b00a5,,,,False,False,False,False
e434f80b-e4d0-4b09-9471-d84532659de5,e434f80b-e4d0-4b09-9471-d84532659de5:market_agent:market_report:claim:52,market_agent,Price Action Context (Recent Closes),51,"Since then, the stock has declined to $190.01 on July 29 (a low), before a modest bounce to $195.04 on July 30.",negative,0.75,"Since then, the stock has declined to $190.01 on July 29 (a low), before a modest bounce to $195.04 on July 30.",analytical,negative,True,,SUBSTANTIVE,NONE,dupgroup_77f69b43e451,,,,False,False,False,False
e434f80b-e4d0-4b09-9471-d84532659de5,e434f80b-e4d0-4b09-9471-d84532659de5:market_agent:market_report:claim:53,market_agent,Price Action Context (Recent Closes),52,"The July 27-29 period saw a sharp acceleration lower (from $206.84 on July 24 to $190.01 on July 29), a 8% drawdown in three sessions.",unknown,0.75,"The July 27-29 period saw a sharp acceleration lower (from $206.84 on July 24 to $190.01 on July 29), a 8% drawdown in three sessions.",analytical,neutral_or_unknown,True,,SUBSTANTIVE,NONE,dupgroup_6ca433ea91ac,,,,False,False,False,False
e434f80b-e4d0-4b09-9471-d84532659de5,e434f80b-e4d0-4b09-9471-d84532659de5:market_agent:market_report:claim:54,market_agent,Price Action Context (Recent Closes),53,"The July 30 close of $195.04 represents a partial recovery off the July 29 low, but the stock remains well below its mid-July highs.",unknown,0.75,"The July 30 close of $195.04 represents a partial recovery off the July 29 low, but the stock remains well below its mid-July highs.",analytical,neutral_or_unknown,True,,SUBSTANTIVE,NONE,dupgroup_d0224eee6c18,,,,False,False,False,False
e434f80b-e4d0-4b09-9471-d84532659de5,e434f80b-e4d0-4b09-9471-d84532659de5:market_agent:market_report:claim:55,market_agent,Price Action Context (Recent Closes),54,"The stock has been in a broad range since late June, oscillating between roughly $190 and $212, with the current position near the bottom of that range.",unknown,0.75,"The stock has been in a broad range since late June, oscillating between roughly $190 and $212, with the current position near the bottom of that range.",context_only,neutral_or_unknown,False,context_only_default_hidden,CONTEXT_ONLY,NONE,dupgroup_6aa71e5db200,,,,False,False,False,False
e434f80b-e4d0-4b09-9471-d84532659de5,e434f80b-e4d0-4b09-9471-d84532659de5:market_agent:market_report:claim:56,market_agent,Key Levels & Scenarios,55,$192.86 – 200-day SMA (critical long-term support),unknown,0.6,$192.86 – 200-day SMA (critical long-term support),analytical,neutral_or_unknown,True,,SUBSTANTIVE,NONE,dupgroup_9c531449a7a6,,,,False,False,False,False
e434f80b-e4d0-4b09-9471-d84532659de5,e434f80b-e4d0-4b09-9471-d84532659de5:market_agent:market_report:claim:57,market_agent,Key Levels & Scenarios,56,$189.47 – Lower Bollinger Band,unknown,0.6,$189.47 – Lower Bollinger Band,analytical,neutral_or_unknown,True,,SUBSTANTIVE,NONE,dupgroup_898eafde2c4f,,,,False,False,False,False
e434f80b-e4d0-4b09-9471-d84532659de5,e434f80b-e4d0-4b09-9471-d84532659de5:market_agent:market_report:claim:58,market_agent,Key Levels & Scenarios,57,$190.01 – July 29 swing low,unknown,0.6,$190.01 – July 29 swing low,context_only,neutral_or_unknown,False,context_only_default_hidden,CONTEXT_ONLY,NONE,dupgroup_263d3876464d,,,,False,False,False,False
e434f80b-e4d0-4b09-9471-d84532659de5,e434f80b-e4d0-4b09-9471-d84532659de5:market_agent:market_report:claim:59,market_agent,Key Levels & Scenarios,58,$200.01 – 10-day EMA (first resistance),unknown,0.6,$200.01 – 10-day EMA (first resistance),context_only,neutral_or_unknown,False,context_only_default_hidden,CONTEXT_ONLY,NONE,dupgroup_4536307a657e,,,,False,False,False,False
e434f80b-e4d0-4b09-9471-d84532659de5,e434f80b-e4d0-4b09-9471-d84532659de5:market_agent:market_report:claim:60,market_agent,Key Levels & Scenarios,59,$203.00 – Bollinger middle band / $203.81 VWMA,unknown,0.6,$203.00 – Bollinger middle band / $203.81 VWMA,context_only,neutral_or_unknown,False,context_only_default_hidden,CONTEXT_ONLY,NONE,dupgroup_765924aedd2d,,,,False,False,False,False
e434f80b-e4d0-4b09-9471-d84532659de5,e434f80b-e4d0-4b09-9471-d84532659de5:market_agent:market_report:claim:61,market_agent,Key Levels & Scenarios,60,$206.52 – 50-day SMA (major resistance),unknown,0.6,$206.52 – 50-day SMA (major resistance),context_only,neutral_or_unknown,False,context_only_default_hidden,CONTEXT_ONLY,NONE,dupgroup_0a4039bd0d77,,,,False,False,False,False
e434f80b-e4d0-4b09-9471-d84532659de5,e434f80b-e4d0-4b09-9471-d84532659de5:market_agent:market_report:claim:62,market_agent,Key Levels & Scenarios,61,"Bullish Scenario: If NVDA holds above the 200 SMA ($192.86) and the lower Bollinger Band ($189.47), a technical bounce toward the 10 EMA ($200) and then the 50 SMA ($206.5) is plausible.",positive,0.75,"Bullish Scenario: If NVDA holds above the 200 SMA ($192.86) and the lower Bollinger Band ($189.47), a technical bounce toward the 10 EMA ($200) and then the 50 SMA ($206.5) is plausible.",analytical,positive,True,,SUBSTANTIVE,NONE,dupgroup_19e495ebdb33,,,,False,False,False,False
e434f80b-e4d0-4b09-9471-d84532659de5,e434f80b-e4d0-4b09-9471-d84532659de5:market_agent:market_report:claim:63,market_agent,Key Levels & Scenarios,62,A reclaim of the 50 SMA would signal the correction is over and the medium-term uptrend has resumed.,unknown,0.55,A reclaim of the 50 SMA would signal the correction is over and the medium-term uptrend has resumed.,analytical,neutral_or_unknown,True,,SUBSTANTIVE,NONE,dupgroup_92f498aca939,,,,False,False,False,False
e434f80b-e4d0-4b09-9471-d84532659de5,e434f80b-e4d0-4b09-9471-d84532659de5:market_agent:market_report:claim:64,market_agent,Key Levels & Scenarios,63,Bearish Scenario: A decisive break below the 200 SMA ($192.86) and the lower Bollinger Band ($189.47) would signal a breakdown of the long-term uptrend.,negative,0.75,Bearish Scenario: A decisive break below the 200 SMA ($192.86) and the lower Bollinger Band ($189.47) would signal a breakdown of the long-term uptrend.,analytical,negative,True,,SUBSTANTIVE,NONE,dupgroup_50e08c1c1912,,,,False,False,False,False
e434f80b-e4d0-4b09-9471-d84532659de5,e434f80b-e4d0-4b09-9471-d84532659de5:market_agent:market_report:claim:65,market_agent,Key Levels & Scenarios,64,The next support would be the psychological $180 level (also near a 2× ATR stop).,unknown,0.75,The next support would be the psychological $180 level (also near a 2× ATR stop).,analytical,neutral_or_unknown,True,,SUBSTANTIVE,NONE,dupgroup_e49abbb0a2d0,,,,False,False,False,False
e434f80b-e4d0-4b09-9471-d84532659de5,e434f80b-e4d0-4b09-9471-d84532659de5:market_agent:market_report:claim:66,market_agent,Key Levels & Scenarios,65,This would be a significant negative development given the 200 SMA has been rising steadily.,negative,0.55,This would be a significant negative development given the 200 SMA has been rising steadily.,analytical,negative,True,,SUBSTANTIVE,NONE,dupgroup_bcd5c05d4769,,,,False,False,False,False
e434f80b-e4d0-4b09-9471-d84532659de5,e434f80b-e4d0-4b09-9471-d84532659de5:market_agent:market_report:claim:67,market_agent,Actionable Insights,66,"Trend status: Short-term bearish, medium-term corrective, long-term still bullish (price above rising 200 SMA).",neutral,0.55,"Trend status: Short-term bearish, medium-term corrective, long-term still bullish (price above rising 200 SMA).",analytical,neutral_or_unknown,True,,SUBSTANTIVE,NONE,dupgroup_b7ecef4468ae,,,,False,False,False,False
e434f80b-e4d0-4b09-9471-d84532659de5,e434f80b-e4d0-4b09-9471-d84532659de5:market_agent:market_report:claim:68,market_agent,Actionable Insights,67,"This is a ""buy-the-dip candidate"" only if the 200 SMA holds.",positive,0.4,"This is a ""buy-the-dip candidate"" only if the 200 SMA holds.",analytical,positive,True,,SUBSTANTIVE,NONE,dupgroup_2cff530f31d7,,,,False,False,False,False
e434f80b-e4d0-4b09-9471-d84532659de5,e434f80b-e4d0-4b09-9471-d84532659de5:market_agent:market_report:claim:69,market_agent,Actionable Insights,68,Momentum: MACD and RSI both confirm weakness.,unknown,0.25,Momentum: MACD and RSI both confirm weakness.,analytical,neutral_or_unknown,True,,SUBSTANTIVE,NONE,dupgroup_d0f9d742c7f1,,,,False,False,False,False
e434f80b-e4d0-4b09-9471-d84532659de5,e434f80b-e4d0-4b09-9471-d84532659de5:market_agent:market_report:claim:70,market_agent,Actionable Insights,69,No bullish divergence or crossover yet.,positive,0.25,No bullish divergence or crossover yet.,analytical,positive,True,,SUBSTANTIVE,NONE,dupgroup_55e4364a8e40,,,,False,False,False,False
e434f80b-e4d0-4b09-9471-d84532659de5,e434f80b-e4d0-4b09-9471-d84532659de5:market_agent:market_report:claim:71,market_agent,Actionable Insights,70,Wait for MACD histogram to begin contracting (less negative) or an RSI reclaim of 50 before considering long entries.,negative,0.55,Wait for MACD histogram to begin contracting (less negative) or an RSI reclaim of 50 before considering long entries.,analytical,negative,True,,SUBSTANTIVE,NONE,dupgroup_79fc1a04c3d3,,,,False,False,False,False
e434f80b-e4d0-4b09-9471-d84532659de5,e434f80b-e4d0-4b09-9471-d84532659de5:market_agent:market_report:claim:72,market_agent,Actionable Insights,71,Volatility: ATR at 7.51 suggests using wider stops ($15) to avoid being shaken out during the corrective phase.,unknown,0.75,Volatility: ATR at 7.51 suggests using wider stops ($15) to avoid being shaken out during the corrective phase.,analytical,neutral_or_unknown,True,,SUBSTANTIVE,NONE,dupgroup_d884540c094f,,,,False,False,False,False
e434f80b-e4d0-4b09-9471-d84532659de5,e434f80b-e4d0-4b09-9471-d84532659de5:market_agent:market_report:claim:73,market_agent,Actionable Insights,72,Position sizing should account for this elevated volatility.,unknown,0.25,Position sizing should account for this elevated volatility.,analytical,neutral_or_unknown,True,,SUBSTANTIVE,NONE,dupgroup_c8471c3a6bab,,,,False,False,False,False
e434f80b-e4d0-4b09-9471-d84532659de5,e434f80b-e4d0-4b09-9471-d84532659de5:market_agent:market_report:claim:74,market_agent,Actionable Insights,73,Volume: Price below VWMA confirms distribution.,unknown,0.25,Volume: Price below VWMA confirms distribution.,analytical,neutral_or_unknown,True,,SUBSTANTIVE,NONE,dupgroup_6cd1dfbb9b5a,,,,False,False,False,False
e434f80b-e4d0-4b09-9471-d84532659de5,e434f80b-e4d0-4b09-9471-d84532659de5:market_agent:market_report:claim:75,market_agent,Actionable Insights,74,A reversal would need to see price reclaim VWMA ($203.8) on expanding volume.,unknown,0.6,A reversal would need to see price reclaim VWMA ($203.8) on expanding volume.,analytical,neutral_or_unknown,True,,SUBSTANTIVE,NONE,dupgroup_a1a8bdda80d4,,,,False,False,False,False
e434f80b-e4d0-4b09-9471-d84532659de5,e434f80b-e4d0-4b09-9471-d84532659de5:market_agent:market_report:claim:76,market_agent,Actionable Insights,75,Risk management: The critical invalidation level is the 200 SMA at $192.86 combined with the lower Bollinger Band at $189.47.,negative,0.75,Risk management: The critical invalidation level is the 200 SMA at $192.86 combined with the lower Bollinger Band at $189.47.,analytical,negative,True,,SUBSTANTIVE,NONE,dupgroup_b357243cbbc5,,,,False,False,False,False
e434f80b-e4d0-4b09-9471-d84532659de5,e434f80b-e4d0-4b09-9471-d84532659de5:market_agent:market_report:claim:77,market_agent,Actionable Insights,76,A daily close below this zone would warrant defensive positioning.,unknown,0.25,A daily close below this zone would warrant defensive positioning.,analytical,neutral_or_unknown,True,,SUBSTANTIVE,NONE,dupgroup_3ed30014bbe7,,,,False,False,False,False
e434f80b-e4d0-4b09-9471-d84532659de5,e434f80b-e4d0-4b09-9471-d84532659de5:market_agent:market_report:claim:78,market_agent,Actionable Insights,77,"Watch for: A bullish MACD crossover, RSI reclaiming 50, and price reclaiming the 10 EMA ($200) as the first signs of stabilization.",positive,0.75,"Watch for: A bullish MACD crossover, RSI reclaiming 50, and price reclaiming the 10 EMA ($200) as the first signs of stabilization.",analytical,positive,True,,SUBSTANTIVE,NONE,dupgroup_035ca706c2bb,,,,False,False,False,False
e434f80b-e4d0-4b09-9471-d84532659de5,e434f80b-e4d0-4b09-9471-d84532659de5:market_agent:market_report:claim:79,market_agent,Actionable Insights,78,The 50 SMA ($206.5) is the key level to confirm trend resumption.,unknown,0.6,The 50 SMA ($206.5) is the key level to confirm trend resumption.,analytical,neutral_or_unknown,True,,SUBSTANTIVE,NONE,dupgroup_02fbba46c4bc,,,,False,False,False,False
e434f80b-e4d0-4b09-9471-d84532659de5,e434f80b-e4d0-4b09-9471-d84532659de5:market_agent:market_report:claim:80,market_agent,Summary Table,79,Indicator: Price; Value (07/30): $195.04; Signal: Below 10 EMA & 50 SMA; Interpretation: Short-term downtrend,unknown,0.75,Indicator: Price; Value (07/30): $195.04; Signal: Below 10 EMA & 50 SMA; Interpretation: Short-term downtrend,context_only,neutral_or_unknown,False,context_only_default_hidden,CONTEXT_ONLY,NONE,dupgroup_22e102b185e8,,,,False,False,False,False
e434f80b-e4d0-4b09-9471-d84532659de5,e434f80b-e4d0-4b09-9471-d84532659de5:market_agent:market_report:claim:81,market_agent,Summary Table,80,Indicator: 10 EMA; Value (07/30): $200.01; Signal: Resistance; Interpretation: First overhead hurdle,unknown,0.75,Indicator: 10 EMA; Value (07/30): $200.01; Signal: Resistance; Interpretation: First overhead hurdle,context_only,neutral_or_unknown,False,context_only_default_hidden,CONTEXT_ONLY,NONE,dupgroup_b04953979963,,,,False,False,False,False
e434f80b-e4d0-4b09-9471-d84532659de5,e434f80b-e4d0-4b09-9471-d84532659de5:market_agent:market_report:claim:82,market_agent,Summary Table,81,Indicator: 50 SMA; Value (07/30): $206.52; Signal: Resistance; Interpretation: Medium-term trend broken,unknown,0.75,Indicator: 50 SMA; Value (07/30): $206.52; Signal: Resistance; Interpretation: Medium-term trend broken,context_only,neutral_or_unknown,False,context_only_default_hidden,CONTEXT_ONLY,NONE,dupgroup_bf61222a3fd9,,,,False,False,False,False
e434f80b-e4d0-4b09-9471-d84532659de5,e434f80b-e4d0-4b09-9471-d84532659de5:market_agent:market_report:claim:83,market_agent,Summary Table,82,Indicator: 200 SMA; Value (07/30): $192.86; Signal: Support; Interpretation: Long-term trend intact (above),unknown,0.75,Indicator: 200 SMA; Value (07/30): $192.86; Signal: Support; Interpretation: Long-term trend intact (above),analytical,neutral_or_unknown,True,,SUBSTANTIVE,NONE,dupgroup_2abcb7cd8bdd,,,,False,False,False,False
e434f80b-e4d0-4b09-9471-d84532659de5,e434f80b-e4d0-4b09-9471-d84532659de5:market_agent:market_report:claim:84,market_agent,Summary Table,83,Indicator: MACD; Value (07/30): -2.11 / hist -1.37; Signal: Bearish; Interpretation: Negative & expanding momentum,negative,0.55,Indicator: MACD; Value (07/30): -2.11 / hist -1.37; Signal: Bearish; Interpretation: Negative & expanding momentum,analytical,negative,True,,SUBSTANTIVE,NONE,dupgroup_cdf28e93dd92,,,,False,False,False,False
e434f80b-e4d0-4b09-9471-d84532659de5,e434f80b-e4d0-4b09-9471-d84532659de5:market_agent:market_report:claim:85,market_agent,Summary Table,84,Indicator: RSI; Value (07/30): 43.09; Signal: Neutral-weak; Interpretation: Not yet oversold,neutral,0.55,Indicator: RSI; Value (07/30): 43.09; Signal: Neutral-weak; Interpretation: Not yet oversold,analytical,neutral_or_unknown,True,,SUBSTANTIVE,NONE,dupgroup_7dab0b01a329,,,,False,False,False,False
e434f80b-e4d0-4b09-9471-d84532659de5,e434f80b-e4d0-4b09-9471-d84532659de5:market_agent:market_report:claim:86,market_agent,Summary Table,85,Indicator: Bollinger; Value (07/30): Mid $203 / LB $189.47; Signal: Near lower band; Interpretation: Approaching oversold zone,unknown,0.75,Indicator: Bollinger; Value (07/30): Mid $203 / LB $189.47; Signal: Near lower band; Interpretation: Approaching oversold zone,analytical,neutral_or_unknown,True,,SUBSTANTIVE,NONE,dupgroup_9fff6c8236ad,,,,False,False,False,False
e434f80b-e4d0-4b09-9471-d84532659de5,e434f80b-e4d0-4b09-9471-d84532659de5:market_agent:market_report:claim:87,market_agent,Summary Table,86,"Indicator: ATR; Value (07/30): 7.51; Signal: Moderate; Interpretation: Elevated volatility, use wider stops",unknown,0.55,"Indicator: ATR; Value (07/30): 7.51; Signal: Moderate; Interpretation: Elevated volatility, use wider stops",analytical,neutral_or_unknown,True,,SUBSTANTIVE,NONE,dupgroup_58752527d107,,,,False,False,False,False
e434f80b-e4d0-4b09-9471-d84532659de5,e434f80b-e4d0-4b09-9471-d84532659de5:market_agent:market_report:claim:88,market_agent,Summary Table,87,Indicator: VWMA; Value (07/30): $203.81; Signal: Bearish; Interpretation: Price below volume-weighted trend,negative,0.75,Indicator: VWMA; Value (07/30): $203.81; Signal: Bearish; Interpretation: Price below volume-weighted trend,analytical,negative,True,,SUBSTANTIVE,NONE,dupgroup_9ecb705af344,,,,False,False,False,False
e434f80b-e4d0-4b09-9471-d84532659de5,e434f80b-e4d0-4b09-9471-d84532659de5:market_agent:market_report:claim:89,market_agent,Summary Table,88,Overall Assessment: NVDA is in a corrective pullback within a longer-term uptrend.,unknown,0.4,Overall Assessment: NVDA is in a corrective pullback within a longer-term uptrend.,context_only,neutral_or_unknown,False,context_only_default_hidden,CONTEXT_ONLY,NONE,dupgroup_c17a601195bb,,,,False,False,False,False
e434f80b-e4d0-4b09-9471-d84532659de5,e434f80b-e4d0-4b09-9471-d84532659de5:market_agent:market_report:claim:90,market_agent,Summary Table,89,The stock is testing critical support at the 200-day SMA ($192.86) and lower Bollinger Band ($189.47).,unknown,0.75,The stock is testing critical support at the 200-day SMA ($192.86) and lower Bollinger Band ($189.47).,analytical,neutral_or_unknown,True,,SUBSTANTIVE,NONE,dupgroup_2c420af8540d,,,,False,False,False,False
e434f80b-e4d0-4b09-9471-d84532659de5,e434f80b-e4d0-4b09-9471-d84532659de5:market_agent:market_report:claim:91,market_agent,Summary Table,90,Momentum remains bearish with no reversal signals yet.,negative,0.25,Momentum remains bearish with no reversal signals yet.,analytical,negative,True,,SUBSTANTIVE,NONE,dupgroup_3511a38eb383,,,,False,False,False,False
e434f80b-e4d0-4b09-9471-d84532659de5,e434f80b-e4d0-4b09-9471-d84532659de5:market_agent:market_report:claim:92,market_agent,Summary Table,91,"Traders should watch for stabilization at the 200 SMA and a reclaim of the 10 EMA ($200) as the first constructive signals, with the 50 SMA ($206.5) confirming trend resumption.",unknown,0.75,"Traders should watch for stabilization at the 200 SMA and a reclaim of the 10 EMA ($200) as the first constructive signals, with the 50 SMA ($206.5) confirming trend resumption.",analytical,neutral_or_unknown,True,,SUBSTANTIVE,NONE,dupgroup_387aabcff3ee,,,,False,False,False,False
e434f80b-e4d0-4b09-9471-d84532659de5,e434f80b-e4d0-4b09-9471-d84532659de5:market_agent:market_report:claim:93,market_agent,Summary Table,92,A decisive break below $189.47 would invalidate the bullish long-term structure and warrant defensive action.,positive,0.75,A decisive break below $189.47 would invalidate the bullish long-term structure and warrant defensive action.,analytical,positive,True,,SUBSTANTIVE,NONE,dupgroup_5b36ea1a8488,,,,False,False,False,False
e434f80b-e4d0-4b09-9471-d84532659de5,e434f80b-e4d0-4b09-9471-d84532659de5:sentiment_agent:sentiment_report:claim:1,sentiment_agent,,0,Overall Sentiment: Mildly Bullish (Score: 6.2/10) Confidence: Medium,positive,0.4,Overall Sentiment: Mildly Bullish (Score: 6.2/10) Confidence: Medium,analytical,positive,True,,SUBSTANTIVE,NONE,dupgroup_398da7473501,,A601,,True,True,False,False
e434f80b-e4d0-4b09-9471-d84532659de5,e434f80b-e4d0-4b09-9471-d84532659de5:sentiment_agent:sentiment_report:claim:2,sentiment_agent,"News Headlines (Yahoo Finance, past 7 days)",1,The institutional news flow is mixed-to-cautiously-constructive.,neutral,0.25,The institutional news flow is mixed-to-cautiously-constructive.,context_only,neutral_or_unknown,False,context_only_default_hidden,CONTEXT_ONLY,NONE,dupgroup_8aa61983f080,,,,False,False,False,False
e434f80b-e4d0-4b09-9471-d84532659de5,e434f80b-e4d0-4b09-9471-d84532659de5:sentiment_agent:sentiment_report:claim:3,sentiment_agent,"News Headlines (Yahoo Finance, past 7 days)",2,The most NVDA-relevant headline is the Motley Fool piece on Jensen Huang personally joining a closed-door Morgan Stanley roadshow to address three investor concerns — yet NVDA stock is down 4% since he spoke.,unknown,0.75,The most NVDA-relevant headline is the Motley Fool piece on Jensen Huang personally joining a closed-door Morgan Stanley roadshow to address three investor concerns — yet NVDA stock is down 4% since he spoke.,analytical,neutral_or_unknown,True,,SUBSTANTIVE,NONE,dupgroup_d5ca86f20327,,,,False,False,False,False
e434f80b-e4d0-4b09-9471-d84532659de5,e434f80b-e4d0-4b09-9471-d84532659de5:sentiment_agent:sentiment_report:claim:4,sentiment_agent,"News Headlines (Yahoo Finance, past 7 days)",3,"This is a notable divergence: management is actively engaging investors, but the market has not rewarded the effort in the short term.",neutral,0.4,"This is a notable divergence: management is actively engaging investors, but the market has not rewarded the effort in the short term.",analytical,neutral_or_unknown,True,,SUBSTANTIVE,NONE,dupgroup_970e660ba330,,,,False,False,False,False
e434f80b-e4d0-4b09-9471-d84532659de5,e434f80b-e4d0-4b09-9471-d84532659de5:sentiment_agent:sentiment_report:claim:5,sentiment_agent,"News Headlines (Yahoo Finance, past 7 days)",4,"A second Motley Fool piece frames the recent AI-chip selloff as a buying opportunity in Nvidia and Micron, citing intact long-term demand drivers for advanced GPUs and AI memory.",neutral,0.4,"A second Motley Fool piece frames the recent AI-chip selloff as a buying opportunity in Nvidia and Micron, citing intact long-term demand drivers for advanced GPUs and AI memory.",analytical,neutral_or_unknown,True,,SUBSTANTIVE,NONE,dupgroup_cb4d62d58ee2,,,,False,False,False,False
e434f80b-e4d0-4b09-9471-d84532659de5,e434f80b-e4d0-4b09-9471-d84532659de5:sentiment_agent:sentiment_report:claim:6,sentiment_agent,"News Headlines (Yahoo Finance, past 7 days)",5,"Supporting context comes from Microsoft's record $41B AI infrastructure spend with accelerating Azure growth, and Qualcomm's CFO highlighting AI data centers as a segment strength.",positive,0.75,"Supporting context comes from Microsoft's record $41B AI infrastructure spend with accelerating Azure growth, and Qualcomm's CFO highlighting AI data centers as a segment strength.",analytical,positive,True,,SUBSTANTIVE,NONE,dupgroup_9b92b0ffd2ed,AI Infrastructure,,,False,False,False,False
e434f80b-e4d0-4b09-9471-d84532659de5,e434f80b-e4d0-4b09-9471-d84532659de5:sentiment_agent:sentiment_report:claim:7,sentiment_agent,"News Headlines (Yahoo Finance, past 7 days)",6,"The broader tape is dominated by unrelated earnings-call summaries (Group 1 Automotive, Exelon, etc.), which are noise for NVDA.",unknown,0.55,"The broader tape is dominated by unrelated earnings-call summaries (Group 1 Automotive, Exelon, etc.), which are noise for NVDA.",context_only,neutral_or_unknown,False,context_only_default_hidden,CONTEXT_ONLY,NONE,dupgroup_11dcea6936ea,,,,False,False,False,False
e434f80b-e4d0-4b09-9471-d84532659de5,e434f80b-e4d0-4b09-9471-d84532659de5:sentiment_agent:sentiment_report:claim:8,sentiment_agent,"News Headlines (Yahoo Finance, past 7 days)",7,Net: institutional framing is constructive on the long-term AI demand thesis but acknowledges near-term price weakness.,unknown,0.4,Net: institutional framing is constructive on the long-term AI demand thesis but acknowledges near-term price weakness.,analytical,neutral_or_unknown,True,,SUBSTANTIVE,NONE,dupgroup_c0c31dc3daa5,AI Demand,,,False,False,False,False
e434f80b-e4d0-4b09-9471-d84532659de5,e434f80b-e4d0-4b09-9471-d84532659de5:sentiment_agent:sentiment_report:claim:9,sentiment_agent,StockTwits (30 most-recent messages),8,Retail sentiment is strongly bullish.,positive,0.35,Retail sentiment is strongly bullish.,analytical,positive,True,,SUBSTANTIVE,NONE,dupgroup_37e08d2db809,,A601,,True,True,False,False
e434f80b-e4d0-4b09-9471-d84532659de5,e434f80b-e4d0-4b09-9471-d84532659de5:sentiment_agent:sentiment_report:claim:10,sentiment_agent,StockTwits (30 most-recent messages),9,"Of 30 messages, 15 are labeled Bullish (50%), only 2 Bearish (7%), and 13 unlabeled.",neutral,0.75,"Of 30 messages, 15 are labeled Bullish (50%), only 2 Bearish (7%), and 13 unlabeled.",analytical,neutral_or_unknown,True,,SUBSTANTIVE,NONE,dupgroup_896dc5aaf7f0,,,,False,False,False,False
e434f80b-e4d0-4b09-9471-d84532659de5,e434f80b-e4d0-4b09-9471-d84532659de5:sentiment_agent:sentiment_report:claim:11,sentiment_agent,StockTwits (30 most-recent messages),10,The bullish/bearish ratio among labeled messages is roughly 88/12 — a high but not extreme reading.,neutral,0.55,The bullish/bearish ratio among labeled messages is roughly 88/12 — a high but not extreme reading.,analytical,neutral_or_unknown,True,,SUBSTANTIVE,NONE,dupgroup_801a3f35dbaf,,,,False,False,False,False
e434f80b-e4d0-4b09-9471-d84532659de5,e434f80b-e4d0-4b09-9471-d84532659de5:sentiment_agent:sentiment_report:claim:12,sentiment_agent,StockTwits (30 most-recent messages),11,"Key themes: multiple users call the price ""stupid cheap"" and expect a move back above $200 toward $215–$230 before the 8/26 earnings report.",unknown,0.75,"Key themes: multiple users call the price ""stupid cheap"" and expect a move back above $200 toward $215–$230 before the 8/26 earnings report.",context_only,neutral_or_unknown,False,context_only_default_hidden,CONTEXT_ONLY,NONE,dupgroup_a24e994a3d6f,,,,False,False,False,False
e434f80b-e4d0-4b09-9471-d84532659de5,e434f80b-e4d0-4b09-9471-d84532659de5:sentiment_agent:sentiment_report:claim:13,sentiment_agent,StockTwits (30 most-recent messages),12,"Several cite the accelerating AI capex from Microsoft, Meta, and Amazon earnings as confirmation that ""AI capex is accelerating and no signs of slowing down."" There is notable attention on Michael Burry's short position — one user notes he has increased NVDA short exposure and added put positions wi",neutral,0.85,"Several cite the accelerating AI capex from Microsoft, Meta, and Amazon earnings as confirmation that ""AI capex is accelerating and no signs of slowing down."" There is notable attention on Michael Burry's short position — one user notes he has increased NVDA short exposure and added put positions wi",analytical,neutral_or_unknown,True,,SUBSTANTIVE,NONE,dupgroup_4f419d9599c0,AI CapEx,A101,,True,True,False,False
e434f80b-e4d0-4b09-9471-d84532659de5,e434f80b-e4d0-4b09-9471-d84532659de5:sentiment_agent:sentiment_report:claim:14,sentiment_agent,StockTwits (30 most-recent messages),13,This Burry-short narrative is a recurring counterpoint that retail largely dismisses.,unknown,0.4,This Burry-short narrative is a recurring counterpoint that retail largely dismisses.,context_only,neutral_or_unknown,False,context_only_default_hidden,CONTEXT_ONLY,NONE,dupgroup_2eddf11d976a,,,,False,False,False,False
e434f80b-e4d0-4b09-9471-d84532659de5,e434f80b-e4d0-4b09-9471-d84532659de5:sentiment_agent:sentiment_report:claim:15,sentiment_agent,StockTwits (30 most-recent messages),14,"Positive Asia news (Samsung, SK Hynix memory strength, KOSPI jumping 14%) is cited as a tailwind.",positive,0.75,"Positive Asia news (Samsung, SK Hynix memory strength, KOSPI jumping 14%) is cited as a tailwind.",analytical,positive,True,,SUBSTANTIVE,NONE,dupgroup_5b6ee2570446,,,,False,False,False,False
e434f80b-e4d0-4b09-9471-d84532659de5,e434f80b-e4d0-4b09-9471-d84532659de5:sentiment_agent:sentiment_report:claim:16,sentiment_agent,StockTwits (30 most-recent messages),15,"The two bearish messages are low-substance (""fake pump retards,"" ""you still got a long ways to go from $206"").",negative,0.75,"The two bearish messages are low-substance (""fake pump retards,"" ""you still got a long ways to go from $206"").",analytical,negative,True,,SUBSTANTIVE,NONE,dupgroup_d9b0e986a1b3,,,,False,False,False,False
e434f80b-e4d0-4b09-9471-d84532659de5,e434f80b-e4d0-4b09-9471-d84532659de5:sentiment_agent:sentiment_report:claim:17,sentiment_agent,StockTwits (30 most-recent messages),16,"Overall this is a confident, momentum-chasing retail crowd leaning into the AI thesis.",unknown,0.4,"Overall this is a confident, momentum-chasing retail crowd leaning into the AI thesis.",context_only,neutral_or_unknown,False,context_only_default_hidden,CONTEXT_ONLY,NONE,dupgroup_81d51cb7838a,,,,False,False,False,False
e434f80b-e4d0-4b09-9471-d84532659de5,e434f80b-e4d0-4b09-9471-d84532659de5:sentiment_agent:sentiment_report:claim:18,sentiment_agent,"Reddit (r/wallstreetbets, r/stocks, r/investing)",17,Reddit coverage is sparse but directionally supportive.,unknown,0.25,Reddit coverage is sparse but directionally supportive.,analytical,neutral_or_unknown,True,,SUBSTANTIVE,NONE,dupgroup_6332573e8c49,,,,False,False,False,False
e434f80b-e4d0-4b09-9471-d84532659de5,e434f80b-e4d0-4b09-9471-d84532659de5:sentiment_agent:sentiment_report:claim:19,sentiment_agent,"Reddit (r/wallstreetbets, r/stocks, r/investing)",18,"Only r/wallstreetbets returned posts (5), and r/stocks and r/investing returned no posts mentioning NVDA in the past 7 days — a data gap that lowers confidence.",unknown,0.75,"Only r/wallstreetbets returned posts (5), and r/stocks and r/investing returned no posts mentioning NVDA in the past 7 days — a data gap that lowers confidence.",analytical,neutral_or_unknown,True,,SUBSTANTIVE,NONE,dupgroup_5b82de6f4a3e,,,,False,False,False,False
e434f80b-e4d0-4b09-9471-d84532659de5,e434f80b-e4d0-4b09-9471-d84532659de5:sentiment_agent:sentiment_report:claim:20,sentiment_agent,"Reddit (r/wallstreetbets, r/stocks, r/investing)",19,"The most substantive WSB thread (2026-07-27) directly challenges Michael Burry's NVDA short: ""Michael Burry has been shorting NVDA since November, stock is up 30% since then.",unknown,0.75,"The most substantive WSB thread (2026-07-27) directly challenges Michael Burry's NVDA short: ""Michael Burry has been shorting NVDA since November, stock is up 30% since then.",analytical,neutral_or_unknown,True,,SUBSTANTIVE,NONE,dupgroup_24a3b19acb1a,,,,False,False,False,False
e434f80b-e4d0-4b09-9471-d84532659de5,e434f80b-e4d0-4b09-9471-d84532659de5:sentiment_agent:sentiment_report:claim:21,sentiment_agent,"Reddit (r/wallstreetbets, r/stocks, r/investing)",20,"At what point do we stop treating this guy like a prophet?"" This aligns with the StockTwits dismissal of Burry.",unknown,0.4,"At what point do we stop treating this guy like a prophet?"" This aligns with the StockTwits dismissal of Burry.",context_only,neutral_or_unknown,False,context_only_default_hidden,CONTEXT_ONLY,NONE,dupgroup_8cc2823731e4,,,,False,False,False,False
e434f80b-e4d0-4b09-9471-d84532659de5,e434f80b-e4d0-4b09-9471-d84532659de5:sentiment_agent:sentiment_report:claim:22,sentiment_agent,"Reddit (r/wallstreetbets, r/stocks, r/investing)",21,"A 2026-07-25 post references the ""SK Hynix NVDA partnership,"" echoing the memory-demand theme.",unknown,0.55,"A 2026-07-25 post references the ""SK Hynix NVDA partnership,"" echoing the memory-demand theme.",context_only,neutral_or_unknown,False,context_only_default_hidden,CONTEXT_ONLY,NONE,dupgroup_a9ca5ae0f6e0,Semiconductor Cycle,A201,,True,True,False,False
e434f80b-e4d0-4b09-9471-d84532659de5,e434f80b-e4d0-4b09-9471-d84532659de5:sentiment_agent:sentiment_report:claim:23,sentiment_agent,"Reddit (r/wallstreetbets, r/stocks, r/investing)",22,"Other posts (JPow, CME single-stock futures, a Claude trading bot) are tangential.",unknown,0.4,"Other posts (JPow, CME single-stock futures, a Claude trading bot) are tangential.",context_only,neutral_or_unknown,False,context_only_default_hidden,CONTEXT_ONLY,NONE,dupgroup_b592d2d45a2d,,,,False,False,False,False
e434f80b-e4d0-4b09-9471-d84532659de5,e434f80b-e4d0-4b09-9471-d84532659de5:sentiment_agent:sentiment_report:claim:24,sentiment_agent,"Reddit (r/wallstreetbets, r/stocks, r/investing)",23,"No engagement scores were available, so weighting by upvotes/comments was not possible.",neutral,0.4,"No engagement scores were available, so weighting by upvotes/comments was not possible.",context_only,neutral_or_unknown,False,context_only_default_hidden,CONTEXT_ONLY,NONE,dupgroup_c693083a9e2f,,,,False,False,False,False
e434f80b-e4d0-4b09-9471-d84532659de5,e434f80b-e4d0-4b09-9471-d84532659de5:sentiment_agent:sentiment_report:claim:25,sentiment_agent,2. Cross-Source Divergences and Alignments,24,"Alignment: All three sources converge on the same dominant narrative — the long-term AI demand / AI capex thesis is intact, and near-term price weakness is viewed as a buying opportunity rather than a reason to exit.",positive,0.4,"Alignment: All three sources converge on the same dominant narrative — the long-term AI demand / AI capex thesis is intact, and near-term price weakness is viewed as a buying opportunity rather than a reason to exit.",analytical,positive,True,,SUBSTANTIVE,NONE,dupgroup_dc2378cbf02d,AI Demand;AI CapEx,A601,,True,True,False,False
e434f80b-e4d0-4b09-9471-d84532659de5,e434f80b-e4d0-4b09-9471-d84532659de5:sentiment_agent:sentiment_report:claim:26,sentiment_agent,2. Cross-Source Divergences and Alignments,25,"Retail (StockTwits) and community (WSB) both lean bullish, and the news flow's ""buying opportunity"" framing supports them.",positive,0.6,"Retail (StockTwits) and community (WSB) both lean bullish, and the news flow's ""buying opportunity"" framing supports them.",analytical,positive,True,,SUBSTANTIVE,NONE,dupgroup_fbf41049a3cc,,,,False,False,False,False
e434f80b-e4d0-4b09-9471-d84532659de5,e434f80b-e4d0-4b09-9471-d84532659de5:sentiment_agent:sentiment_report:claim:27,sentiment_agent,2. Cross-Source Divergences and Alignments,26,"Divergence: The news flow is more measured — it explicitly notes NVDA is down 4% since Huang's roadshow, signaling that institutional money has not yet validated the bullish retail thesis.",neutral,0.75,"Divergence: The news flow is more measured — it explicitly notes NVDA is down 4% since Huang's roadshow, signaling that institutional money has not yet validated the bullish retail thesis.",analytical,neutral_or_unknown,True,,SUBSTANTIVE,NONE,dupgroup_7c88deb80436,,,,False,False,False,False
e434f80b-e4d0-4b09-9471-d84532659de5,e434f80b-e4d0-4b09-9471-d84532659de5:sentiment_agent:sentiment_report:claim:28,sentiment_agent,2. Cross-Source Divergences and Alignments,27,Retail is leaning into a thesis the price action hasn't confirmed.,unknown,0.35,Retail is leaning into a thesis the price action hasn't confirmed.,context_only,neutral_or_unknown,False,context_only_default_hidden,CONTEXT_ONLY,NONE,dupgroup_3a42a851552e,,,,False,False,False,False
e434f80b-e4d0-4b09-9471-d84532659de5,e434f80b-e4d0-4b09-9471-d84532659de5:sentiment_agent:sentiment_report:claim:29,sentiment_agent,2. Cross-Source Divergences and Alignments,28,"This is a classic retail-vs-price mismatch: retail is confident, but the market is not yet rewarding it.",neutral,0.4,"This is a classic retail-vs-price mismatch: retail is confident, but the market is not yet rewarding it.",analytical,neutral_or_unknown,True,,SUBSTANTIVE,NONE,dupgroup_b29eaf1b61d5,,,,False,False,False,False
e434f80b-e4d0-4b09-9471-d84532659de5,e434f80b-e4d0-4b09-9471-d84532659de5:sentiment_agent:sentiment_report:claim:30,sentiment_agent,2. Cross-Source Divergences and Alignments,29,"The Burry-short narrative appears in both StockTwits and WSB, but is overwhelmingly dismissed by retail — a contrarian flag worth noting, since Burry's positioning (puts into Dec 2026/Jan 2027) suggests some sophisticated money is betting against the near-term upside.",positive,0.65,"The Burry-short narrative appears in both StockTwits and WSB, but is overwhelmingly dismissed by retail — a contrarian flag worth noting, since Burry's positioning (puts into Dec 2026/Jan 2027) suggests some sophisticated money is betting against the near-term upside.",analytical,positive,True,,SUBSTANTIVE,NONE,dupgroup_1a71c616d013,,A601,,True,True,False,False
e434f80b-e4d0-4b09-9471-d84532659de5,e434f80b-e4d0-4b09-9471-d84532659de5:sentiment_agent:sentiment_report:claim:31,sentiment_agent,3. Dominant Narrative Themes,30,"AI capex acceleration as the core bull case — Microsoft's $41B spend, plus Meta/Amazon earnings, cited across StockTwits and news as proof the demand runway is intact.",unknown,0.75,"AI capex acceleration as the core bull case — Microsoft's $41B spend, plus Meta/Amazon earnings, cited across StockTwits and news as proof the demand runway is intact.",analytical,neutral_or_unknown,True,,SUBSTANTIVE,NONE,dupgroup_61d460ff41d0,AI CapEx,,,False,False,False,False
e434f80b-e4d0-4b09-9471-d84532659de5,e434f80b-e4d0-4b09-9471-d84532659de5:sentiment_agent:sentiment_report:claim:32,sentiment_agent,3. Dominant Narrative Themes,31,"""Buy the dip"" / ""stupid cheap"" — the recent chip selloff is framed as a buying opportunity, not a warning.",neutral,0.4,"""Buy the dip"" / ""stupid cheap"" — the recent chip selloff is framed as a buying opportunity, not a warning.",analytical,neutral_or_unknown,True,,SUBSTANTIVE,NONE,dupgroup_eb7a40bcdb36,,,,False,False,False,False
e434f80b-e4d0-4b09-9471-d84532659de5,e434f80b-e4d0-4b09-9471-d84532659de5:sentiment_agent:sentiment_report:claim:33,sentiment_agent,3. Dominant Narrative Themes,32,"Michael Burry's short as a contested signal — retail largely dismisses it, but it is the clearest bearish counter-narrative in the data.",negative,0.6,"Michael Burry's short as a contested signal — retail largely dismisses it, but it is the clearest bearish counter-narrative in the data.",analytical,negative,True,,SUBSTANTIVE,NONE,dupgroup_5a9fa54e1e4c,,,,False,False,False,False
e434f80b-e4d0-4b09-9471-d84532659de5,e434f80b-e4d0-4b09-9471-d84532659de5:sentiment_agent:sentiment_report:claim:34,sentiment_agent,3. Dominant Narrative Themes,33,"Memory / semiconductor cycle strength — SK Hynix, Samsung, and the SK Hynix-NVDA partnership point to a healthy memory cycle supporting the broader chip complex.",positive,0.4,"Memory / semiconductor cycle strength — SK Hynix, Samsung, and the SK Hynix-NVDA partnership point to a healthy memory cycle supporting the broader chip complex.",analytical,positive,True,,SUBSTANTIVE,NONE,dupgroup_82956da65ce1,Semiconductor Cycle,A201,,True,True,False,False
e434f80b-e4d0-4b09-9471-d84532659de5,e434f80b-e4d0-4b09-9471-d84532659de5:sentiment_agent:sentiment_report:claim:35,sentiment_agent,3. Dominant Narrative Themes,34,"Earnings anticipation — multiple StockTwits users anchor on the 8/26 earnings report as the next catalyst, expecting a rally off a ""double beat.""",positive,0.55,"Earnings anticipation — multiple StockTwits users anchor on the 8/26 earnings report as the next catalyst, expecting a rally off a ""double beat.""",analytical,positive,True,,SUBSTANTIVE,NONE,dupgroup_c3bc8d83b06b,,,,False,False,False,False
e434f80b-e4d0-4b09-9471-d84532659de5,e434f80b-e4d0-4b09-9471-d84532659de5:sentiment_agent:sentiment_report:claim:36,sentiment_agent,4. Catalysts and Risks,35,Upcoming NVDA earnings (referenced as 8/26) — retail expects a strong beat-and-raise.,positive,0.65,Upcoming NVDA earnings (referenced as 8/26) — retail expects a strong beat-and-raise.,analytical,positive,True,,SUBSTANTIVE,NONE,dupgroup_4c6f3139ac28,Revenue Growth,A301,,True,True,False,False
e434f80b-e4d0-4b09-9471-d84532659de5,e434f80b-e4d0-4b09-9471-d84532659de5:sentiment_agent:sentiment_report:claim:37,sentiment_agent,4. Catalysts and Risks,36,"Continued hyperscaler AI capex (Microsoft, Meta, Amazon) validating demand.",unknown,0.25,"Continued hyperscaler AI capex (Microsoft, Meta, Amazon) validating demand.",context_only,neutral_or_unknown,False,context_only_default_hidden,CONTEXT_ONLY,NONE,dupgroup_0427344cc3c3,AI CapEx,,,False,False,False,False
e434f80b-e4d0-4b09-9471-d84532659de5,e434f80b-e4d0-4b09-9471-d84532659de5:sentiment_agent:sentiment_report:claim:38,sentiment_agent,4. Catalysts and Risks,37,"Memory-cycle strength in Asia (SK Hynix, Samsung) supporting the chip complex.",positive,0.25,"Memory-cycle strength in Asia (SK Hynix, Samsung) supporting the chip complex.",analytical,positive,True,,SUBSTANTIVE,NONE,dupgroup_317402af4c91,,,,False,False,False,False
e434f80b-e4d0-4b09-9471-d84532659de5,e434f80b-e4d0-4b09-9471-d84532659de5:sentiment_agent:sentiment_report:claim:39,sentiment_agent,4. Catalysts and Risks,38,Management engagement (Huang's Morgan Stanley roadshow) addressing investor concerns.,unknown,0.4,Management engagement (Huang's Morgan Stanley roadshow) addressing investor concerns.,context_only,neutral_or_unknown,False,context_only_default_hidden,CONTEXT_ONLY,NONE,dupgroup_1852d90146d4,,,,False,False,False,False
e434f80b-e4d0-4b09-9471-d84532659de5,e434f80b-e4d0-4b09-9471-d84532659de5:sentiment_agent:sentiment_report:claim:40,sentiment_agent,4. Catalysts and Risks,39,Michael Burry's increased short exposure and put positions (Dec 2026/Jan 2027) — a sophisticated bearish bet.,neutral,0.55,Michael Burry's increased short exposure and put positions (Dec 2026/Jan 2027) — a sophisticated bearish bet.,analytical,neutral_or_unknown,True,,SUBSTANTIVE,NONE,dupgroup_7a054bac47f0,,,,False,False,False,False
e434f80b-e4d0-4b09-9471-d84532659de5,e434f80b-e4d0-4b09-9471-d84532659de5:sentiment_agent:sentiment_report:claim:41,sentiment_agent,4. Catalysts and Risks,40,NVDA down 4% despite management's roadshow — institutional money not yet validating the thesis.,neutral,0.75,NVDA down 4% despite management's roadshow — institutional money not yet validating the thesis.,analytical,neutral_or_unknown,True,,SUBSTANTIVE,NONE,dupgroup_996b8de98ef8,,,,False,False,False,False
e434f80b-e4d0-4b09-9471-d84532659de5,e434f80b-e4d0-4b09-9471-d84532659de5:sentiment_agent:sentiment_report:claim:42,sentiment_agent,4. Catalysts and Risks,41,Retail bullishness at 88/12 labeled ratio borders on over-extension; contrarian risk if the price fails to follow.,neutral,0.55,Retail bullishness at 88/12 labeled ratio borders on over-extension; contrarian risk if the price fails to follow.,analytical,neutral_or_unknown,True,,SUBSTANTIVE,NONE,dupgroup_c9829f6a779e,,,,False,False,False,False
e434f80b-e4d0-4b09-9471-d84532659de5,e434f80b-e4d0-4b09-9471-d84532659de5:sentiment_agent:sentiment_report:claim:43,sentiment_agent,4. Catalysts and Risks,42,"Valuation risk implicit in the ""priced for perfection"" framing of AI leaders.",negative,0.25,"Valuation risk implicit in the ""priced for perfection"" framing of AI leaders.",analytical,negative,True,,SUBSTANTIVE,NONE,dupgroup_5cf29de6c2d9,Valuation Risk,A304,,True,True,False,False
e434f80b-e4d0-4b09-9471-d84532659de5,e434f80b-e4d0-4b09-9471-d84532659de5:sentiment_agent:sentiment_report:claim:44,sentiment_agent,5. Summary Table of Key Sentiment Signals,43,"Signal: AI capex acceleration; Direction: Bullish; Source: News + StockTwits; Supporting Evidence: Microsoft $41B spend; ""AI capex is accelerating and no signs of slowing down""",positive,0.75,"Signal: AI capex acceleration; Direction: Bullish; Source: News + StockTwits; Supporting Evidence: Microsoft $41B spend; ""AI capex is accelerating and no signs of slowing down""",analytical,positive,True,,SUBSTANTIVE,NONE,dupgroup_0582d5b1a78a,AI CapEx,A101,,True,True,False,False
e434f80b-e4d0-4b09-9471-d84532659de5,e434f80b-e4d0-4b09-9471-d84532659de5:sentiment_agent:sentiment_report:claim:45,sentiment_agent,5. Summary Table of Key Sentiment Signals,44,"Signal: Buy-the-dip framing; Direction: Bullish; Source: News + StockTwits; Supporting Evidence: ""AI Chip Selloff Creates Buying Opportunity""; ""this price is stupid cheap""",positive,0.4,"Signal: Buy-the-dip framing; Direction: Bullish; Source: News + StockTwits; Supporting Evidence: ""AI Chip Selloff Creates Buying Opportunity""; ""this price is stupid cheap""",analytical,positive,True,,SUBSTANTIVE,NONE,dupgroup_ec1c4887d165,,,,False,False,False,False
e434f80b-e4d0-4b09-9471-d84532659de5,e434f80b-e4d0-4b09-9471-d84532659de5:sentiment_agent:sentiment_report:claim:46,sentiment_agent,5. Summary Table of Key Sentiment Signals,45,"Signal: Burry short / puts; Direction: Bearish; Source: StockTwits + WSB; Supporting Evidence: ""increased his Nvidia short exposure and added put positions""",positive,0.4,"Signal: Burry short / puts; Direction: Bearish; Source: StockTwits + WSB; Supporting Evidence: ""increased his Nvidia short exposure and added put positions""",analytical,positive,True,,SUBSTANTIVE,NONE,dupgroup_82f874ec231f,,,,False,False,False,False
e434f80b-e4d0-4b09-9471-d84532659de5,e434f80b-e4d0-4b09-9471-d84532659de5:sentiment_agent:sentiment_report:claim:47,sentiment_agent,5. Summary Table of Key Sentiment Signals,46,"Signal: Price weakness post-roadshow; Direction: Bearish; Source: News; Supporting Evidence: ""Nvidia Stock Is Down 4% Since He Spoke""",neutral,0.75,"Signal: Price weakness post-roadshow; Direction: Bearish; Source: News; Supporting Evidence: ""Nvidia Stock Is Down 4% Since He Spoke""",analytical,neutral_or_unknown,True,,SUBSTANTIVE,NONE,dupgroup_5e4a4dd777f1,,,,False,False,False,False
e434f80b-e4d0-4b09-9471-d84532659de5,e434f80b-e4d0-4b09-9471-d84532659de5:sentiment_agent:sentiment_report:claim:48,sentiment_agent,5. Summary Table of Key Sentiment Signals,47,"Signal: Memory cycle strength; Direction: Bullish; Source: StockTwits + WSB; Supporting Evidence: SK Hynix/Samsung strength; ""SK Hynix NVDA partnership""",positive,0.4,"Signal: Memory cycle strength; Direction: Bullish; Source: StockTwits + WSB; Supporting Evidence: SK Hynix/Samsung strength; ""SK Hynix NVDA partnership""",analytical,positive,True,,SUBSTANTIVE,NONE,dupgroup_d1c4b9f85f1b,,,,False,False,False,False
e434f80b-e4d0-4b09-9471-d84532659de5,e434f80b-e4d0-4b09-9471-d84532659de5:sentiment_agent:sentiment_report:claim:49,sentiment_agent,5. Summary Table of Key Sentiment Signals,48,"Signal: Earnings anticipation; Direction: Bullish; Source: StockTwits; Supporting Evidence: ""only 4 weeks till earnings...",positive,0.55,"Signal: Earnings anticipation; Direction: Bullish; Source: StockTwits; Supporting Evidence: ""only 4 weeks till earnings...",analytical,positive,True,,SUBSTANTIVE,NONE,dupgroup_b8a1ae5bac0c,,,,False,False,False,False
e434f80b-e4d0-4b09-9471-d84532659de5,e434f80b-e4d0-4b09-9471-d84532659de5:sentiment_agent:sentiment_report:claim:50,sentiment_agent,5. Summary Table of Key Sentiment Signals,49,Signal: Retail bullish ratio; Direction: Bullish; Source: StockTwits; Supporting Evidence: 15 Bullish vs 2 Bearish (88/12 among labeled),positive,0.55,Signal: Retail bullish ratio; Direction: Bullish; Source: StockTwits; Supporting Evidence: 15 Bullish vs 2 Bearish (88/12 among labeled),analytical,positive,True,,SUBSTANTIVE,NONE,dupgroup_a9c7e5dd31d6,,,,False,False,False,False
e434f80b-e4d0-4b09-9471-d84532659de5,e434f80b-e4d0-4b09-9471-d84532659de5:sentiment_agent:sentiment_report:claim:51,sentiment_agent,Conclusion,50,The sentiment picture for NVDA is Mildly Bullish.,positive,0.25,The sentiment picture for NVDA is Mildly Bullish.,analytical,positive,True,,SUBSTANTIVE,NONE,dupgroup_8cd69c6e9314,,A601,,True,True,False,False
e434f80b-e4d0-4b09-9471-d84532659de5,e434f80b-e4d0-4b09-9471-d84532659de5:sentiment_agent:sentiment_report:claim:52,sentiment_agent,Conclusion,51,"Retail and community sentiment are strongly constructive, anchored on an intact AI-capex demand thesis and a buy-the-dip stance ahead of earnings.",positive,0.5,"Retail and community sentiment are strongly constructive, anchored on an intact AI-capex demand thesis and a buy-the-dip stance ahead of earnings.",analytical,positive,True,,SUBSTANTIVE,NONE,dupgroup_1fb1859f6435,AI CapEx,A601,,True,True,False,False
e434f80b-e4d0-4b09-9471-d84532659de5,e434f80b-e4d0-4b09-9471-d84532659de5:sentiment_agent:sentiment_report:claim:53,sentiment_agent,Conclusion,52,"The news flow is more measured, acknowledging near-term price weakness and the unresolved Burry-short overhang.",unknown,0.4,"The news flow is more measured, acknowledging near-term price weakness and the unresolved Burry-short overhang.",analytical,neutral_or_unknown,True,,SUBSTANTIVE,NONE,dupgroup_0eefe289442c,,,,False,False,False,False
e434f80b-e4d0-4b09-9471-d84532659de5,e434f80b-e4d0-4b09-9471-d84532659de5:sentiment_agent:sentiment_report:claim:54,sentiment_agent,Conclusion,53,The main tension is that retail is confident while the price action has not yet confirmed — a divergence that argues for treating this as supportive-but-not-overwhelming signal rather than a high-conviction call.,neutral,0.5,The main tension is that retail is confident while the price action has not yet confirmed — a divergence that argues for treating this as supportive-but-not-overwhelming signal rather than a high-conviction call.,analytical,neutral_or_unknown,True,,SUBSTANTIVE,NONE,dupgroup_5ae35648770c,,,,False,False,False,False
e434f80b-e4d0-4b09-9471-d84532659de5,e434f80b-e4d0-4b09-9471-d84532659de5:sentiment_agent:sentiment_report:claim:55,sentiment_agent,Conclusion,54,Confidence is medium due to the sparse Reddit coverage (no r/stocks or r/investing posts) and the absence of engagement scores.,unknown,0.6,Confidence is medium due to the sparse Reddit coverage (no r/stocks or r/investing posts) and the absence of engagement scores.,context_only,neutral_or_unknown,False,context_only_default_hidden,CONTEXT_ONLY,NONE,dupgroup_100e00905dd4,,,,False,False,False,False
e434f80b-e4d0-4b09-9471-d84532659de5,e434f80b-e4d0-4b09-9471-d84532659de5:news_agent:news_report:claim:1,news_agent,,0,"NVDA-specific news: Jensen Huang roadshow, AI chip selloff, hyperscaler capex (Microsoft $41B), AMD comparison",negative,0.75,"NVDA-specific news: Jensen Huang roadshow, AI chip selloff, hyperscaler capex (Microsoft $41B), AMD comparison",analytical,negative,True,,SUBSTANTIVE,NONE,dupgroup_9c6d3b187de0,AI CapEx,,canrel_4b6f14a5ae65562d;canrel_ac02a10ac4419b35;canrel_95c4e78639df24ea;canrel_b581bf612cb3e457;canrel_9979117d9ada8a2c,False,False,False,False
e434f80b-e4d0-4b09-9471-d84532659de5,e434f80b-e4d0-4b09-9471-d84532659de5:news_agent:news_report:claim:2,news_agent,,1,"Global news: Fed day turmoil, Kospi chip surge, oil/macro themes",unknown,0.25,"Global news: Fed day turmoil, Kospi chip surge, oil/macro themes",context_only,neutral_or_unknown,False,context_only_default_hidden,CONTEXT_ONLY,NONE,dupgroup_38c2298b1068,,,canrel_4b6f14a5ae65562d;canrel_ac02a10ac4419b35;canrel_95c4e78639df24ea;canrel_b581bf612cb3e457;canrel_9979117d9ada8a2c,False,False,False,False
e434f80b-e4d0-4b09-9471-d84532659de5,e434f80b-e4d0-4b09-9471-d84532659de5:news_agent:news_report:claim:3,news_agent,,2,"Prediction markets: Fed rate cuts (89% no cuts in 2026), recession (12% US), AI bubble (20%), NVDA price levels, AI model competition",negative,0.75,"Prediction markets: Fed rate cuts (89% no cuts in 2026), recession (12% US), AI bubble (20%), NVDA price levels, AI model competition",analytical,negative,True,,SUBSTANTIVE,NONE,dupgroup_7edd05f9fd78,,,canrel_4b6f14a5ae65562d;canrel_ac02a10ac4419b35;canrel_95c4e78639df24ea;canrel_b581bf612cb3e457;canrel_9979117d9ada8a2c,False,False,False,False
e434f80b-e4d0-4b09-9471-d84532659de5,e434f80b-e4d0-4b09-9471-d84532659de5:news_agent:news_report:claim:4,news_agent,,3,"Macro indicators: FRED data unavailable (no API key), so I'll rely on prediction markets and news for macro context",unknown,0.6,"Macro indicators: FRED data unavailable (no API key), so I'll rely on prediction markets and news for macro context",analytical,neutral_or_unknown,True,,SUBSTANTIVE,NONE,dupgroup_b3f177de4733,,,canrel_4b6f14a5ae65562d;canrel_ac02a10ac4419b35;canrel_95c4e78639df24ea;canrel_b581bf612cb3e457;canrel_9979117d9ada8a2c,False,False,False,False
e434f80b-e4d0-4b09-9471-d84532659de5,e434f80b-e4d0-4b09-9471-d84532659de5:news_agent:news_report:claim:5,news_agent,NVDA (NVIDIA Corporation) — News & Macro Research Report,4,Analysis Date: 2026-07-30 | Sector: Technology / Semiconductors | Exchange: NMS,unknown,0.4,Analysis Date: 2026-07-30 | Sector: Technology / Semiconductors | Exchange: NMS,context_only,neutral_or_unknown,False,context_only_default_hidden,CONTEXT_ONLY,NONE,dupgroup_c1f65b9b610a,,,canrel_4b6f14a5ae65562d;canrel_ac02a10ac4419b35;canrel_95c4e78639df24ea;canrel_b581bf612cb3e457;canrel_9979117d9ada8a2c,False,False,False,False
e434f80b-e4d0-4b09-9471-d84532659de5,e434f80b-e4d0-4b09-9471-d84532659de5:news_agent:news_report:claim:6,news_agent,Executive Summary,5,"NVDA enters the final days of July 2026 in a state of constructive tension: the long-term AI demand narrative remains firmly intact (hyperscaler capex is accelerating, CEO Jensen Huang is actively defending the growth thesis), yet the stock has experienced a recent selloff and is trading with elevat",neutral,0.65,"NVDA enters the final days of July 2026 in a state of constructive tension: the long-term AI demand narrative remains firmly intact (hyperscaler capex is accelerating, CEO Jensen Huang is actively defending the growth thesis), yet the stock has experienced a recent selloff and is trading with elevat",analytical,neutral_or_unknown,True,,SUBSTANTIVE,NONE,dupgroup_70578fb36c5c,AI Demand;AI CapEx,A601,canrel_4b6f14a5ae65562d;canrel_ac02a10ac4419b35;canrel_95c4e78639df24ea;canrel_b581bf612cb3e457;canrel_9979117d9ada8a2c,True,True,False,False
e434f80b-e4d0-4b09-9471-d84532659de5,e434f80b-e4d0-4b09-9471-d84532659de5:news_agent:news_report:claim:7,news_agent,Executive Summary,6,"The market is pricing a ""no rate cuts in 2026"" base case (89%), a low US recession probability (12%), and a modest 20% chance of an AI bubble burst — a backdrop that is broadly supportive of growth/tech equities but leaves NVDA exposed to multiple-compression risk given its premium valuation.",neutral,0.85,"The market is pricing a ""no rate cuts in 2026"" base case (89%), a low US recession probability (12%), and a modest 20% chance of an AI bubble burst — a backdrop that is broadly supportive of growth/tech equities but leaves NVDA exposed to multiple-compression risk given its premium valuation.",analytical,neutral_or_unknown,True,,SUBSTANTIVE,NONE,dupgroup_528d9f104f52,Valuation Risk,A304,canrel_4b6f14a5ae65562d;canrel_ac02a10ac4419b35;canrel_95c4e78639df24ea;canrel_b581bf612cb3e457;canrel_9979117d9ada8a2c,True,True,False,False
e434f80b-e4d0-4b09-9471-d84532659de5,e434f80b-e4d0-4b09-9471-d84532659de5:news_agent:news_report:claim:8,news_agent,1.1 Jensen Huang's Morgan Stanley Roadshow (Key Event),7,The most significant NVDA-specific catalyst this week was CEO Jensen Huang personally joining a closed-door Morgan Stanley roadshow to address three investor concerns.,unknown,0.4,The most significant NVDA-specific catalyst this week was CEO Jensen Huang personally joining a closed-door Morgan Stanley roadshow to address three investor concerns.,context_only,neutral_or_unknown,False,context_only_default_hidden,CONTEXT_ONLY,NONE,dupgroup_2f451347705e,,,canrel_4b6f14a5ae65562d;canrel_ac02a10ac4419b35;canrel_95c4e78639df24ea;canrel_b581bf612cb3e457;canrel_9979117d9ada8a2c,False,False,False,False
e434f80b-e4d0-4b09-9471-d84532659de5,e434f80b-e4d0-4b09-9471-d84532659de5:news_agent:news_report:claim:9,news_agent,1.1 Jensen Huang's Morgan Stanley Roadshow (Key Event),8,"Notably, NVDA stock is down 4% since he spoke, indicating the market was not fully reassured.",neutral,0.75,"Notably, NVDA stock is down 4% since he spoke, indicating the market was not fully reassured.",analytical,neutral_or_unknown,True,,SUBSTANTIVE,NONE,dupgroup_a892392cd23e,,,canrel_4b6f14a5ae65562d;canrel_ac02a10ac4419b35;canrel_95c4e78639df24ea;canrel_b581bf612cb3e457;canrel_9979117d9ada8a2c,False,False,False,False
e434f80b-e4d0-4b09-9471-d84532659de5,e434f80b-e4d0-4b09-9471-d84532659de5:news_agent:news_report:claim:10,news_agent,1.1 Jensen Huang's Morgan Stanley Roadshow (Key Event),9,"Huang's core message was that rising demand for AI compute will drive corporate revenues and GDP higher — a bullish long-term framing, but one that did not immediately arrest the selloff.",neutral,0.4,"Huang's core message was that rising demand for AI compute will drive corporate revenues and GDP higher — a bullish long-term framing, but one that did not immediately arrest the selloff.",analytical,neutral_or_unknown,True,,SUBSTANTIVE,NONE,dupgroup_19ddaa1012a0,,,canrel_4b6f14a5ae65562d;canrel_ac02a10ac4419b35;canrel_95c4e78639df24ea;canrel_b581bf612cb3e457;canrel_9979117d9ada8a2c,False,False,False,False
e434f80b-e4d0-4b09-9471-d84532659de5,e434f80b-e4d0-4b09-9471-d84532659de5:news_agent:news_report:claim:11,news_agent,1.1 Jensen Huang's Morgan Stanley Roadshow (Key Event),10,"This suggests investors are focused on near-term concerns (valuation, competition, capex sustainability) that management's narrative did not fully resolve.",neutral,0.4,"This suggests investors are focused on near-term concerns (valuation, competition, capex sustainability) that management's narrative did not fully resolve.",context_only,neutral_or_unknown,False,context_only_default_hidden,CONTEXT_ONLY,NONE,dupgroup_2e6e1d86a5fa,,,canrel_4b6f14a5ae65562d;canrel_ac02a10ac4419b35;canrel_95c4e78639df24ea;canrel_b581bf612cb3e457;canrel_9979117d9ada8a2c,False,False,False,False
e434f80b-e4d0-4b09-9471-d84532659de5,e434f80b-e4d0-4b09-9471-d84532659de5:news_agent:news_report:claim:12,news_agent,1.2 AI Chip Selloff / Buying Opportunity Narrative,11,"A Zacks analysis frames the recent chip-stock selloff as a buying opportunity in NVDA and Micron, arguing that ""the long-term demand drivers supporting advanced GPUs and AI memory solutions remain firmly in place."" This is a constructive counter-narrative to the selloff, reinforcing that the demand ",positive,0.5,"A Zacks analysis frames the recent chip-stock selloff as a buying opportunity in NVDA and Micron, arguing that ""the long-term demand drivers supporting advanced GPUs and AI memory solutions remain firmly in place."" This is a constructive counter-narrative to the selloff, reinforcing that the demand ",analytical,positive,True,,SUBSTANTIVE,NONE,dupgroup_c45baefc40b3,,A601,canrel_4b6f14a5ae65562d;canrel_ac02a10ac4419b35;canrel_95c4e78639df24ea;canrel_b581bf612cb3e457;canrel_9979117d9ada8a2c,True,True,False,False
e434f80b-e4d0-4b09-9471-d84532659de5,e434f80b-e4d0-4b09-9471-d84532659de5:news_agent:news_report:claim:13,news_agent,1.3 Hyperscaler Capex Confirmation (Microsoft),12,Microsoft poured another record sum into AI infrastructure — a $41 billion AI bet — and Azure growth finally accelerated.,positive,0.75,Microsoft poured another record sum into AI infrastructure — a $41 billion AI bet — and Azure growth finally accelerated.,analytical,positive,True,,SUBSTANTIVE,NONE,dupgroup_d6dc15b42a32,AI Infrastructure,,canrel_4b6f14a5ae65562d;canrel_ac02a10ac4419b35;canrel_95c4e78639df24ea;canrel_b581bf612cb3e457;canrel_9979117d9ada8a2c,False,False,False,False
e434f80b-e4d0-4b09-9471-d84532659de5,e434f80b-e4d0-4b09-9471-d84532659de5:news_agent:news_report:claim:14,news_agent,1.3 Hyperscaler Capex Confirmation (Microsoft),13,"This is a critical positive signal for NVDA, as hyperscaler AI capital spending is the primary demand engine for NVDA's data-center GPUs.",positive,0.6,"This is a critical positive signal for NVDA, as hyperscaler AI capital spending is the primary demand engine for NVDA's data-center GPUs.",analytical,positive,True,,SUBSTANTIVE,NONE,dupgroup_8816f81e032c,AI CapEx,,canrel_4b6f14a5ae65562d;canrel_ac02a10ac4419b35;canrel_95c4e78639df24ea;canrel_b581bf612cb3e457;canrel_9979117d9ada8a2c,False,False,False,False
e434f80b-e4d0-4b09-9471-d84532659de5,e434f80b-e4d0-4b09-9471-d84532659de5:news_agent:news_report:claim:15,news_agent,1.3 Hyperscaler Capex Confirmation (Microsoft),14,"The fact that Microsoft's massive AI investment is now translating into accelerated Azure growth validates the ROI of AI infrastructure spending, supporting the sustainability of the capex cycle.",positive,0.4,"The fact that Microsoft's massive AI investment is now translating into accelerated Azure growth validates the ROI of AI infrastructure spending, supporting the sustainability of the capex cycle.",analytical,positive,True,,SUBSTANTIVE,NONE,dupgroup_61156640778a,AI CapEx;Datacenter CapEx;AI Infrastructure,A101,canrel_4b6f14a5ae65562d;canrel_ac02a10ac4419b35;canrel_95c4e78639df24ea;canrel_b581bf612cb3e457;canrel_9979117d9ada8a2c,True,True,False,False
e434f80b-e4d0-4b09-9471-d84532659de5,e434f80b-e4d0-4b09-9471-d84532659de5:news_agent:news_report:claim:16,news_agent,1.4 Competitive Landscape,15,"AMD is being discussed as potentially heading to $600/share but has sold off after nearly breaching that level — indicating the broader AI-chip complex is under pressure, not just NVDA.",neutral,0.75,"AMD is being discussed as potentially heading to $600/share but has sold off after nearly breaching that level — indicating the broader AI-chip complex is under pressure, not just NVDA.",analytical,neutral_or_unknown,True,,SUBSTANTIVE,NONE,dupgroup_73d572da4c66,,,canrel_4b6f14a5ae65562d;canrel_ac02a10ac4419b35;canrel_95c4e78639df24ea;canrel_b581bf612cb3e457;canrel_9979117d9ada8a2c,False,False,False,False
e434f80b-e4d0-4b09-9471-d84532659de5,e434f80b-e4d0-4b09-9471-d84532659de5:news_agent:news_report:claim:17,news_agent,1.4 Competitive Landscape,16,Qualcomm highlighted its AI data center and automotive segments in Q3 commentary.,unknown,0.75,Qualcomm highlighted its AI data center and automotive segments in Q3 commentary.,context_only,neutral_or_unknown,False,context_only_default_hidden,CONTEXT_ONLY,NONE,dupgroup_7ca8d7007817,,,canrel_4b6f14a5ae65562d;canrel_ac02a10ac4419b35;canrel_95c4e78639df24ea;canrel_b581bf612cb3e457;canrel_9979117d9ada8a2c,False,False,False,False
e434f80b-e4d0-4b09-9471-d84532659de5,e434f80b-e4d0-4b09-9471-d84532659de5:news_agent:news_report:claim:18,news_agent,1.4 Competitive Landscape,17,"The AI model competition narrative (Anthropic leading at 94% probability for best model at end of August) underscores continued intense AI development activity, which drives compute demand.",unknown,0.75,"The AI model competition narrative (Anthropic leading at 94% probability for best model at end of August) underscores continued intense AI development activity, which drives compute demand.",analytical,neutral_or_unknown,True,,SUBSTANTIVE,NONE,dupgroup_064e134601e7,GPU Demand,,canrel_4b6f14a5ae65562d;canrel_ac02a10ac4419b35;canrel_95c4e78639df24ea;canrel_b581bf612cb3e457;canrel_9979117d9ada8a2c,False,False,False,False
e434f80b-e4d0-4b09-9471-d84532659de5,e434f80b-e4d0-4b09-9471-d84532659de5:news_agent:news_report:claim:19,news_agent,"2.1 Monetary Policy — ""No Rate Cuts"" Base Case",18,Prediction markets are heavily skewed toward no Fed rate cuts in 2026:,unknown,0.4,Prediction markets are heavily skewed toward no Fed rate cuts in 2026:,context_only,neutral_or_unknown,False,context_only_default_hidden,CONTEXT_ONLY,NONE,dupgroup_748ffbdaf177,,,canrel_4b6f14a5ae65562d;canrel_ac02a10ac4419b35;canrel_95c4e78639df24ea;canrel_b581bf612cb3e457;canrel_9979117d9ada8a2c,False,False,False,False
e434f80b-e4d0-4b09-9471-d84532659de5,e434f80b-e4d0-4b09-9471-d84532659de5:news_agent:news_report:claim:20,news_agent,"2.1 Monetary Policy — ""No Rate Cuts"" Base Case",19,"""Will no Fed rate cuts happen in 2026?"" — Yes 89% (up +4.9pp over the week, $6.68M volume)",unknown,0.75,"""Will no Fed rate cuts happen in 2026?"" — Yes 89% (up +4.9pp over the week, $6.68M volume)",analytical,neutral_or_unknown,True,,SUBSTANTIVE,NONE,dupgroup_88cd6c3451e8,,,canrel_4b6f14a5ae65562d;canrel_ac02a10ac4419b35;canrel_95c4e78639df24ea;canrel_b581bf612cb3e457;canrel_9979117d9ada8a2c,False,False,False,False
e434f80b-e4d0-4b09-9471-d84532659de5,e434f80b-e4d0-4b09-9471-d84532659de5:news_agent:news_report:claim:21,news_agent,"2.1 Monetary Policy — ""No Rate Cuts"" Base Case",20,All markets for 6+ rate cuts are at 0%.,unknown,0.6,All markets for 6+ rate cuts are at 0%.,context_only,neutral_or_unknown,False,context_only_default_hidden,CONTEXT_ONLY,NONE,dupgroup_f5714e27659b,,,canrel_4b6f14a5ae65562d;canrel_ac02a10ac4419b35;canrel_95c4e78639df24ea;canrel_b581bf612cb3e457;canrel_9979117d9ada8a2c,False,False,False,False
e434f80b-e4d0-4b09-9471-d84532659de5,e434f80b-e4d0-4b09-9471-d84532659de5:news_agent:news_report:claim:22,news_agent,"2.1 Monetary Policy — ""No Rate Cuts"" Base Case",21,This is a hawkish backdrop for growth/tech equities.,positive,0.25,This is a hawkish backdrop for growth/tech equities.,analytical,positive,True,,SUBSTANTIVE,NONE,dupgroup_e64c6c3fdacb,,,canrel_4b6f14a5ae65562d;canrel_ac02a10ac4419b35;canrel_95c4e78639df24ea;canrel_b581bf612cb3e457;canrel_9979117d9ada8a2c,False,False,False,False
e434f80b-e4d0-4b09-9471-d84532659de5,e434f80b-e4d0-4b09-9471-d84532659de5:news_agent:news_report:claim:23,news_agent,"2.1 Monetary Policy — ""No Rate Cuts"" Base Case",22,"With rates expected to stay elevated, NVDA's premium valuation faces headwinds from a higher discount rate.",unknown,0.4,"With rates expected to stay elevated, NVDA's premium valuation faces headwinds from a higher discount rate.",analytical,neutral_or_unknown,True,,SUBSTANTIVE,NONE,dupgroup_1945417f9656,,,canrel_4b6f14a5ae65562d;canrel_ac02a10ac4419b35;canrel_95c4e78639df24ea;canrel_b581bf612cb3e457;canrel_9979117d9ada8a2c,False,False,False,False
e434f80b-e4d0-4b09-9471-d84532659de5,e434f80b-e4d0-4b09-9471-d84532659de5:news_agent:news_report:claim:24,news_agent,"2.1 Monetary Policy — ""No Rate Cuts"" Base Case",23,"The market's rising conviction in ""no cuts"" (+4.9pp this week) is a notable negative for high-multiple tech.",negative,0.55,"The market's rising conviction in ""no cuts"" (+4.9pp this week) is a notable negative for high-multiple tech.",analytical,negative,True,,SUBSTANTIVE,NONE,dupgroup_8648f0f4cb63,,,canrel_4b6f14a5ae65562d;canrel_ac02a10ac4419b35;canrel_95c4e78639df24ea;canrel_b581bf612cb3e457;canrel_9979117d9ada8a2c,False,False,False,False
e434f80b-e4d0-4b09-9471-d84532659de5,e434f80b-e4d0-4b09-9471-d84532659de5:news_agent:news_report:claim:25,news_agent,2.2 Inflation,24,"""Will inflation reach more than 4.5% in 2026?"" — Yes 24% (down -1.0pp)",unknown,0.6,"""Will inflation reach more than 4.5% in 2026?"" — Yes 24% (down -1.0pp)",analytical,neutral_or_unknown,True,,SUBSTANTIVE,NONE,dupgroup_6fdd8a9b1e9d,,,canrel_4b6f14a5ae65562d;canrel_ac02a10ac4419b35;canrel_95c4e78639df24ea;canrel_b581bf612cb3e457;canrel_9979117d9ada8a2c,False,False,False,False
e434f80b-e4d0-4b09-9471-d84532659de5,e434f80b-e4d0-4b09-9471-d84532659de5:news_agent:news_report:claim:26,news_agent,2.2 Inflation,25,"""Will inflation reach more than 5% in 2026?"" — Yes 12% (down -2.5pp)",unknown,0.6,"""Will inflation reach more than 5% in 2026?"" — Yes 12% (down -2.5pp)",analytical,neutral_or_unknown,True,,SUBSTANTIVE,NONE,dupgroup_2e8ea5348440,,,canrel_4b6f14a5ae65562d;canrel_ac02a10ac4419b35;canrel_95c4e78639df24ea;canrel_b581bf612cb3e457;canrel_9979117d9ada8a2c,False,False,False,False
e434f80b-e4d0-4b09-9471-d84532659de5,e434f80b-e4d0-4b09-9471-d84532659de5:news_agent:news_report:claim:27,news_agent,2.2 Inflation,26,"""Will annual inflation be 3.4% in July?"" — Yes 40%",unknown,0.6,"""Will annual inflation be 3.4% in July?"" — Yes 40%",context_only,neutral_or_unknown,False,context_only_default_hidden,CONTEXT_ONLY,NONE,dupgroup_d4809c44bbc6,,,canrel_4b6f14a5ae65562d;canrel_ac02a10ac4419b35;canrel_95c4e78639df24ea;canrel_b581bf612cb3e457;canrel_9979117d9ada8a2c,False,False,False,False
e434f80b-e4d0-4b09-9471-d84532659de5,e434f80b-e4d0-4b09-9471-d84532659de5:news_agent:news_report:claim:28,news_agent,2.2 Inflation,27,Inflation expectations are moderating but remain elevated (3.4% annual is the modal July expectation).,unknown,0.75,Inflation expectations are moderating but remain elevated (3.4% annual is the modal July expectation).,analytical,neutral_or_unknown,True,,SUBSTANTIVE,NONE,dupgroup_d6662a81a1e1,,,canrel_4b6f14a5ae65562d;canrel_ac02a10ac4419b35;canrel_95c4e78639df24ea;canrel_b581bf612cb3e457;canrel_9979117d9ada8a2c,False,False,False,False
e434f80b-e4d0-4b09-9471-d84532659de5,e434f80b-e4d0-4b09-9471-d84532659de5:news_agent:news_report:claim:29,news_agent,2.2 Inflation,28,"Sticky-but-cooling inflation supports the ""no cuts"" Fed stance.",unknown,0.45,"Sticky-but-cooling inflation supports the ""no cuts"" Fed stance.",analytical,neutral_or_unknown,True,,SUBSTANTIVE,NONE,dupgroup_07348c5ab142,,A103,canrel_4b6f14a5ae65562d;canrel_ac02a10ac4419b35;canrel_95c4e78639df24ea;canrel_b581bf612cb3e457;canrel_9979117d9ada8a2c,True,True,False,False
e434f80b-e4d0-4b09-9471-d84532659de5,e434f80b-e4d0-4b09-9471-d84532659de5:news_agent:news_report:claim:30,news_agent,2.3 Recession Risk — Low,29,"""US recession by end of 2026?"" — Yes 12% (+1.5pp)",negative,0.6,"""US recession by end of 2026?"" — Yes 12% (+1.5pp)",analytical,negative,True,,SUBSTANTIVE,NONE,dupgroup_52662f84df95,,,canrel_4b6f14a5ae65562d;canrel_ac02a10ac4419b35;canrel_95c4e78639df24ea;canrel_b581bf612cb3e457;canrel_9979117d9ada8a2c,False,False,False,False
e434f80b-e4d0-4b09-9471-d84532659de5,e434f80b-e4d0-4b09-9471-d84532659de5:news_agent:news_report:claim:31,news_agent,2.3 Recession Risk — Low,30,"UK recession: 8%; Japan recession: 44% (+34.5pp, notable spike)",negative,0.6,"UK recession: 8%; Japan recession: 44% (+34.5pp, notable spike)",analytical,negative,True,,SUBSTANTIVE,NONE,dupgroup_050cc2a4df2b,,,canrel_4b6f14a5ae65562d;canrel_ac02a10ac4419b35;canrel_95c4e78639df24ea;canrel_b581bf612cb3e457;canrel_9979117d9ada8a2c,False,False,False,False
e434f80b-e4d0-4b09-9471-d84532659de5,e434f80b-e4d0-4b09-9471-d84532659de5:news_agent:news_report:claim:32,news_agent,2.3 Recession Risk — Low,31,"US recession risk is low (12%), which is supportive for risk assets and NVDA's growth outlook.",positive,0.75,"US recession risk is low (12%), which is supportive for risk assets and NVDA's growth outlook.",analytical,positive,True,,SUBSTANTIVE,NONE,dupgroup_1e65fd1d8d4f,Recession Risk,A501,canrel_4b6f14a5ae65562d;canrel_ac02a10ac4419b35;canrel_95c4e78639df24ea;canrel_b581bf612cb3e457;canrel_9979117d9ada8a2c,True,True,False,False
e434f80b-e4d0-4b09-9471-d84532659de5,e434f80b-e4d0-4b09-9471-d84532659de5:news_agent:news_report:claim:33,news_agent,2.3 Recession Risk — Low,32,"However, the Japan recession probability spiked +34.5pp to 44% — a potential global growth concern worth monitoring.",neutral,0.75,"However, the Japan recession probability spiked +34.5pp to 44% — a potential global growth concern worth monitoring.",analytical,neutral_or_unknown,True,,SUBSTANTIVE,NONE,dupgroup_9f7f9a986f9b,,,canrel_4b6f14a5ae65562d;canrel_ac02a10ac4419b35;canrel_95c4e78639df24ea;canrel_b581bf612cb3e457;canrel_9979117d9ada8a2c,False,False,False,False
e434f80b-e4d0-4b09-9471-d84532659de5,e434f80b-e4d0-4b09-9471-d84532659de5:news_agent:news_report:claim:34,news_agent,2.4 AI Bubble Risk,33,"""AI bubble burst in 2026?"" — Yes 20% (+2.9pp)",unknown,0.6,"""AI bubble burst in 2026?"" — Yes 20% (+2.9pp)",context_only,neutral_or_unknown,False,context_only_default_hidden,CONTEXT_ONLY,NONE,dupgroup_1cf1f65c42a0,,,canrel_4b6f14a5ae65562d;canrel_ac02a10ac4419b35;canrel_95c4e78639df24ea;canrel_b581bf612cb3e457;canrel_9979117d9ada8a2c,False,False,False,False
e434f80b-e4d0-4b09-9471-d84532659de5,e434f80b-e4d0-4b09-9471-d84532659de5:news_agent:news_report:claim:35,news_agent,2.4 AI Bubble Risk,34,"The market assigns a 20% probability to an AI bubble burst in 2026, up 3pp this week.",unknown,0.75,"The market assigns a 20% probability to an AI bubble burst in 2026, up 3pp this week.",analytical,neutral_or_unknown,True,,SUBSTANTIVE,NONE,dupgroup_1c6c30bcba64,,,canrel_4b6f14a5ae65562d;canrel_ac02a10ac4419b35;canrel_95c4e78639df24ea;canrel_b581bf612cb3e457;canrel_9979117d9ada8a2c,False,False,False,False
e434f80b-e4d0-4b09-9471-d84532659de5,e434f80b-e4d0-4b09-9471-d84532659de5:news_agent:news_report:claim:36,news_agent,2.4 AI Bubble Risk,35,"This is a meaningful tail risk for NVDA, which is the highest-beta pure-play on the AI theme.",negative,0.4,"This is a meaningful tail risk for NVDA, which is the highest-beta pure-play on the AI theme.",analytical,negative,True,,SUBSTANTIVE,NONE,dupgroup_db7acfa1ec76,,,canrel_4b6f14a5ae65562d;canrel_ac02a10ac4419b35;canrel_95c4e78639df24ea;canrel_b581bf612cb3e457;canrel_9979117d9ada8a2c,False,False,False,False
e434f80b-e4d0-4b09-9471-d84532659de5,e434f80b-e4d0-4b09-9471-d84532659de5:news_agent:news_report:claim:37,news_agent,2.5 Global Markets,36,South Korea's Kospi jumped >16% on a surge of chipmaking stocks — a strong global signal of continued semiconductor demand and positive sentiment toward the chip complex.,positive,0.85,South Korea's Kospi jumped >16% on a surge of chipmaking stocks — a strong global signal of continued semiconductor demand and positive sentiment toward the chip complex.,analytical,positive,True,,SUBSTANTIVE,NONE,dupgroup_858328a01bb6,,A201,canrel_4b6f14a5ae65562d;canrel_ac02a10ac4419b35;canrel_95c4e78639df24ea;canrel_b581bf612cb3e457;canrel_9979117d9ada8a2c,True,True,False,False
e434f80b-e4d0-4b09-9471-d84532659de5,e434f80b-e4d0-4b09-9471-d84532659de5:news_agent:news_report:claim:38,news_agent,2.5 Global Markets,37,"""Stocks Bounce Back From Fed Day Turmoil"" — markets recovered from Fed-day volatility, indicating resilience.",unknown,0.4,"""Stocks Bounce Back From Fed Day Turmoil"" — markets recovered from Fed-day volatility, indicating resilience.",analytical,neutral_or_unknown,True,,SUBSTANTIVE,NONE,dupgroup_126dca5ca1e4,,,canrel_4b6f14a5ae65562d;canrel_ac02a10ac4419b35;canrel_95c4e78639df24ea;canrel_b581bf612cb3e457;canrel_9979117d9ada8a2c,False,False,False,False
e434f80b-e4d0-4b09-9471-d84532659de5,e434f80b-e4d0-4b09-9471-d84532659de5:news_agent:news_report:claim:39,news_agent,3. Prediction Market Insights on NVDA,38,NVDA price for week of Jul 27–31: The market assigns 64% probability to NVDA closing at $195–$200 on Friday July 31.,unknown,0.75,NVDA price for week of Jul 27–31: The market assigns 64% probability to NVDA closing at $195–$200 on Friday July 31.,context_only,neutral_or_unknown,False,context_only_default_hidden,CONTEXT_ONLY,NONE,dupgroup_b9fbce0dd7c8,,,canrel_4b6f14a5ae65562d;canrel_ac02a10ac4419b35;canrel_95c4e78639df24ea;canrel_b581bf612cb3e457;canrel_9979117d9ada8a2c,False,False,False,False
e434f80b-e4d0-4b09-9471-d84532659de5,e434f80b-e4d0-4b09-9471-d84532659de5:news_agent:news_report:claim:40,news_agent,3. Prediction Market Insights on NVDA,39,"This suggests the market expects NVDA to stabilize in the low-$200s range after the recent selloff, with lower probabilities for higher ($220+) or lower (<$185) outcomes.",negative,0.75,"This suggests the market expects NVDA to stabilize in the low-$200s range after the recent selloff, with lower probabilities for higher ($220+) or lower (<$185) outcomes.",analytical,negative,True,,SUBSTANTIVE,NONE,dupgroup_f0498fd1b469,,,canrel_4b6f14a5ae65562d;canrel_ac02a10ac4419b35;canrel_95c4e78639df24ea;canrel_b581bf612cb3e457;canrel_9979117d9ada8a2c,False,False,False,False
e434f80b-e4d0-4b09-9471-d84532659de5,e434f80b-e4d0-4b09-9471-d84532659de5:news_agent:news_report:claim:41,news_agent,3. Prediction Market Insights on NVDA,40,US federal government stake in NVIDIA: 12% probability — a low-probability geopolitical/policy tail event.,unknown,0.75,US federal government stake in NVIDIA: 12% probability — a low-probability geopolitical/policy tail event.,context_only,neutral_or_unknown,False,context_only_default_hidden,CONTEXT_ONLY,NONE,dupgroup_98419ded0ae8,,,canrel_4b6f14a5ae65562d;canrel_ac02a10ac4419b35;canrel_95c4e78639df24ea;canrel_b581bf612cb3e457;canrel_9979117d9ada8a2c,False,False,False,False
e434f80b-e4d0-4b09-9471-d84532659de5,e434f80b-e4d0-4b09-9471-d84532659de5:news_agent:news_report:claim:42,news_agent,4. Synthesis & Trading Implications,41,Bullish factors for NVDA:,positive,0.25,Bullish factors for NVDA:,analytical,positive,True,,SUBSTANTIVE,NONE,dupgroup_3fec851628d1,,,canrel_4b6f14a5ae65562d;canrel_ac02a10ac4419b35;canrel_95c4e78639df24ea;canrel_b581bf612cb3e457;canrel_9979117d9ada8a2c,False,False,False,False
e434f80b-e4d0-4b09-9471-d84532659de5,e434f80b-e4d0-4b09-9471-d84532659de5:news_agent:news_report:claim:43,news_agent,4. Synthesis & Trading Implications,42,"Hyperscaler AI capex is accelerating and validating (Microsoft $41B, Azure growth acceleration).",positive,0.75,"Hyperscaler AI capex is accelerating and validating (Microsoft $41B, Azure growth acceleration).",analytical,positive,True,,SUBSTANTIVE,NONE,dupgroup_c77f277f9525,AI CapEx,A101,canrel_4b6f14a5ae65562d;canrel_ac02a10ac4419b35;canrel_95c4e78639df24ea;canrel_b581bf612cb3e457;canrel_9979117d9ada8a2c,True,True,False,False
e434f80b-e4d0-4b09-9471-d84532659de5,e434f80b-e4d0-4b09-9471-d84532659de5:news_agent:news_report:claim:44,news_agent,4. Synthesis & Trading Implications,43,CEO actively defending the growth thesis (Huang roadshow).,positive,0.25,CEO actively defending the growth thesis (Huang roadshow).,analytical,positive,True,,SUBSTANTIVE,NONE,dupgroup_8364ca82dc63,,,canrel_4b6f14a5ae65562d;canrel_ac02a10ac4419b35;canrel_95c4e78639df24ea;canrel_b581bf612cb3e457;canrel_9979117d9ada8a2c,False,False,False,False
e434f80b-e4d0-4b09-9471-d84532659de5,e434f80b-e4d0-4b09-9471-d84532659de5:news_agent:news_report:claim:45,news_agent,4. Synthesis & Trading Implications,44,Low US recession risk (12%) supports growth equities.,negative,0.6,Low US recession risk (12%) supports growth equities.,analytical,negative,True,,SUBSTANTIVE,NONE,dupgroup_d7a13bdc388b,Recession Risk,A501,canrel_4b6f14a5ae65562d;canrel_ac02a10ac4419b35;canrel_95c4e78639df24ea;canrel_b581bf612cb3e457;canrel_9979117d9ada8a2c,True,True,False,False
e434f80b-e4d0-4b09-9471-d84532659de5,e434f80b-e4d0-4b09-9471-d84532659de5:news_agent:news_report:claim:46,news_agent,4. Synthesis & Trading Implications,45,Global chip demand strong (Kospi +16%).,positive,0.7,Global chip demand strong (Kospi +16%).,analytical,positive,True,,SUBSTANTIVE,NONE,dupgroup_35fbabeba7e3,Semiconductor Cycle,A201,canrel_4b6f14a5ae65562d;canrel_ac02a10ac4419b35;canrel_95c4e78639df24ea;canrel_b581bf612cb3e457;canrel_9979117d9ada8a2c,True,True,False,False
e434f80b-e4d0-4b09-9471-d84532659de5,e434f80b-e4d0-4b09-9471-d84532659de5:news_agent:news_report:claim:47,news_agent,4. Synthesis & Trading Implications,46,Analysts framing the selloff as a buying opportunity.,neutral,0.25,Analysts framing the selloff as a buying opportunity.,analytical,neutral_or_unknown,True,,SUBSTANTIVE,NONE,dupgroup_87d1d38ecfdc,,,canrel_4b6f14a5ae65562d;canrel_ac02a10ac4419b35;canrel_95c4e78639df24ea;canrel_b581bf612cb3e457;canrel_9979117d9ada8a2c,False,False,False,False
e434f80b-e4d0-4b09-9471-d84532659de5,e434f80b-e4d0-4b09-9471-d84532659de5:news_agent:news_report:claim:48,news_agent,4. Synthesis & Trading Implications,47,Bearish / cautionary factors for NVDA:,negative,0.25,Bearish / cautionary factors for NVDA:,analytical,negative,True,,SUBSTANTIVE,NONE,dupgroup_fb87b22054f6,,,canrel_4b6f14a5ae65562d;canrel_ac02a10ac4419b35;canrel_95c4e78639df24ea;canrel_b581bf612cb3e457;canrel_9979117d9ada8a2c,False,False,False,False
e434f80b-e4d0-4b09-9471-d84532659de5,e434f80b-e4d0-4b09-9471-d84532659de5:news_agent:news_report:claim:49,news_agent,4. Synthesis & Trading Implications,48,Stock down 4% despite CEO's roadshow — market not fully reassured.,neutral,0.6,Stock down 4% despite CEO's roadshow — market not fully reassured.,analytical,neutral_or_unknown,True,,SUBSTANTIVE,NONE,dupgroup_5d6ce021d56c,,,canrel_4b6f14a5ae65562d;canrel_ac02a10ac4419b35;canrel_95c4e78639df24ea;canrel_b581bf612cb3e457;canrel_9979117d9ada8a2c,False,False,False,False
e434f80b-e4d0-4b09-9471-d84532659de5,e434f80b-e4d0-4b09-9471-d84532659de5:news_agent:news_report:claim:50,news_agent,4. Synthesis & Trading Implications,49,"""No rate cuts in 2026"" at 89% and rising — hawkish backdrop pressures high-multiple tech.",negative,0.75,"""No rate cuts in 2026"" at 89% and rising — hawkish backdrop pressures high-multiple tech.",analytical,negative,True,,SUBSTANTIVE,NONE,dupgroup_0eb3fd573803,,,canrel_4b6f14a5ae65562d;canrel_ac02a10ac4419b35;canrel_95c4e78639df24ea;canrel_b581bf612cb3e457;canrel_9979117d9ada8a2c,False,False,False,False
e434f80b-e4d0-4b09-9471-d84532659de5,e434f80b-e4d0-4b09-9471-d84532659de5:news_agent:news_report:claim:51,news_agent,4. Synthesis & Trading Implications,50,AI bubble burst probability rising (+2.9pp to 20%).,unknown,0.6,AI bubble burst probability rising (+2.9pp to 20%).,analytical,neutral_or_unknown,True,,SUBSTANTIVE,NONE,dupgroup_611f732794fc,,,canrel_4b6f14a5ae65562d;canrel_ac02a10ac4419b35;canrel_95c4e78639df24ea;canrel_b581bf612cb3e457;canrel_9979117d9ada8a2c,False,False,False,False
e434f80b-e4d0-4b09-9471-d84532659de5,e434f80b-e4d0-4b09-9471-d84532659de5:news_agent:news_report:claim:52,news_agent,4. Synthesis & Trading Implications,51,Elevated valuation leaves NVDA exposed to multiple compression.,unknown,0.25,Elevated valuation leaves NVDA exposed to multiple compression.,analytical,neutral_or_unknown,True,,SUBSTANTIVE,NONE,dupgroup_1a55556c46ec,Valuation Risk,A304,canrel_4b6f14a5ae65562d;canrel_ac02a10ac4419b35;canrel_95c4e78639df24ea;canrel_b581bf612cb3e457;canrel_9979117d9ada8a2c,True,True,False,False
e434f80b-e4d0-4b09-9471-d84532659de5,e434f80b-e4d0-4b09-9471-d84532659de5:news_agent:news_report:claim:53,news_agent,4. Synthesis & Trading Implications,52,Japan recession probability spiked to 44%.,negative,0.6,Japan recession probability spiked to 44%.,analytical,negative,True,,SUBSTANTIVE,NONE,dupgroup_32e20d5d7317,,,canrel_4b6f14a5ae65562d;canrel_ac02a10ac4419b35;canrel_95c4e78639df24ea;canrel_b581bf612cb3e457;canrel_9979117d9ada8a2c,False,False,False,False
e434f80b-e4d0-4b09-9471-d84532659de5,e434f80b-e4d0-4b09-9471-d84532659de5:news_agent:news_report:claim:54,news_agent,4. Synthesis & Trading Implications,53,Net assessment: The fundamental AI demand story for NVDA remains intact and is being reinforced by hyperscaler capex data.,unknown,0.6,Net assessment: The fundamental AI demand story for NVDA remains intact and is being reinforced by hyperscaler capex data.,analytical,neutral_or_unknown,True,,SUBSTANTIVE,NONE,dupgroup_2144df0eac32,AI Demand;AI CapEx,,canrel_4b6f14a5ae65562d;canrel_ac02a10ac4419b35;canrel_95c4e78639df24ea;canrel_b581bf612cb3e457;canrel_9979117d9ada8a2c,False,False,True,True
e434f80b-e4d0-4b09-9471-d84532659de5,e434f80b-e4d0-4b09-9471-d84532659de5:news_agent:news_report:claim:55,news_agent,4. Synthesis & Trading Implications,54,"However, the macro backdrop (no rate cuts, elevated valuation, rising AI-bubble risk) creates near-term headwinds.",neutral,0.4,"However, the macro backdrop (no rate cuts, elevated valuation, rising AI-bubble risk) creates near-term headwinds.",analytical,neutral_or_unknown,True,,SUBSTANTIVE,NONE,dupgroup_3c1a3402fd6c,,,canrel_4b6f14a5ae65562d;canrel_ac02a10ac4419b35;canrel_95c4e78639df24ea;canrel_b581bf612cb3e457;canrel_9979117d9ada8a2c,False,False,False,False
e434f80b-e4d0-4b09-9471-d84532659de5,e434f80b-e4d0-4b09-9471-d84532659de5:news_agent:news_report:claim:56,news_agent,4. Synthesis & Trading Implications,55,The market's 64% expectation of a $195–$200 close suggests stabilization rather than a sharp rebound.,unknown,0.75,The market's 64% expectation of a $195–$200 close suggests stabilization rather than a sharp rebound.,analytical,neutral_or_unknown,True,,SUBSTANTIVE,NONE,dupgroup_8f26470774bf,,,canrel_4b6f14a5ae65562d;canrel_ac02a10ac4419b35;canrel_95c4e78639df24ea;canrel_b581bf612cb3e457;canrel_9979117d9ada8a2c,False,False,False,False
e434f80b-e4d0-4b09-9471-d84532659de5,e434f80b-e4d0-4b09-9471-d84532659de5:news_agent:news_report:claim:57,news_agent,4. Synthesis & Trading Implications,56,This is a constructive long-term story with near-term valuation/macro risk — a HOLD-to-accumulate posture appears most consistent with the evidence.,negative,0.4,This is a constructive long-term story with near-term valuation/macro risk — a HOLD-to-accumulate posture appears most consistent with the evidence.,analytical,negative,True,,SUBSTANTIVE,NONE,dupgroup_30f23b6053a3,,,canrel_4b6f14a5ae65562d;canrel_ac02a10ac4419b35;canrel_95c4e78639df24ea;canrel_b581bf612cb3e457;canrel_9979117d9ada8a2c,False,False,False,False
e434f80b-e4d0-4b09-9471-d84532659de5,e434f80b-e4d0-4b09-9471-d84532659de5:news_agent:news_report:claim:58,news_agent,5. Key Points Summary Table,57,Theme: Hyperscaler AI CapEx; Evidence: Microsoft $41B AI spend; Azure growth accelerated; Implication for NVDA: Bullish — validates GPU demand engine,positive,0.75,Theme: Hyperscaler AI CapEx; Evidence: Microsoft $41B AI spend; Azure growth accelerated; Implication for NVDA: Bullish — validates GPU demand engine,analytical,positive,True,,SUBSTANTIVE,NONE,dupgroup_491ece51b390,AI CapEx;GPU Demand,A301,canrel_4b6f14a5ae65562d;canrel_ac02a10ac4419b35;canrel_95c4e78639df24ea;canrel_b581bf612cb3e457;canrel_9979117d9ada8a2c,True,True,False,False
e434f80b-e4d0-4b09-9471-d84532659de5,e434f80b-e4d0-4b09-9471-d84532659de5:news_agent:news_report:claim:59,news_agent,5. Key Points Summary Table,58,Theme: CEO Roadshow; Evidence: Huang addressed 3 investor concerns; stock down 4% since; Implication for NVDA: Neutral/negative — narrative not fully reassuring,neutral,0.75,Theme: CEO Roadshow; Evidence: Huang addressed 3 investor concerns; stock down 4% since; Implication for NVDA: Neutral/negative — narrative not fully reassuring,analytical,neutral_or_unknown,True,,SUBSTANTIVE,NONE,dupgroup_2436a2718e7b,,,canrel_4b6f14a5ae65562d;canrel_ac02a10ac4419b35;canrel_95c4e78639df24ea;canrel_b581bf612cb3e457;canrel_9979117d9ada8a2c,False,False,False,False
e434f80b-e4d0-4b09-9471-d84532659de5,e434f80b-e4d0-4b09-9471-d84532659de5:news_agent:news_report:claim:60,news_agent,5. Key Points Summary Table,59,Theme: AI Chip Selloff; Evidence: Zacks frames as buying opportunity in NVDA/Micron; Implication for NVDA: Constructive — demand drivers intact,neutral,0.4,Theme: AI Chip Selloff; Evidence: Zacks frames as buying opportunity in NVDA/Micron; Implication for NVDA: Constructive — demand drivers intact,analytical,neutral_or_unknown,True,,SUBSTANTIVE,NONE,dupgroup_4cacb38be6c9,,,canrel_4b6f14a5ae65562d;canrel_ac02a10ac4419b35;canrel_95c4e78639df24ea;canrel_b581bf612cb3e457;canrel_9979117d9ada8a2c,False,False,False,False
e434f80b-e4d0-4b09-9471-d84532659de5,e434f80b-e4d0-4b09-9471-d84532659de5:news_agent:news_report:claim:61,news_agent,5. Key Points Summary Table,60,Theme: Fed Policy; Evidence: 89% probability of NO rate cuts in 2026 (+4.9pp); Implication for NVDA: Bearish — hawkish backdrop pressures valuation,negative,0.75,Theme: Fed Policy; Evidence: 89% probability of NO rate cuts in 2026 (+4.9pp); Implication for NVDA: Bearish — hawkish backdrop pressures valuation,analytical,negative,True,,SUBSTANTIVE,NONE,dupgroup_95dc62c2b8b9,,,canrel_4b6f14a5ae65562d;canrel_ac02a10ac4419b35;canrel_95c4e78639df24ea;canrel_b581bf612cb3e457;canrel_9979117d9ada8a2c,False,False,False,False
e434f80b-e4d0-4b09-9471-d84532659de5,e434f80b-e4d0-4b09-9471-d84532659de5:news_agent:news_report:claim:62,news_agent,5. Key Points Summary Table,61,Theme: Inflation; Evidence: 40% chance July annual inflation = 3.4%; cooling; Implication for NVDA: Neutral — sticky but moderating,neutral,0.75,Theme: Inflation; Evidence: 40% chance July annual inflation = 3.4%; cooling; Implication for NVDA: Neutral — sticky but moderating,analytical,neutral_or_unknown,True,,SUBSTANTIVE,NONE,dupgroup_a38f93225b4f,,,canrel_4b6f14a5ae65562d;canrel_ac02a10ac4419b35;canrel_95c4e78639df24ea;canrel_b581bf612cb3e457;canrel_9979117d9ada8a2c,False,False,False,False
e434f80b-e4d0-4b09-9471-d84532659de5,e434f80b-e4d0-4b09-9471-d84532659de5:news_agent:news_report:claim:63,news_agent,5. Key Points Summary Table,62,Theme: US Recession; Evidence: 12% probability by end of 2026; Implication for NVDA: Bullish — low recession risk,positive,0.75,Theme: US Recession; Evidence: 12% probability by end of 2026; Implication for NVDA: Bullish — low recession risk,analytical,positive,True,,SUBSTANTIVE,NONE,dupgroup_38864fd358cf,Recession Risk,A501,canrel_4b6f14a5ae65562d;canrel_ac02a10ac4419b35;canrel_95c4e78639df24ea;canrel_b581bf612cb3e457;canrel_9979117d9ada8a2c,True,True,False,False
e434f80b-e4d0-4b09-9471-d84532659de5,e434f80b-e4d0-4b09-9471-d84532659de5:news_agent:news_report:claim:64,news_agent,5. Key Points Summary Table,63,Theme: AI Bubble; Evidence: 20% probability of burst in 2026 (+2.9pp); Implication for NVDA: Bearish — tail risk for high-beta AI play,negative,0.75,Theme: AI Bubble; Evidence: 20% probability of burst in 2026 (+2.9pp); Implication for NVDA: Bearish — tail risk for high-beta AI play,analytical,negative,True,,SUBSTANTIVE,NONE,dupgroup_f3f47f8cca3b,,,canrel_4b6f14a5ae65562d;canrel_ac02a10ac4419b35;canrel_95c4e78639df24ea;canrel_b581bf612cb3e457;canrel_9979117d9ada8a2c,False,False,False,False
e434f80b-e4d0-4b09-9471-d84532659de5,e434f80b-e4d0-4b09-9471-d84532659de5:news_agent:news_report:claim:65,news_agent,5. Key Points Summary Table,64,Theme: Global Chips; Evidence: Kospi +16% on chip stock surge; Implication for NVDA: Bullish — strong global demand signal,positive,0.85,Theme: Global Chips; Evidence: Kospi +16% on chip stock surge; Implication for NVDA: Bullish — strong global demand signal,analytical,positive,True,,SUBSTANTIVE,NONE,dupgroup_7cb0e69f97aa,,,canrel_4b6f14a5ae65562d;canrel_ac02a10ac4419b35;canrel_95c4e78639df24ea;canrel_b581bf612cb3e457;canrel_9979117d9ada8a2c,False,False,False,False
e434f80b-e4d0-4b09-9471-d84532659de5,e434f80b-e4d0-4b09-9471-d84532659de5:news_agent:news_report:claim:66,news_agent,5. Key Points Summary Table,65,Theme: NVDA Price; Evidence: 64% probability of $195–$200 close (Jul 31); Implication for NVDA: Neutral — stabilization expected,neutral,0.75,Theme: NVDA Price; Evidence: 64% probability of $195–$200 close (Jul 31); Implication for NVDA: Neutral — stabilization expected,analytical,neutral_or_unknown,True,,SUBSTANTIVE,NONE,dupgroup_edbf71068fe7,,,canrel_4b6f14a5ae65562d;canrel_ac02a10ac4419b35;canrel_95c4e78639df24ea;canrel_b581bf612cb3e457;canrel_9979117d9ada8a2c,False,False,False,False
e434f80b-e4d0-4b09-9471-d84532659de5,e434f80b-e4d0-4b09-9471-d84532659de5:news_agent:news_report:claim:67,news_agent,5. Key Points Summary Table,66,Theme: Japan Recession; Evidence: 44% probability (+34.5pp spike); Implication for NVDA: Caution — global growth concern,neutral,0.75,Theme: Japan Recession; Evidence: 44% probability (+34.5pp spike); Implication for NVDA: Caution — global growth concern,analytical,neutral_or_unknown,True,,SUBSTANTIVE,NONE,dupgroup_664f7eb24b40,,,canrel_4b6f14a5ae65562d;canrel_ac02a10ac4419b35;canrel_95c4e78639df24ea;canrel_b581bf612cb3e457;canrel_9979117d9ada8a2c,False,False,False,False
e434f80b-e4d0-4b09-9471-d84532659de5,e434f80b-e4d0-4b09-9471-d84532659de5:fundamental_agent:fundamentals_report:claim:1,fundamental_agent,NVIDIA Corporation (NVDA) — Comprehensive Fundamental Analysis Report,0,"Analysis Date: July 30, 2026 Company: NVIDIA Corporation Sector: Technology | Industry: Semiconductors Exchange: NMS (Nasdaq)",unknown,0.55,"Analysis Date: July 30, 2026 Company: NVIDIA Corporation Sector: Technology | Industry: Semiconductors Exchange: NMS (Nasdaq)",context_only,neutral_or_unknown,False,context_only_default_hidden,CONTEXT_ONLY,NONE,dupgroup_8a50ba7674d4,,,canrel_190605b4e2cfcc56;canrel_cacdbe752c5c6634;canrel_2433ee742bb2d707;canrel_8bcd143ed9136df4,False,False,False,False
e434f80b-e4d0-4b09-9471-d84532659de5,e434f80b-e4d0-4b09-9471-d84532659de5:fundamental_agent:fundamentals_report:claim:2,fundamental_agent,1. Company Profile & Market Snapshot,1,NVIDIA Corporation is the world's leading designer of graphics processing units (GPUs) and accelerated computing platforms.,unknown,0.4,NVIDIA Corporation is the world's leading designer of graphics processing units (GPUs) and accelerated computing platforms.,analytical,neutral_or_unknown,True,,SUBSTANTIVE,NONE,dupgroup_d9c05dec2790,,A101,canrel_190605b4e2cfcc56;canrel_cacdbe752c5c6634;canrel_2433ee742bb2d707;canrel_8bcd143ed9136df4,True,True,False,False
e434f80b-e4d0-4b09-9471-d84532659de5,e434f80b-e4d0-4b09-9471-d84532659de5:fundamental_agent:fundamentals_report:claim:3,fundamental_agent,1. Company Profile & Market Snapshot,2,"The company has transformed from a gaming-focused GPU maker into the dominant supplier of AI accelerators, data center compute, and full-stack accelerated computing infrastructure.",unknown,0.6,"The company has transformed from a gaming-focused GPU maker into the dominant supplier of AI accelerators, data center compute, and full-stack accelerated computing infrastructure.",analytical,neutral_or_unknown,True,,SUBSTANTIVE,NONE,dupgroup_70f92567715a,,,canrel_190605b4e2cfcc56;canrel_cacdbe752c5c6634;canrel_2433ee742bb2d707;canrel_8bcd143ed9136df4,False,False,False,False
e434f80b-e4d0-4b09-9471-d84532659de5,e434f80b-e4d0-4b09-9471-d84532659de5:fundamental_agent:fundamentals_report:claim:4,fundamental_agent,1. Company Profile & Market Snapshot,3,"Its CUDA software ecosystem creates a powerful moat, and its data center segment now drives the overwhelming majority of revenue and profit.",unknown,0.6,"Its CUDA software ecosystem creates a powerful moat, and its data center segment now drives the overwhelming majority of revenue and profit.",analytical,neutral_or_unknown,True,,SUBSTANTIVE,NONE,dupgroup_7f3bf4a65e48,,A103,canrel_190605b4e2cfcc56;canrel_cacdbe752c5c6634;canrel_2433ee742bb2d707;canrel_8bcd143ed9136df4,True,True,False,False
e434f80b-e4d0-4b09-9471-d84532659de5,e434f80b-e4d0-4b09-9471-d84532659de5:fundamental_agent:fundamentals_report:claim:5,fundamental_agent,1. Company Profile & Market Snapshot,4,Current Market Metrics (as of 2026-07-30):,unknown,0.4,Current Market Metrics (as of 2026-07-30):,context_only,neutral_or_unknown,False,context_only_default_hidden,CONTEXT_ONLY,NONE,dupgroup_034217ab60cf,,,canrel_190605b4e2cfcc56;canrel_cacdbe752c5c6634;canrel_2433ee742bb2d707;canrel_8bcd143ed9136df4,False,False,False,False
e434f80b-e4d0-4b09-9471-d84532659de5,e434f80b-e4d0-4b09-9471-d84532659de5:fundamental_agent:fundamentals_report:claim:6,fundamental_agent,1. Company Profile & Market Snapshot,5,Market Capitalization: $4.72 trillion,unknown,0.6,Market Capitalization: $4.72 trillion,context_only,neutral_or_unknown,False,context_only_default_hidden,CONTEXT_ONLY,NONE,dupgroup_608d65e07c4b,,,canrel_190605b4e2cfcc56;canrel_cacdbe752c5c6634;canrel_2433ee742bb2d707;canrel_8bcd143ed9136df4,False,False,False,False
e434f80b-e4d0-4b09-9471-d84532659de5,e434f80b-e4d0-4b09-9471-d84532659de5:fundamental_agent:fundamentals_report:claim:7,fundamental_agent,1. Company Profile & Market Snapshot,6,PE Ratio (TTM): 29.07x,unknown,0.4,PE Ratio (TTM): 29.07x,context_only,neutral_or_unknown,False,context_only_default_hidden,CONTEXT_ONLY,NONE,dupgroup_f7b53af126e3,,,canrel_190605b4e2cfcc56;canrel_cacdbe752c5c6634;canrel_2433ee742bb2d707;canrel_8bcd143ed9136df4,False,False,False,False
e434f80b-e4d0-4b09-9471-d84532659de5,e434f80b-e4d0-4b09-9471-d84532659de5:fundamental_agent:fundamentals_report:claim:8,fundamental_agent,1. Company Profile & Market Snapshot,7,Price to Book: 24.17x,unknown,0.4,Price to Book: 24.17x,context_only,neutral_or_unknown,False,context_only_default_hidden,CONTEXT_ONLY,NONE,dupgroup_d3be98152c54,,,canrel_190605b4e2cfcc56;canrel_cacdbe752c5c6634;canrel_2433ee742bb2d707;canrel_8bcd143ed9136df4,False,False,False,False
e434f80b-e4d0-4b09-9471-d84532659de5,e434f80b-e4d0-4b09-9471-d84532659de5:fundamental_agent:fundamentals_report:claim:9,fundamental_agent,1. Company Profile & Market Snapshot,8,52-Week Range: $164.07 – $236.54,unknown,0.6,52-Week Range: $164.07 – $236.54,context_only,neutral_or_unknown,False,context_only_default_hidden,CONTEXT_ONLY,NONE,dupgroup_70b9a935fb44,,,canrel_190605b4e2cfcc56;canrel_cacdbe752c5c6634;canrel_2433ee742bb2d707;canrel_8bcd143ed9136df4,False,False,False,False
e434f80b-e4d0-4b09-9471-d84532659de5,e434f80b-e4d0-4b09-9471-d84532659de5:fundamental_agent:fundamentals_report:claim:10,fundamental_agent,1. Company Profile & Market Snapshot,9,50-Day Average: $207.12 | 200-Day Average: $192.99,unknown,0.6,50-Day Average: $207.12 | 200-Day Average: $192.99,context_only,neutral_or_unknown,False,context_only_default_hidden,CONTEXT_ONLY,NONE,dupgroup_913bd2c68468,,,canrel_190605b4e2cfcc56;canrel_cacdbe752c5c6634;canrel_2433ee742bb2d707;canrel_8bcd143ed9136df4,False,False,False,False
e434f80b-e4d0-4b09-9471-d84532659de5,e434f80b-e4d0-4b09-9471-d84532659de5:fundamental_agent:fundamentals_report:claim:11,fundamental_agent,1. Company Profile & Market Snapshot,10,"The stock trades well above its 200-day average, reflecting strong momentum.",positive,0.5,"The stock trades well above its 200-day average, reflecting strong momentum.",analytical,positive,True,,SUBSTANTIVE,NONE,dupgroup_40a70e296688,,,canrel_190605b4e2cfcc56;canrel_cacdbe752c5c6634;canrel_2433ee742bb2d707;canrel_8bcd143ed9136df4,False,False,False,False
e434f80b-e4d0-4b09-9471-d84532659de5,e434f80b-e4d0-4b09-9471-d84532659de5:fundamental_agent:fundamentals_report:claim:12,fundamental_agent,1. Company Profile & Market Snapshot,11,"The forward PE of 15x is notably low relative to the trailing PE, indicating the market expects substantial continued earnings growth.",positive,0.55,"The forward PE of 15x is notably low relative to the trailing PE, indicating the market expects substantial continued earnings growth.",analytical,positive,True,,SUBSTANTIVE,NONE,dupgroup_11fbde6c990f,,,canrel_190605b4e2cfcc56;canrel_cacdbe752c5c6634;canrel_2433ee742bb2d707;canrel_8bcd143ed9136df4,False,False,False,False
e434f80b-e4d0-4b09-9471-d84532659de5,e434f80b-e4d0-4b09-9471-d84532659de5:fundamental_agent:fundamentals_report:claim:13,fundamental_agent,Quarterly Revenue & Profitability (FY2026 quarters),12,Metric: Total Revenue; Q1 FY26 (Apr-26): $81.62B; Q4 FY25 (Jan-26): $68.13B; Q3 FY25 (Oct-25): $57.01B; Q2 FY25 (Jul-25): $46.74B; Q1 FY25 (Apr-25): $44.06B,unknown,0.75,Metric: Total Revenue; Q1 FY26 (Apr-26): $81.62B; Q4 FY25 (Jan-26): $68.13B; Q3 FY25 (Oct-25): $57.01B; Q2 FY25 (Jul-25): $46.74B; Q1 FY25 (Apr-25): $44.06B,context_only,neutral_or_unknown,False,context_only_default_hidden,CONTEXT_ONLY,NONE,dupgroup_793a337b6d9a,,,canrel_190605b4e2cfcc56;canrel_cacdbe752c5c6634;canrel_2433ee742bb2d707;canrel_8bcd143ed9136df4,False,False,False,False
e434f80b-e4d0-4b09-9471-d84532659de5,e434f80b-e4d0-4b09-9471-d84532659de5:fundamental_agent:fundamentals_report:claim:14,fundamental_agent,Quarterly Revenue & Profitability (FY2026 quarters),13,Metric: Gross Profit; Q1 FY26 (Apr-26): $61.16B; Q4 FY25 (Jan-26): $51.09B; Q3 FY25 (Oct-25): $41.85B; Q2 FY25 (Jul-25): $33.85B; Q1 FY25 (Apr-25): $26.67B,unknown,0.75,Metric: Gross Profit; Q1 FY26 (Apr-26): $61.16B; Q4 FY25 (Jan-26): $51.09B; Q3 FY25 (Oct-25): $41.85B; Q2 FY25 (Jul-25): $33.85B; Q1 FY25 (Apr-25): $26.67B,context_only,neutral_or_unknown,False,context_only_default_hidden,CONTEXT_ONLY,NONE,dupgroup_603d4bfaea63,,,canrel_190605b4e2cfcc56;canrel_cacdbe752c5c6634;canrel_2433ee742bb2d707;canrel_8bcd143ed9136df4,False,False,False,False
e434f80b-e4d0-4b09-9471-d84532659de5,e434f80b-e4d0-4b09-9471-d84532659de5:fundamental_agent:fundamentals_report:claim:15,fundamental_agent,Quarterly Revenue & Profitability (FY2026 quarters),14,Metric: Gross Margin; Q1 FY26 (Apr-26): 74.9%; Q4 FY25 (Jan-26): 75.0%; Q3 FY25 (Oct-25): 73.4%; Q2 FY25 (Jul-25): 72.4%; Q1 FY25 (Apr-25): 60.5%,unknown,0.75,Metric: Gross Margin; Q1 FY26 (Apr-26): 74.9%; Q4 FY25 (Jan-26): 75.0%; Q3 FY25 (Oct-25): 73.4%; Q2 FY25 (Jul-25): 72.4%; Q1 FY25 (Apr-25): 60.5%,context_only,neutral_or_unknown,False,context_only_default_hidden,CONTEXT_ONLY,NONE,dupgroup_5dfad9a36767,,,canrel_190605b4e2cfcc56;canrel_cacdbe752c5c6634;canrel_2433ee742bb2d707;canrel_8bcd143ed9136df4,False,False,False,False
e434f80b-e4d0-4b09-9471-d84532659de5,e434f80b-e4d0-4b09-9471-d84532659de5:fundamental_agent:fundamentals_report:claim:16,fundamental_agent,Quarterly Revenue & Profitability (FY2026 quarters),15,Metric: Operating Income; Q1 FY26 (Apr-26): $53.54B; Q4 FY25 (Jan-26): $44.30B; Q3 FY25 (Oct-25): $36.01B; Q2 FY25 (Jul-25): $28.44B; Q1 FY25 (Apr-25): $21.64B,unknown,0.75,Metric: Operating Income; Q1 FY26 (Apr-26): $53.54B; Q4 FY25 (Jan-26): $44.30B; Q3 FY25 (Oct-25): $36.01B; Q2 FY25 (Jul-25): $28.44B; Q1 FY25 (Apr-25): $21.64B,context_only,neutral_or_unknown,False,context_only_default_hidden,CONTEXT_ONLY,NONE,dupgroup_e6ab743a8aae,,,canrel_190605b4e2cfcc56;canrel_cacdbe752c5c6634;canrel_2433ee742bb2d707;canrel_8bcd143ed9136df4,False,False,False,False
e434f80b-e4d0-4b09-9471-d84532659de5,e434f80b-e4d0-4b09-9471-d84532659de5:fundamental_agent:fundamentals_report:claim:17,fundamental_agent,Quarterly Revenue & Profitability (FY2026 quarters),16,Metric: Operating Margin; Q1 FY26 (Apr-26): 65.6%; Q4 FY25 (Jan-26): 65.0%; Q3 FY25 (Oct-25): 63.2%; Q2 FY25 (Jul-25): 60.8%; Q1 FY25 (Apr-25): 49.1%,unknown,0.75,Metric: Operating Margin; Q1 FY26 (Apr-26): 65.6%; Q4 FY25 (Jan-26): 65.0%; Q3 FY25 (Oct-25): 63.2%; Q2 FY25 (Jul-25): 60.8%; Q1 FY25 (Apr-25): 49.1%,context_only,neutral_or_unknown,False,context_only_default_hidden,CONTEXT_ONLY,NONE,dupgroup_519b10c76ceb,,,canrel_190605b4e2cfcc56;canrel_cacdbe752c5c6634;canrel_2433ee742bb2d707;canrel_8bcd143ed9136df4,False,False,False,False
e434f80b-e4d0-4b09-9471-d84532659de5,e434f80b-e4d0-4b09-9471-d84532659de5:fundamental_agent:fundamentals_report:claim:18,fundamental_agent,Quarterly Revenue & Profitability (FY2026 quarters),17,Metric: Net Income; Q1 FY26 (Apr-26): $58.32B; Q4 FY25 (Jan-26): $42.96B; Q3 FY25 (Oct-25): $31.91B; Q2 FY25 (Jul-25): $26.42B; Q1 FY25 (Apr-25): $18.78B,unknown,0.75,Metric: Net Income; Q1 FY26 (Apr-26): $58.32B; Q4 FY25 (Jan-26): $42.96B; Q3 FY25 (Oct-25): $31.91B; Q2 FY25 (Jul-25): $26.42B; Q1 FY25 (Apr-25): $18.78B,context_only,neutral_or_unknown,False,context_only_default_hidden,CONTEXT_ONLY,NONE,dupgroup_0e7b856af67a,,,canrel_190605b4e2cfcc56;canrel_cacdbe752c5c6634;canrel_2433ee742bb2d707;canrel_8bcd143ed9136df4,False,False,False,False
e434f80b-e4d0-4b09-9471-d84532659de5,e434f80b-e4d0-4b09-9471-d84532659de5:fundamental_agent:fundamentals_report:claim:19,fundamental_agent,Quarterly Revenue & Profitability (FY2026 quarters),18,Metric: Diluted EPS; Q1 FY26 (Apr-26): $2.39; Q4 FY25 (Jan-26): $1.76; Q3 FY25 (Oct-25): $1.30; Q2 FY25 (Jul-25): $1.08; Q1 FY25 (Apr-25): $0.76,unknown,0.75,Metric: Diluted EPS; Q1 FY26 (Apr-26): $2.39; Q4 FY25 (Jan-26): $1.76; Q3 FY25 (Oct-25): $1.30; Q2 FY25 (Jul-25): $1.08; Q1 FY25 (Apr-25): $0.76,context_only,neutral_or_unknown,False,context_only_default_hidden,CONTEXT_ONLY,NONE,dupgroup_cfbbc3f6a56f,,,canrel_190605b4e2cfcc56;canrel_cacdbe752c5c6634;canrel_2433ee742bb2d707;canrel_8bcd143ed9136df4,False,False,False,False
e434f80b-e4d0-4b09-9471-d84532659de5,e434f80b-e4d0-4b09-9471-d84532659de5:fundamental_agent:fundamentals_report:claim:20,fundamental_agent,Quarterly Revenue & Profitability (FY2026 quarters),19,Explosive sequential revenue growth: Revenue grew from $44.06B in Q1 FY25 to $81.62B in Q1 FY26 — an 85% year-over-year increase.,positive,0.75,Explosive sequential revenue growth: Revenue grew from $44.06B in Q1 FY25 to $81.62B in Q1 FY26 — an 85% year-over-year increase.,analytical,positive,True,,SUBSTANTIVE,NONE,dupgroup_e93c953d018d,Revenue Growth,A301,canrel_190605b4e2cfcc56;canrel_cacdbe752c5c6634;canrel_2433ee742bb2d707;canrel_8bcd143ed9136df4,True,True,False,False
e434f80b-e4d0-4b09-9471-d84532659de5,e434f80b-e4d0-4b09-9471-d84532659de5:fundamental_agent:fundamentals_report:claim:21,fundamental_agent,Quarterly Revenue & Profitability (FY2026 quarters),20,The most recent quarter (Q1 FY26) posted a 19.8% sequential jump over Q4 FY25.,unknown,0.6,The most recent quarter (Q1 FY26) posted a 19.8% sequential jump over Q4 FY25.,context_only,neutral_or_unknown,False,context_only_default_hidden,CONTEXT_ONLY,NONE,dupgroup_7cd6c78e1ae2,,,canrel_190605b4e2cfcc56;canrel_cacdbe752c5c6634;canrel_2433ee742bb2d707;canrel_8bcd143ed9136df4,False,False,False,False
e434f80b-e4d0-4b09-9471-d84532659de5,e434f80b-e4d0-4b09-9471-d84532659de5:fundamental_agent:fundamentals_report:claim:22,fundamental_agent,Quarterly Revenue & Profitability (FY2026 quarters),21,"Gross margin expansion: Gross margin improved from 60.5% in Q1 FY25 to 75% in the latest quarter, reflecting a favorable product mix shift toward high-margin data center AI accelerators and away from lower-margin legacy products.",unknown,0.75,"Gross margin expansion: Gross margin improved from 60.5% in Q1 FY25 to 75% in the latest quarter, reflecting a favorable product mix shift toward high-margin data center AI accelerators and away from lower-margin legacy products.",analytical,neutral_or_unknown,True,,SUBSTANTIVE,NONE,dupgroup_8288743b4f9c,,,canrel_190605b4e2cfcc56;canrel_cacdbe752c5c6634;canrel_2433ee742bb2d707;canrel_8bcd143ed9136df4,False,False,False,False
e434f80b-e4d0-4b09-9471-d84532659de5,e434f80b-e4d0-4b09-9471-d84532659de5:fundamental_agent:fundamentals_report:claim:23,fundamental_agent,Quarterly Revenue & Profitability (FY2026 quarters),22,"Operating leverage: Operating margin expanded from 49.1% to 65.6% over the trailing four quarters, demonstrating exceptional operating leverage as revenue scales faster than costs.",unknown,0.75,"Operating leverage: Operating margin expanded from 49.1% to 65.6% over the trailing four quarters, demonstrating exceptional operating leverage as revenue scales faster than costs.",analytical,neutral_or_unknown,True,,SUBSTANTIVE,NONE,dupgroup_6a17362d832a,,,canrel_190605b4e2cfcc56;canrel_cacdbe752c5c6634;canrel_2433ee742bb2d707;canrel_8bcd143ed9136df4,False,False,False,False
e434f80b-e4d0-4b09-9471-d84532659de5,e434f80b-e4d0-4b09-9471-d84532659de5:fundamental_agent:fundamentals_report:claim:24,fundamental_agent,Quarterly Revenue & Profitability (FY2026 quarters),23,Net income nearly tripled YoY: Net income grew from $18.78B to $58.32B over the year.,unknown,0.75,Net income nearly tripled YoY: Net income grew from $18.78B to $58.32B over the year.,analytical,neutral_or_unknown,True,,SUBSTANTIVE,NONE,dupgroup_fdc9e92975a4,,,canrel_190605b4e2cfcc56;canrel_cacdbe752c5c6634;canrel_2433ee742bb2d707;canrel_8bcd143ed9136df4,False,False,False,False
e434f80b-e4d0-4b09-9471-d84532659de5,e434f80b-e4d0-4b09-9471-d84532659de5:fundamental_agent:fundamentals_report:claim:25,fundamental_agent,Annual Revenue & Profitability,24,Metric: Total Revenue; FY2026 (Jan-26): $215.94B; FY2025 (Jan-25): $130.50B; FY2024 (Jan-24): $60.92B; FY2023 (Jan-23): $26.97B,unknown,0.75,Metric: Total Revenue; FY2026 (Jan-26): $215.94B; FY2025 (Jan-25): $130.50B; FY2024 (Jan-24): $60.92B; FY2023 (Jan-23): $26.97B,context_only,neutral_or_unknown,False,context_only_default_hidden,CONTEXT_ONLY,NONE,dupgroup_9c31e6ebd0ba,,,canrel_190605b4e2cfcc56;canrel_cacdbe752c5c6634;canrel_2433ee742bb2d707;canrel_8bcd143ed9136df4,False,False,False,False
e434f80b-e4d0-4b09-9471-d84532659de5,e434f80b-e4d0-4b09-9471-d84532659de5:fundamental_agent:fundamentals_report:claim:26,fundamental_agent,Annual Revenue & Profitability,25,Metric: Gross Profit; FY2026 (Jan-26): $153.46B; FY2025 (Jan-25): $97.86B; FY2024 (Jan-24): $44.30B; FY2023 (Jan-23): $15.36B,unknown,0.75,Metric: Gross Profit; FY2026 (Jan-26): $153.46B; FY2025 (Jan-25): $97.86B; FY2024 (Jan-24): $44.30B; FY2023 (Jan-23): $15.36B,context_only,neutral_or_unknown,False,context_only_default_hidden,CONTEXT_ONLY,NONE,dupgroup_d3f62e478baf,,,canrel_190605b4e2cfcc56;canrel_cacdbe752c5c6634;canrel_2433ee742bb2d707;canrel_8bcd143ed9136df4,False,False,False,False
e434f80b-e4d0-4b09-9471-d84532659de5,e434f80b-e4d0-4b09-9471-d84532659de5:fundamental_agent:fundamentals_report:claim:27,fundamental_agent,Annual Revenue & Profitability,26,Metric: Gross Margin; FY2026 (Jan-26): 71.1%; FY2025 (Jan-25): 75.0%; FY2024 (Jan-24): 72.7%; FY2023 (Jan-23): 57.0%,unknown,0.75,Metric: Gross Margin; FY2026 (Jan-26): 71.1%; FY2025 (Jan-25): 75.0%; FY2024 (Jan-24): 72.7%; FY2023 (Jan-23): 57.0%,context_only,neutral_or_unknown,False,context_only_default_hidden,CONTEXT_ONLY,NONE,dupgroup_7a880d8723eb,,,canrel_190605b4e2cfcc56;canrel_cacdbe752c5c6634;canrel_2433ee742bb2d707;canrel_8bcd143ed9136df4,False,False,False,False
e434f80b-e4d0-4b09-9471-d84532659de5,e434f80b-e4d0-4b09-9471-d84532659de5:fundamental_agent:fundamentals_report:claim:28,fundamental_agent,Annual Revenue & Profitability,27,Metric: Operating Income; FY2026 (Jan-26): $130.39B; FY2025 (Jan-25): $81.45B; FY2024 (Jan-24): $32.97B; FY2023 (Jan-23): $5.58B,unknown,0.75,Metric: Operating Income; FY2026 (Jan-26): $130.39B; FY2025 (Jan-25): $81.45B; FY2024 (Jan-24): $32.97B; FY2023 (Jan-23): $5.58B,context_only,neutral_or_unknown,False,context_only_default_hidden,CONTEXT_ONLY,NONE,dupgroup_0dd795c4b3ee,,,canrel_190605b4e2cfcc56;canrel_cacdbe752c5c6634;canrel_2433ee742bb2d707;canrel_8bcd143ed9136df4,False,False,False,False
e434f80b-e4d0-4b09-9471-d84532659de5,e434f80b-e4d0-4b09-9471-d84532659de5:fundamental_agent:fundamentals_report:claim:29,fundamental_agent,Annual Revenue & Profitability,28,Metric: Net Income; FY2026 (Jan-26): $120.07B; FY2025 (Jan-25): $72.88B; FY2024 (Jan-24): $29.76B; FY2023 (Jan-23): $4.37B,unknown,0.75,Metric: Net Income; FY2026 (Jan-26): $120.07B; FY2025 (Jan-25): $72.88B; FY2024 (Jan-24): $29.76B; FY2023 (Jan-23): $4.37B,context_only,neutral_or_unknown,False,context_only_default_hidden,CONTEXT_ONLY,NONE,dupgroup_b9a48d64ebdb,,,canrel_190605b4e2cfcc56;canrel_cacdbe752c5c6634;canrel_2433ee742bb2d707;canrel_8bcd143ed9136df4,False,False,False,False
e434f80b-e4d0-4b09-9471-d84532659de5,e434f80b-e4d0-4b09-9471-d84532659de5:fundamental_agent:fundamentals_report:claim:30,fundamental_agent,Annual Revenue & Profitability,29,Metric: Diluted EPS; FY2026 (Jan-26): $4.90; FY2025 (Jan-25): $2.94; FY2024 (Jan-24): $1.19; FY2023 (Jan-23): $0.17,unknown,0.75,Metric: Diluted EPS; FY2026 (Jan-26): $4.90; FY2025 (Jan-25): $2.94; FY2024 (Jan-24): $1.19; FY2023 (Jan-23): $0.17,context_only,neutral_or_unknown,False,context_only_default_hidden,CONTEXT_ONLY,NONE,dupgroup_6e89b51c96b8,,,canrel_190605b4e2cfcc56;canrel_cacdbe752c5c6634;canrel_2433ee742bb2d707;canrel_8bcd143ed9136df4,False,False,False,False
e434f80b-e4d0-4b09-9471-d84532659de5,e434f80b-e4d0-4b09-9471-d84532659de5:fundamental_agent:fundamentals_report:claim:31,fundamental_agent,Annual Revenue & Profitability,30,Annual trajectory: Revenue has grown from $26.97B in FY2023 to $215.94B in FY2026 — an 8x expansion in just three fiscal years.,unknown,0.75,Annual trajectory: Revenue has grown from $26.97B in FY2023 to $215.94B in FY2026 — an 8x expansion in just three fiscal years.,analytical,neutral_or_unknown,True,,SUBSTANTIVE,NONE,dupgroup_6982a946e63e,,,canrel_190605b4e2cfcc56;canrel_cacdbe752c5c6634;canrel_2433ee742bb2d707;canrel_8bcd143ed9136df4,False,False,False,False
e434f80b-e4d0-4b09-9471-d84532659de5,e434f80b-e4d0-4b09-9471-d84532659de5:fundamental_agent:fundamentals_report:claim:32,fundamental_agent,Annual Revenue & Profitability,31,Net income grew from $4.37B to $120.07B over the same period (27x).,unknown,0.6,Net income grew from $4.37B to $120.07B over the same period (27x).,analytical,neutral_or_unknown,True,,SUBSTANTIVE,NONE,dupgroup_88678010027b,,,canrel_190605b4e2cfcc56;canrel_cacdbe752c5c6634;canrel_2433ee742bb2d707;canrel_8bcd143ed9136df4,False,False,False,False
e434f80b-e4d0-4b09-9471-d84532659de5,e434f80b-e4d0-4b09-9471-d84532659de5:fundamental_agent:fundamentals_report:claim:33,fundamental_agent,Annual Revenue & Profitability,32,"This represents one of the most extraordinary growth trajectories in corporate history, driven by the AI infrastructure buildout.",positive,0.6,"This represents one of the most extraordinary growth trajectories in corporate history, driven by the AI infrastructure buildout.",analytical,positive,True,,SUBSTANTIVE,NONE,dupgroup_03e92507f6f8,AI Infrastructure,,canrel_190605b4e2cfcc56;canrel_cacdbe752c5c6634;canrel_2433ee742bb2d707;canrel_8bcd143ed9136df4,False,False,False,False
e434f80b-e4d0-4b09-9471-d84532659de5,e434f80b-e4d0-4b09-9471-d84532659de5:fundamental_agent:fundamentals_report:claim:34,fundamental_agent,Quarterly Balance Sheet Highlights,33,Metric: Total Assets; Apr-26: $259.47B; Jan-26: $206.80B; Oct-25: $161.15B; Jul-25: $140.74B; Apr-25: $125.25B,unknown,0.75,Metric: Total Assets; Apr-26: $259.47B; Jan-26: $206.80B; Oct-25: $161.15B; Jul-25: $140.74B; Apr-25: $125.25B,context_only,neutral_or_unknown,False,context_only_default_hidden,CONTEXT_ONLY,NONE,dupgroup_707dcb78cb22,,,canrel_190605b4e2cfcc56;canrel_cacdbe752c5c6634;canrel_2433ee742bb2d707;canrel_8bcd143ed9136df4,False,False,False,False
e434f80b-e4d0-4b09-9471-d84532659de5,e434f80b-e4d0-4b09-9471-d84532659de5:fundamental_agent:fundamentals_report:claim:35,fundamental_agent,Quarterly Balance Sheet Highlights,34,Metric: Cash & ST Investments; Apr-26: $80.57B; Jan-26: $62.56B; Oct-25: $60.61B; Jul-25: $53.99B; Apr-25: $52.69B,unknown,0.75,Metric: Cash & ST Investments; Apr-26: $80.57B; Jan-26: $62.56B; Oct-25: $60.61B; Jul-25: $53.99B; Apr-25: $52.69B,context_only,neutral_or_unknown,False,context_only_default_hidden,CONTEXT_ONLY,NONE,dupgroup_2b83da3eb275,,,canrel_190605b4e2cfcc56;canrel_cacdbe752c5c6634;canrel_2433ee742bb2d707;canrel_8bcd143ed9136df4,False,False,False,False
e434f80b-e4d0-4b09-9471-d84532659de5,e434f80b-e4d0-4b09-9471-d84532659de5:fundamental_agent:fundamentals_report:claim:36,fundamental_agent,Quarterly Balance Sheet Highlights,35,Metric: Total Debt; Apr-26: $12.35B; Jan-26: $11.04B; Oct-25: $10.48B; Jul-25: $10.60B; Apr-25: $10.29B,unknown,0.75,Metric: Total Debt; Apr-26: $12.35B; Jan-26: $11.04B; Oct-25: $10.48B; Jul-25: $10.60B; Apr-25: $10.29B,context_only,neutral_or_unknown,False,context_only_default_hidden,CONTEXT_ONLY,NONE,dupgroup_706826346ef8,,,canrel_190605b4e2cfcc56;canrel_cacdbe752c5c6634;canrel_2433ee742bb2d707;canrel_8bcd143ed9136df4,False,False,False,False
e434f80b-e4d0-4b09-9471-d84532659de5,e434f80b-e4d0-4b09-9471-d84532659de5:fundamental_agent:fundamentals_report:claim:37,fundamental_agent,Quarterly Balance Sheet Highlights,36,Metric: Stockholders' Equity; Apr-26: $195.47B; Jan-26: $157.29B; Oct-25: $118.90B; Jul-25: $100.13B; Apr-25: $83.84B,neutral,0.75,Metric: Stockholders' Equity; Apr-26: $195.47B; Jan-26: $157.29B; Oct-25: $118.90B; Jul-25: $100.13B; Apr-25: $83.84B,context_only,neutral_or_unknown,False,context_only_default_hidden,CONTEXT_ONLY,NONE,dupgroup_c2ec482115e3,,,canrel_190605b4e2cfcc56;canrel_cacdbe752c5c6634;canrel_2433ee742bb2d707;canrel_8bcd143ed9136df4,False,False,False,False
e434f80b-e4d0-4b09-9471-d84532659de5,e434f80b-e4d0-4b09-9471-d84532659de5:fundamental_agent:fundamentals_report:claim:38,fundamental_agent,Quarterly Balance Sheet Highlights,37,Metric: Inventory; Apr-26: $25.80B; Jan-26: $21.40B; Oct-25: $19.78B; Jul-25: $14.96B; Apr-25: $11.33B,unknown,0.75,Metric: Inventory; Apr-26: $25.80B; Jan-26: $21.40B; Oct-25: $19.78B; Jul-25: $14.96B; Apr-25: $11.33B,context_only,neutral_or_unknown,False,context_only_default_hidden,CONTEXT_ONLY,NONE,dupgroup_82acdf9e2630,,,canrel_190605b4e2cfcc56;canrel_cacdbe752c5c6634;canrel_2433ee742bb2d707;canrel_8bcd143ed9136df4,False,False,False,False
e434f80b-e4d0-4b09-9471-d84532659de5,e434f80b-e4d0-4b09-9471-d84532659de5:fundamental_agent:fundamentals_report:claim:39,fundamental_agent,Quarterly Balance Sheet Highlights,38,Metric: Receivables; Apr-26: $40.71B; Jan-26: $38.47B; Oct-25: $33.39B; Jul-25: $27.81B; Apr-25: $22.13B,unknown,0.75,Metric: Receivables; Apr-26: $40.71B; Jan-26: $38.47B; Oct-25: $33.39B; Jul-25: $27.81B; Apr-25: $22.13B,context_only,neutral_or_unknown,False,context_only_default_hidden,CONTEXT_ONLY,NONE,dupgroup_9cd2f0d5883e,,,canrel_190605b4e2cfcc56;canrel_cacdbe752c5c6634;canrel_2433ee742bb2d707;canrel_8bcd143ed9136df4,False,False,False,False
e434f80b-e4d0-4b09-9471-d84532659de5,e434f80b-e4d0-4b09-9471-d84532659de5:fundamental_agent:fundamentals_report:claim:40,fundamental_agent,Quarterly Balance Sheet Highlights,39,Metric: Current Ratio; Apr-26: 3.44; Jan-26: 3.90; Oct-25: 4.47; Jul-25: 4.21; Apr-25: 3.39,unknown,0.55,Metric: Current Ratio; Apr-26: 3.44; Jan-26: 3.90; Oct-25: 4.47; Jul-25: 4.21; Apr-25: 3.39,context_only,neutral_or_unknown,False,context_only_default_hidden,CONTEXT_ONLY,NONE,dupgroup_20d646202480,,,canrel_190605b4e2cfcc56;canrel_cacdbe752c5c6634;canrel_2433ee742bb2d707;canrel_8bcd143ed9136df4,False,False,False,False
e434f80b-e4d0-4b09-9471-d84532659de5,e434f80b-e4d0-4b09-9471-d84532659de5:fundamental_agent:fundamentals_report:claim:41,fundamental_agent,Quarterly Balance Sheet Highlights,40,"Massive cash fortress: Cash and short-term investments grew to $80.57B, up from $52.69B a year earlier.",unknown,0.75,"Massive cash fortress: Cash and short-term investments grew to $80.57B, up from $52.69B a year earlier.",analytical,neutral_or_unknown,True,,SUBSTANTIVE,NONE,dupgroup_e5c8e1c57fc0,,,canrel_190605b4e2cfcc56;canrel_cacdbe752c5c6634;canrel_2433ee742bb2d707;canrel_8bcd143ed9136df4,False,False,False,False
e434f80b-e4d0-4b09-9471-d84532659de5,e434f80b-e4d0-4b09-9471-d84532659de5:fundamental_agent:fundamentals_report:claim:42,fundamental_agent,Quarterly Balance Sheet Highlights,41,NVIDIA holds a net cash position of roughly $68B (cash minus total debt).,neutral,0.6,NVIDIA holds a net cash position of roughly $68B (cash minus total debt).,context_only,neutral_or_unknown,False,context_only_default_hidden,CONTEXT_ONLY,NONE,dupgroup_bfef2e28be7b,,,canrel_190605b4e2cfcc56;canrel_cacdbe752c5c6634;canrel_2433ee742bb2d707;canrel_8bcd143ed9136df4,False,False,False,False
e434f80b-e4d0-4b09-9471-d84532659de5,e434f80b-e4d0-4b09-9471-d84532659de5:fundamental_agent:fundamentals_report:claim:43,fundamental_agent,Quarterly Balance Sheet Highlights,42,"Rapid equity accumulation: Stockholders' equity more than doubled from $83.84B to $195.47B over the trailing year, driven by retained earnings.",neutral,0.75,"Rapid equity accumulation: Stockholders' equity more than doubled from $83.84B to $195.47B over the trailing year, driven by retained earnings.",analytical,neutral_or_unknown,True,,SUBSTANTIVE,NONE,dupgroup_0e3e68b54f97,,,canrel_190605b4e2cfcc56;canrel_cacdbe752c5c6634;canrel_2433ee742bb2d707;canrel_8bcd143ed9136df4,False,False,False,False
e434f80b-e4d0-4b09-9471-d84532659de5,e434f80b-e4d0-4b09-9471-d84532659de5:fundamental_agent:fundamentals_report:claim:44,fundamental_agent,Quarterly Balance Sheet Highlights,43,"Inventory build: Inventory rose to $25.80B, reflecting NVIDIA's strategy of securing supply chain capacity and building buffer stock for AI accelerators amid strong demand.",positive,0.85,"Inventory build: Inventory rose to $25.80B, reflecting NVIDIA's strategy of securing supply chain capacity and building buffer stock for AI accelerators amid strong demand.",analytical,positive,True,,SUBSTANTIVE,NONE,dupgroup_1a4ff2fbbaeb,,A301,canrel_190605b4e2cfcc56;canrel_cacdbe752c5c6634;canrel_2433ee742bb2d707;canrel_8bcd143ed9136df4,True,True,False,False
e434f80b-e4d0-4b09-9471-d84532659de5,e434f80b-e4d0-4b09-9471-d84532659de5:fundamental_agent:fundamentals_report:claim:45,fundamental_agent,Quarterly Balance Sheet Highlights,44,This is a deliberate investment in future revenue rather than a sign of demand weakness.,unknown,0.4,This is a deliberate investment in future revenue rather than a sign of demand weakness.,analytical,neutral_or_unknown,True,,SUBSTANTIVE,NONE,dupgroup_7157dcb343fd,,,canrel_190605b4e2cfcc56;canrel_cacdbe752c5c6634;canrel_2433ee742bb2d707;canrel_8bcd143ed9136df4,False,False,False,False
e434f80b-e4d0-4b09-9471-d84532659de5,e434f80b-e4d0-4b09-9471-d84532659de5:fundamental_agent:fundamentals_report:claim:46,fundamental_agent,Quarterly Balance Sheet Highlights,45,"Receivables growth: Receivables grew to $40.71B, tracking the revenue surge.",positive,0.6,"Receivables growth: Receivables grew to $40.71B, tracking the revenue surge.",analytical,positive,True,,SUBSTANTIVE,NONE,dupgroup_67e630109cbe,,,canrel_190605b4e2cfcc56;canrel_cacdbe752c5c6634;canrel_2433ee742bb2d707;canrel_8bcd143ed9136df4,False,False,False,False
e434f80b-e4d0-4b09-9471-d84532659de5,e434f80b-e4d0-4b09-9471-d84532659de5:fundamental_agent:fundamentals_report:claim:47,fundamental_agent,Quarterly Balance Sheet Highlights,46,Days sales outstanding remains manageable given the scale of growth.,positive,0.25,Days sales outstanding remains manageable given the scale of growth.,analytical,positive,True,,SUBSTANTIVE,NONE,dupgroup_14f7dece83f4,,,canrel_190605b4e2cfcc56;canrel_cacdbe752c5c6634;canrel_2433ee742bb2d707;canrel_8bcd143ed9136df4,False,False,False,False
e434f80b-e4d0-4b09-9471-d84532659de5,e434f80b-e4d0-4b09-9471-d84532659de5:fundamental_agent:fundamentals_report:claim:48,fundamental_agent,Quarterly Balance Sheet Highlights,47,Low leverage: Total debt of $12.35B against $80.57B in cash means NVIDIA is effectively debt-free on a net basis.,unknown,0.75,Low leverage: Total debt of $12.35B against $80.57B in cash means NVIDIA is effectively debt-free on a net basis.,context_only,neutral_or_unknown,False,context_only_default_hidden,CONTEXT_ONLY,NONE,dupgroup_e1aeceb35bc0,,,canrel_190605b4e2cfcc56;canrel_cacdbe752c5c6634;canrel_2433ee742bb2d707;canrel_8bcd143ed9136df4,False,False,False,False
e434f80b-e4d0-4b09-9471-d84532659de5,e434f80b-e4d0-4b09-9471-d84532659de5:fundamental_agent:fundamentals_report:claim:49,fundamental_agent,Quarterly Balance Sheet Highlights,48,Debt-to-equity of 6.6 is a gross figure; net leverage is deeply negative (net cash).,negative,0.55,Debt-to-equity of 6.6 is a gross figure; net leverage is deeply negative (net cash).,analytical,negative,True,,SUBSTANTIVE,NONE,dupgroup_c502eeb4fe1c,,,canrel_190605b4e2cfcc56;canrel_cacdbe752c5c6634;canrel_2433ee742bb2d707;canrel_8bcd143ed9136df4,False,False,False,False
e434f80b-e4d0-4b09-9471-d84532659de5,e434f80b-e4d0-4b09-9471-d84532659de5:fundamental_agent:fundamentals_report:claim:50,fundamental_agent,Quarterly Balance Sheet Highlights,49,"Goodwill increase: Goodwill jumped to $20.89B (from $5.5B a year ago), reflecting significant acquisitions (likely including the Mellanox-related and other strategic AI infrastructure acquisitions).",positive,0.75,"Goodwill increase: Goodwill jumped to $20.89B (from $5.5B a year ago), reflecting significant acquisitions (likely including the Mellanox-related and other strategic AI infrastructure acquisitions).",analytical,positive,True,,SUBSTANTIVE,NONE,dupgroup_390b0535189c,AI Infrastructure,,canrel_190605b4e2cfcc56;canrel_cacdbe752c5c6634;canrel_2433ee742bb2d707;canrel_8bcd143ed9136df4,False,False,False,False
e434f80b-e4d0-4b09-9471-d84532659de5,e434f80b-e4d0-4b09-9471-d84532659de5:fundamental_agent:fundamentals_report:claim:51,fundamental_agent,Quarterly Cash Flow Highlights,50,Metric: Operating Cash Flow; Apr-26: $50.34B; Jan-26: $36.19B; Oct-25: $23.75B; Jul-25: $15.37B; Apr-25: $27.41B,unknown,0.75,Metric: Operating Cash Flow; Apr-26: $50.34B; Jan-26: $36.19B; Oct-25: $23.75B; Jul-25: $15.37B; Apr-25: $27.41B,context_only,neutral_or_unknown,False,context_only_default_hidden,CONTEXT_ONLY,NONE,dupgroup_a4491d217371,,,canrel_190605b4e2cfcc56;canrel_cacdbe752c5c6634;canrel_2433ee742bb2d707;canrel_8bcd143ed9136df4,False,False,False,False
e434f80b-e4d0-4b09-9471-d84532659de5,e434f80b-e4d0-4b09-9471-d84532659de5:fundamental_agent:fundamentals_report:claim:52,fundamental_agent,Quarterly Cash Flow Highlights,51,Metric: Capital Expenditure; Apr-26: -$1.76B; Jan-26: -$1.28B; Oct-25: -$1.64B; Jul-25: -$1.90B; Apr-25: -$1.23B,unknown,0.75,Metric: Capital Expenditure; Apr-26: -$1.76B; Jan-26: -$1.28B; Oct-25: -$1.64B; Jul-25: -$1.90B; Apr-25: -$1.23B,context_only,neutral_or_unknown,False,context_only_default_hidden,CONTEXT_ONLY,NONE,dupgroup_376c80b5512e,,,canrel_190605b4e2cfcc56;canrel_cacdbe752c5c6634;canrel_2433ee742bb2d707;canrel_8bcd143ed9136df4,False,False,False,False
e434f80b-e4d0-4b09-9471-d84532659de5,e434f80b-e4d0-4b09-9471-d84532659de5:fundamental_agent:fundamentals_report:claim:53,fundamental_agent,Quarterly Cash Flow Highlights,52,Metric: Free Cash Flow; Apr-26: $48.59B; Jan-26: $34.90B; Oct-25: $22.12B; Jul-25: $13.47B; Apr-25: $26.19B,unknown,0.75,Metric: Free Cash Flow; Apr-26: $48.59B; Jan-26: $34.90B; Oct-25: $22.12B; Jul-25: $13.47B; Apr-25: $26.19B,context_only,neutral_or_unknown,False,context_only_default_hidden,CONTEXT_ONLY,NONE,dupgroup_6c2538981d94,,,canrel_190605b4e2cfcc56;canrel_cacdbe752c5c6634;canrel_2433ee742bb2d707;canrel_8bcd143ed9136df4,False,False,False,False
e434f80b-e4d0-4b09-9471-d84532659de5,e434f80b-e4d0-4b09-9471-d84532659de5:fundamental_agent:fundamentals_report:claim:54,fundamental_agent,Quarterly Cash Flow Highlights,53,Metric: Stock Buybacks; Apr-26: -$19.31B; Jan-26: -$3.82B; Oct-25: -$12.46B; Jul-25: -$9.72B; Apr-25: -$14.10B,positive,0.75,Metric: Stock Buybacks; Apr-26: -$19.31B; Jan-26: -$3.82B; Oct-25: -$12.46B; Jul-25: -$9.72B; Apr-25: -$14.10B,analytical,positive,True,,SUBSTANTIVE,NONE,dupgroup_47f2fea87c79,,,canrel_190605b4e2cfcc56;canrel_cacdbe752c5c6634;canrel_2433ee742bb2d707;canrel_8bcd143ed9136df4,False,False,False,False
e434f80b-e4d0-4b09-9471-d84532659de5,e434f80b-e4d0-4b09-9471-d84532659de5:fundamental_agent:fundamentals_report:claim:55,fundamental_agent,Quarterly Cash Flow Highlights,54,Metric: Dividends Paid; Apr-26: -$0.24B; Jan-26: -$0.24B; Oct-25: -$0.24B; Jul-25: -$0.24B; Apr-25: -$0.24B,unknown,0.75,Metric: Dividends Paid; Apr-26: -$0.24B; Jan-26: -$0.24B; Oct-25: -$0.24B; Jul-25: -$0.24B; Apr-25: -$0.24B,context_only,neutral_or_unknown,False,context_only_default_hidden,CONTEXT_ONLY,NONE,dupgroup_8d8a0c9376e5,,,canrel_190605b4e2cfcc56;canrel_cacdbe752c5c6634;canrel_2433ee742bb2d707;canrel_8bcd143ed9136df4,False,False,False,False
e434f80b-e4d0-4b09-9471-d84532659de5,e434f80b-e4d0-4b09-9471-d84532659de5:fundamental_agent:fundamentals_report:claim:56,fundamental_agent,Annual Cash Flow Highlights,55,Metric: Operating Cash Flow; FY2026: $102.72B; FY2025: $64.09B; FY2024: $28.09B; FY2023: $5.64B,unknown,0.75,Metric: Operating Cash Flow; FY2026: $102.72B; FY2025: $64.09B; FY2024: $28.09B; FY2023: $5.64B,context_only,neutral_or_unknown,False,context_only_default_hidden,CONTEXT_ONLY,NONE,dupgroup_f3d0a051d9a8,,,canrel_190605b4e2cfcc56;canrel_cacdbe752c5c6634;canrel_2433ee742bb2d707;canrel_8bcd143ed9136df4,False,False,False,False
e434f80b-e4d0-4b09-9471-d84532659de5,e434f80b-e4d0-4b09-9471-d84532659de5:fundamental_agent:fundamentals_report:claim:57,fundamental_agent,Annual Cash Flow Highlights,56,Metric: Capital Expenditure; FY2026: -$6.04B; FY2025: -$3.24B; FY2024: -$1.07B; FY2023: -$1.83B,unknown,0.75,Metric: Capital Expenditure; FY2026: -$6.04B; FY2025: -$3.24B; FY2024: -$1.07B; FY2023: -$1.83B,context_only,neutral_or_unknown,False,context_only_default_hidden,CONTEXT_ONLY,NONE,dupgroup_135974fba384,,,canrel_190605b4e2cfcc56;canrel_cacdbe752c5c6634;canrel_2433ee742bb2d707;canrel_8bcd143ed9136df4,False,False,False,False
e434f80b-e4d0-4b09-9471-d84532659de5,e434f80b-e4d0-4b09-9471-d84532659de5:fundamental_agent:fundamentals_report:claim:58,fundamental_agent,Annual Cash Flow Highlights,57,Metric: Free Cash Flow; FY2026: $96.68B; FY2025: $60.85B; FY2024: $27.02B; FY2023: $3.81B,unknown,0.75,Metric: Free Cash Flow; FY2026: $96.68B; FY2025: $60.85B; FY2024: $27.02B; FY2023: $3.81B,context_only,neutral_or_unknown,False,context_only_default_hidden,CONTEXT_ONLY,NONE,dupgroup_d6bb9dd065d0,,,canrel_190605b4e2cfcc56;canrel_cacdbe752c5c6634;canrel_2433ee742bb2d707;canrel_8bcd143ed9136df4,False,False,False,False
e434f80b-e4d0-4b09-9471-d84532659de5,e434f80b-e4d0-4b09-9471-d84532659de5:fundamental_agent:fundamentals_report:claim:59,fundamental_agent,Annual Cash Flow Highlights,58,Metric: Stock Buybacks; FY2026: -$40.09B; FY2025: -$33.71B; FY2024: -$9.53B; FY2023: -$10.04B,positive,0.75,Metric: Stock Buybacks; FY2026: -$40.09B; FY2025: -$33.71B; FY2024: -$9.53B; FY2023: -$10.04B,analytical,positive,True,,SUBSTANTIVE,NONE,dupgroup_3348b01fdbcb,,,canrel_190605b4e2cfcc56;canrel_cacdbe752c5c6634;canrel_2433ee742bb2d707;canrel_8bcd143ed9136df4,False,False,False,False
e434f80b-e4d0-4b09-9471-d84532659de5,e434f80b-e4d0-4b09-9471-d84532659de5:fundamental_agent:fundamentals_report:claim:60,fundamental_agent,Annual Cash Flow Highlights,59,"Exceptional cash generation: Free cash flow reached $48.59B in the most recent quarter alone, and $96.68B for FY2026.",unknown,0.75,"Exceptional cash generation: Free cash flow reached $48.59B in the most recent quarter alone, and $96.68B for FY2026.",context_only,neutral_or_unknown,False,context_only_default_hidden,CONTEXT_ONLY,NONE,dupgroup_90769e621b4b,,,canrel_190605b4e2cfcc56;canrel_cacdbe752c5c6634;canrel_2433ee742bb2d707;canrel_8bcd143ed9136df4,False,False,False,False
e434f80b-e4d0-4b09-9471-d84532659de5,e434f80b-e4d0-4b09-9471-d84532659de5:fundamental_agent:fundamentals_report:claim:61,fundamental_agent,Annual Cash Flow Highlights,60,This is among the highest FCF generation of any company globally.,unknown,0.25,This is among the highest FCF generation of any company globally.,context_only,neutral_or_unknown,False,context_only_default_hidden,CONTEXT_ONLY,NONE,dupgroup_fb385f30c6c7,,,canrel_190605b4e2cfcc56;canrel_cacdbe752c5c6634;canrel_2433ee742bb2d707;canrel_8bcd143ed9136df4,False,False,False,False
e434f80b-e4d0-4b09-9471-d84532659de5,e434f80b-e4d0-4b09-9471-d84532659de5:fundamental_agent:fundamentals_report:claim:62,fundamental_agent,Annual Cash Flow Highlights,61,Light capex relative to FCF: NVIDIA's capex of $6B annually is modest relative to its $96.7B FCF because it outsources manufacturing to TSMC.,unknown,0.75,Light capex relative to FCF: NVIDIA's capex of $6B annually is modest relative to its $96.7B FCF because it outsources manufacturing to TSMC.,context_only,neutral_or_unknown,False,context_only_default_hidden,CONTEXT_ONLY,NONE,dupgroup_20205cdcc89f,,,canrel_190605b4e2cfcc56;canrel_cacdbe752c5c6634;canrel_2433ee742bb2d707;canrel_8bcd143ed9136df4,False,False,False,False
e434f80b-e4d0-4b09-9471-d84532659de5,e434f80b-e4d0-4b09-9471-d84532659de5:fundamental_agent:fundamentals_report:claim:63,fundamental_agent,Annual Cash Flow Highlights,62,This asset-light model produces extraordinary cash conversion.,unknown,0.25,This asset-light model produces extraordinary cash conversion.,analytical,neutral_or_unknown,True,,SUBSTANTIVE,NONE,dupgroup_86cb0fbb99aa,,,canrel_190605b4e2cfcc56;canrel_cacdbe752c5c6634;canrel_2433ee742bb2d707;canrel_8bcd143ed9136df4,False,False,False,False
e434f80b-e4d0-4b09-9471-d84532659de5,e434f80b-e4d0-4b09-9471-d84532659de5:fundamental_agent:fundamentals_report:claim:64,fundamental_agent,Annual Cash Flow Highlights,63,Aggressive capital returns: NVIDIA returned $40.09B via buybacks in FY2026 and $19.3B in the latest quarter alone.,positive,0.75,Aggressive capital returns: NVIDIA returned $40.09B via buybacks in FY2026 and $19.3B in the latest quarter alone.,analytical,positive,True,,SUBSTANTIVE,NONE,dupgroup_36976a647365,,,canrel_190605b4e2cfcc56;canrel_cacdbe752c5c6634;canrel_2433ee742bb2d707;canrel_8bcd143ed9136df4,False,False,False,False
e434f80b-e4d0-4b09-9471-d84532659de5,e434f80b-e4d0-4b09-9471-d84532659de5:fundamental_agent:fundamentals_report:claim:65,fundamental_agent,Annual Cash Flow Highlights,64,"Combined with dividends, the company is returning substantial capital to shareholders while still accumulating cash.",neutral,0.4,"Combined with dividends, the company is returning substantial capital to shareholders while still accumulating cash.",analytical,neutral_or_unknown,True,,SUBSTANTIVE,NONE,dupgroup_69749f28cba9,,,canrel_190605b4e2cfcc56;canrel_cacdbe752c5c6634;canrel_2433ee742bb2d707;canrel_8bcd143ed9136df4,False,False,False,False
e434f80b-e4d0-4b09-9471-d84532659de5,e434f80b-e4d0-4b09-9471-d84532659de5:fundamental_agent:fundamentals_report:claim:66,fundamental_agent,Annual Cash Flow Highlights,65,"Stock-based compensation: SBC of $1.9B/quarter is modest relative to net income, indicating limited dilution concerns.",unknown,0.75,"Stock-based compensation: SBC of $1.9B/quarter is modest relative to net income, indicating limited dilution concerns.",context_only,neutral_or_unknown,False,context_only_default_hidden,CONTEXT_ONLY,NONE,dupgroup_af52443f4a47,,,canrel_190605b4e2cfcc56;canrel_cacdbe752c5c6634;canrel_2433ee742bb2d707;canrel_8bcd143ed9136df4,False,False,False,False
e434f80b-e4d0-4b09-9471-d84532659de5,e434f80b-e4d0-4b09-9471-d84532659de5:fundamental_agent:fundamentals_report:claim:67,fundamental_agent,5. Valuation & Key Ratios,66,Metric: Market Cap; Value: $4.72T,unknown,0.6,Metric: Market Cap; Value: $4.72T,context_only,neutral_or_unknown,False,context_only_default_hidden,CONTEXT_ONLY,NONE,dupgroup_9518474347f4,,,canrel_190605b4e2cfcc56;canrel_cacdbe752c5c6634;canrel_2433ee742bb2d707;canrel_8bcd143ed9136df4,False,False,False,False
e434f80b-e4d0-4b09-9471-d84532659de5,e434f80b-e4d0-4b09-9471-d84532659de5:fundamental_agent:fundamentals_report:claim:68,fundamental_agent,5. Valuation & Key Ratios,67,Metric: PE (TTM); Value: 29.07x,unknown,0.4,Metric: PE (TTM); Value: 29.07x,context_only,neutral_or_unknown,False,context_only_default_hidden,CONTEXT_ONLY,NONE,dupgroup_00d24da6d10d,,,canrel_190605b4e2cfcc56;canrel_cacdbe752c5c6634;canrel_2433ee742bb2d707;canrel_8bcd143ed9136df4,False,False,False,False
e434f80b-e4d0-4b09-9471-d84532659de5,e434f80b-e4d0-4b09-9471-d84532659de5:fundamental_agent:fundamentals_report:claim:69,fundamental_agent,5. Valuation & Key Ratios,68,Metric: Forward PE; Value: 15.16x,unknown,0.4,Metric: Forward PE; Value: 15.16x,context_only,neutral_or_unknown,False,context_only_default_hidden,CONTEXT_ONLY,NONE,dupgroup_1c83b88d9463,,,canrel_190605b4e2cfcc56;canrel_cacdbe752c5c6634;canrel_2433ee742bb2d707;canrel_8bcd143ed9136df4,False,False,False,False
e434f80b-e4d0-4b09-9471-d84532659de5,e434f80b-e4d0-4b09-9471-d84532659de5:fundamental_agent:fundamentals_report:claim:70,fundamental_agent,5. Valuation & Key Ratios,69,Metric: PEG; Value: 0.52,unknown,0.4,Metric: PEG; Value: 0.52,context_only,neutral_or_unknown,False,context_only_default_hidden,CONTEXT_ONLY,NONE,dupgroup_ce767042ed2e,,,canrel_190605b4e2cfcc56;canrel_cacdbe752c5c6634;canrel_2433ee742bb2d707;canrel_8bcd143ed9136df4,False,False,False,False
e434f80b-e4d0-4b09-9471-d84532659de5,e434f80b-e4d0-4b09-9471-d84532659de5:fundamental_agent:fundamentals_report:claim:71,fundamental_agent,5. Valuation & Key Ratios,70,Metric: Price/Book; Value: 24.17x,unknown,0.4,Metric: Price/Book; Value: 24.17x,context_only,neutral_or_unknown,False,context_only_default_hidden,CONTEXT_ONLY,NONE,dupgroup_6c15f345aeb8,,,canrel_190605b4e2cfcc56;canrel_cacdbe752c5c6634;canrel_2433ee742bb2d707;canrel_8bcd143ed9136df4,False,False,False,False
e434f80b-e4d0-4b09-9471-d84532659de5,e434f80b-e4d0-4b09-9471-d84532659de5:fundamental_agent:fundamentals_report:claim:72,fundamental_agent,5. Valuation & Key Ratios,71,Metric: EV/EBITDA (TTM); Value: 28x (est.),unknown,0.4,Metric: EV/EBITDA (TTM); Value: 28x (est.),context_only,neutral_or_unknown,False,context_only_default_hidden,CONTEXT_ONLY,NONE,dupgroup_f89c4b173cdd,,,canrel_190605b4e2cfcc56;canrel_cacdbe752c5c6634;canrel_2433ee742bb2d707;canrel_8bcd143ed9136df4,False,False,False,False
e434f80b-e4d0-4b09-9471-d84532659de5,e434f80b-e4d0-4b09-9471-d84532659de5:fundamental_agent:fundamentals_report:claim:73,fundamental_agent,5. Valuation & Key Ratios,72,Metric: Profit Margin; Value: 63.0%,unknown,0.6,Metric: Profit Margin; Value: 63.0%,context_only,neutral_or_unknown,False,context_only_default_hidden,CONTEXT_ONLY,NONE,dupgroup_bcb90aac8c2a,,,canrel_190605b4e2cfcc56;canrel_cacdbe752c5c6634;canrel_2433ee742bb2d707;canrel_8bcd143ed9136df4,False,False,False,False
e434f80b-e4d0-4b09-9471-d84532659de5,e434f80b-e4d0-4b09-9471-d84532659de5:fundamental_agent:fundamentals_report:claim:74,fundamental_agent,5. Valuation & Key Ratios,73,Metric: Operating Margin; Value: 65.6%,unknown,0.6,Metric: Operating Margin; Value: 65.6%,context_only,neutral_or_unknown,False,context_only_default_hidden,CONTEXT_ONLY,NONE,dupgroup_48218da8defa,,,canrel_190605b4e2cfcc56;canrel_cacdbe752c5c6634;canrel_2433ee742bb2d707;canrel_8bcd143ed9136df4,False,False,False,False
e434f80b-e4d0-4b09-9471-d84532659de5,e434f80b-e4d0-4b09-9471-d84532659de5:fundamental_agent:fundamentals_report:claim:75,fundamental_agent,5. Valuation & Key Ratios,74,Metric: ROE; Value: 114.3%,unknown,0.6,Metric: ROE; Value: 114.3%,context_only,neutral_or_unknown,False,context_only_default_hidden,CONTEXT_ONLY,NONE,dupgroup_4b7c45e2791a,,,canrel_190605b4e2cfcc56;canrel_cacdbe752c5c6634;canrel_2433ee742bb2d707;canrel_8bcd143ed9136df4,False,False,False,False
e434f80b-e4d0-4b09-9471-d84532659de5,e434f80b-e4d0-4b09-9471-d84532659de5:fundamental_agent:fundamentals_report:claim:76,fundamental_agent,5. Valuation & Key Ratios,75,Metric: ROA; Value: 52.7%,unknown,0.6,Metric: ROA; Value: 52.7%,context_only,neutral_or_unknown,False,context_only_default_hidden,CONTEXT_ONLY,NONE,dupgroup_f002ebed4204,,,canrel_190605b4e2cfcc56;canrel_cacdbe752c5c6634;canrel_2433ee742bb2d707;canrel_8bcd143ed9136df4,False,False,False,False
e434f80b-e4d0-4b09-9471-d84532659de5,e434f80b-e4d0-4b09-9471-d84532659de5:fundamental_agent:fundamentals_report:claim:77,fundamental_agent,5. Valuation & Key Ratios,76,Metric: Current Ratio; Value: 3.44,unknown,0.4,Metric: Current Ratio; Value: 3.44,context_only,neutral_or_unknown,False,context_only_default_hidden,CONTEXT_ONLY,NONE,dupgroup_339ca6d722a3,,,canrel_190605b4e2cfcc56;canrel_cacdbe752c5c6634;canrel_2433ee742bb2d707;canrel_8bcd143ed9136df4,False,False,False,False
e434f80b-e4d0-4b09-9471-d84532659de5,e434f80b-e4d0-4b09-9471-d84532659de5:fundamental_agent:fundamentals_report:claim:78,fundamental_agent,5. Valuation & Key Ratios,77,Metric: Dividend Yield; Value: 0.53%,unknown,0.6,Metric: Dividend Yield; Value: 0.53%,context_only,neutral_or_unknown,False,context_only_default_hidden,CONTEXT_ONLY,NONE,dupgroup_efdd53070e49,,,canrel_190605b4e2cfcc56;canrel_cacdbe752c5c6634;canrel_2433ee742bb2d707;canrel_8bcd143ed9136df4,False,False,False,False
e434f80b-e4d0-4b09-9471-d84532659de5,e434f80b-e4d0-4b09-9471-d84532659de5:fundamental_agent:fundamentals_report:claim:79,fundamental_agent,5. Valuation & Key Ratios,78,The trailing PE of 29x is reasonable for a company growing revenue 85% YoY.,unknown,0.6,The trailing PE of 29x is reasonable for a company growing revenue 85% YoY.,analytical,neutral_or_unknown,True,,SUBSTANTIVE,NONE,dupgroup_0211b760690e,,,canrel_190605b4e2cfcc56;canrel_cacdbe752c5c6634;canrel_2433ee742bb2d707;canrel_8bcd143ed9136df4,False,False,False,False
e434f80b-e4d0-4b09-9471-d84532659de5,e434f80b-e4d0-4b09-9471-d84532659de5:fundamental_agent:fundamentals_report:claim:80,fundamental_agent,5. Valuation & Key Ratios,79,The forward PE of 15x implies the market expects EPS to roughly double over the next year (forward EPS of $12.87 vs.,unknown,0.75,The forward PE of 15x implies the market expects EPS to roughly double over the next year (forward EPS of $12.87 vs.,context_only,neutral_or_unknown,False,context_only_default_hidden,CONTEXT_ONLY,NONE,dupgroup_5cb6256ce855,,,canrel_190605b4e2cfcc56;canrel_cacdbe752c5c6634;canrel_2433ee742bb2d707;canrel_8bcd143ed9136df4,False,False,False,False
e434f80b-e4d0-4b09-9471-d84532659de5,e434f80b-e4d0-4b09-9471-d84532659de5:fundamental_agent:fundamentals_report:claim:81,fundamental_agent,5. Valuation & Key Ratios,80,The PEG ratio of 0.52 suggests the stock is attractively valued relative to its growth rate — a PEG below 1.0 typically indicates undervaluation relative to growth.,positive,0.55,The PEG ratio of 0.52 suggests the stock is attractively valued relative to its growth rate — a PEG below 1.0 typically indicates undervaluation relative to growth.,analytical,positive,True,,SUBSTANTIVE,NONE,dupgroup_08c4653384b2,,,canrel_190605b4e2cfcc56;canrel_cacdbe752c5c6634;canrel_2433ee742bb2d707;canrel_8bcd143ed9136df4,False,False,False,False
e434f80b-e4d0-4b09-9471-d84532659de5,e434f80b-e4d0-4b09-9471-d84532659de5:fundamental_agent:fundamentals_report:claim:82,fundamental_agent,5. Valuation & Key Ratios,81,"ROE of 114% and ROA of 53% are extraordinary, reflecting NVIDIA's asset-light, high-margin business model.",unknown,0.75,"ROE of 114% and ROA of 53% are extraordinary, reflecting NVIDIA's asset-light, high-margin business model.",context_only,neutral_or_unknown,False,context_only_default_hidden,CONTEXT_ONLY,NONE,dupgroup_535f259c9484,,,canrel_190605b4e2cfcc56;canrel_cacdbe752c5c6634;canrel_2433ee742bb2d707;canrel_8bcd143ed9136df4,False,False,False,False
e434f80b-e4d0-4b09-9471-d84532659de5,e434f80b-e4d0-4b09-9471-d84532659de5:fundamental_agent:fundamentals_report:claim:83,fundamental_agent,5. Valuation & Key Ratios,82,"The dividend yield of 0.53% is modest, but NVIDIA's primary capital return mechanism is buybacks.",positive,0.75,"The dividend yield of 0.53% is modest, but NVIDIA's primary capital return mechanism is buybacks.",analytical,positive,True,,SUBSTANTIVE,NONE,dupgroup_a636f473a87a,,,canrel_190605b4e2cfcc56;canrel_cacdbe752c5c6634;canrel_2433ee742bb2d707;canrel_8bcd143ed9136df4,False,False,False,False
e434f80b-e4d0-4b09-9471-d84532659de5,e434f80b-e4d0-4b09-9471-d84532659de5:fundamental_agent:fundamentals_report:claim:84,fundamental_agent,Growth Drivers,83,"AI Infrastructure Buildout: Hyperscaler and enterprise AI capital spending continues to accelerate, driving demand for NVIDIA's data center GPUs and full-stack platforms.",unknown,0.6,"AI Infrastructure Buildout: Hyperscaler and enterprise AI capital spending continues to accelerate, driving demand for NVIDIA's data center GPUs and full-stack platforms.",analytical,neutral_or_unknown,True,,SUBSTANTIVE,NONE,dupgroup_29e6aa67a885,AI CapEx;AI Infrastructure;Inference Demand,A103,canrel_190605b4e2cfcc56;canrel_cacdbe752c5c6634;canrel_2433ee742bb2d707;canrel_8bcd143ed9136df4,True,True,False,False
e434f80b-e4d0-4b09-9471-d84532659de5,e434f80b-e4d0-4b09-9471-d84532659de5:fundamental_agent:fundamentals_report:claim:85,fundamental_agent,Growth Drivers,84,"Data Center Dominance: The data center segment is the primary growth engine, with revenue scaling rapidly as AI training and inference workloads expand.",positive,0.6,"Data Center Dominance: The data center segment is the primary growth engine, with revenue scaling rapidly as AI training and inference workloads expand.",analytical,positive,True,,SUBSTANTIVE,NONE,dupgroup_f1a9e2104997,,A101,canrel_190605b4e2cfcc56;canrel_cacdbe752c5c6634;canrel_2433ee742bb2d707;canrel_8bcd143ed9136df4,True,True,False,False
e434f80b-e4d0-4b09-9471-d84532659de5,e434f80b-e4d0-4b09-9471-d84532659de5:fundamental_agent:fundamentals_report:claim:86,fundamental_agent,Growth Drivers,85,Product Cycle: NVIDIA's next-generation accelerator architectures (Blackwell and successors) command premium pricing and drive gross margin expansion.,unknown,0.4,Product Cycle: NVIDIA's next-generation accelerator architectures (Blackwell and successors) command premium pricing and drive gross margin expansion.,analytical,neutral_or_unknown,True,,SUBSTANTIVE,NONE,dupgroup_a62d175c1047,,,canrel_190605b4e2cfcc56;canrel_cacdbe752c5c6634;canrel_2433ee742bb2d707;canrel_8bcd143ed9136df4,False,False,False,False
e434f80b-e4d0-4b09-9471-d84532659de5,e434f80b-e4d0-4b09-9471-d84532659de5:fundamental_agent:fundamentals_report:claim:87,fundamental_agent,Growth Drivers,86,Software & Ecosystem Moat: The CUDA ecosystem creates switching costs and recurring software revenue potential.,unknown,0.4,Software & Ecosystem Moat: The CUDA ecosystem creates switching costs and recurring software revenue potential.,analytical,neutral_or_unknown,True,,SUBSTANTIVE,NONE,dupgroup_ecd1ffe995c1,,,canrel_190605b4e2cfcc56;canrel_cacdbe752c5c6634;canrel_2433ee742bb2d707;canrel_8bcd143ed9136df4,False,False,False,False
e434f80b-e4d0-4b09-9471-d84532659de5,e434f80b-e4d0-4b09-9471-d84532659de5:fundamental_agent:fundamentals_report:claim:88,fundamental_agent,Growth Drivers,87,"Inference Demand: As AI models move from training to inference at scale, demand for inference-optimized accelerators is expected to grow substantially.",unknown,0.4,"Inference Demand: As AI models move from training to inference at scale, demand for inference-optimized accelerators is expected to grow substantially.",analytical,neutral_or_unknown,True,,SUBSTANTIVE,NONE,dupgroup_5120150b1d00,Inference Demand,A102,canrel_190605b4e2cfcc56;canrel_cacdbe752c5c6634;canrel_2433ee742bb2d707;canrel_8bcd143ed9136df4,True,True,False,False
e434f80b-e4d0-4b09-9471-d84532659de5,e434f80b-e4d0-4b09-9471-d84532659de5:fundamental_agent:fundamentals_report:claim:89,fundamental_agent,Risks,88,"Valuation Risk: At $4.7 trillion market cap, NVIDIA is priced for continued perfection.",negative,0.75,"Valuation Risk: At $4.7 trillion market cap, NVIDIA is priced for continued perfection.",analytical,negative,True,,SUBSTANTIVE,NONE,dupgroup_fb85982b535e,Valuation Risk,A304,canrel_190605b4e2cfcc56;canrel_cacdbe752c5c6634;canrel_2433ee742bb2d707;canrel_8bcd143ed9136df4,True,True,False,False
e434f80b-e4d0-4b09-9471-d84532659de5,e434f80b-e4d0-4b09-9471-d84532659de5:fundamental_agent:fundamentals_report:claim:90,fundamental_agent,Risks,89,Any slowdown in AI spending could trigger significant multiple compression.,negative,0.25,Any slowdown in AI spending could trigger significant multiple compression.,analytical,negative,True,,SUBSTANTIVE,NONE,dupgroup_9627844d15f8,Valuation Risk,A304,canrel_190605b4e2cfcc56;canrel_cacdbe752c5c6634;canrel_2433ee742bb2d707;canrel_8bcd143ed9136df4,True,True,False,False
e434f80b-e4d0-4b09-9471-d84532659de5,e434f80b-e4d0-4b09-9471-d84532659de5:fundamental_agent:fundamentals_report:claim:91,fundamental_agent,Risks,90,Concentration Risk: Heavy dependence on a small number of hyperscaler customers for a large share of revenue.,negative,0.4,Concentration Risk: Heavy dependence on a small number of hyperscaler customers for a large share of revenue.,analytical,negative,True,,SUBSTANTIVE,NONE,dupgroup_53bc22cd7b95,,,canrel_190605b4e2cfcc56;canrel_cacdbe752c5c6634;canrel_2433ee742bb2d707;canrel_8bcd143ed9136df4,False,False,False,False
e434f80b-e4d0-4b09-9471-d84532659de5,e434f80b-e4d0-4b09-9471-d84532659de5:fundamental_agent:fundamentals_report:claim:92,fundamental_agent,Risks,91,"Competition: AMD, Intel, and custom silicon (Google TPU, AWS Trainium) pose competitive threats, particularly in inference workloads.",unknown,0.4,"Competition: AMD, Intel, and custom silicon (Google TPU, AWS Trainium) pose competitive threats, particularly in inference workloads.",context_only,neutral_or_unknown,False,context_only_default_hidden,CONTEXT_ONLY,NONE,dupgroup_c70eb8fd70bd,,,canrel_190605b4e2cfcc56;canrel_cacdbe752c5c6634;canrel_2433ee742bb2d707;canrel_8bcd143ed9136df4,False,False,False,False
e434f80b-e4d0-4b09-9471-d84532659de5,e434f80b-e4d0-4b09-9471-d84532659de5:fundamental_agent:fundamentals_report:claim:93,fundamental_agent,Risks,92,Supply Chain: Dependence on TSMC for advanced manufacturing; any disruption could constrain supply.,unknown,0.4,Supply Chain: Dependence on TSMC for advanced manufacturing; any disruption could constrain supply.,analytical,neutral_or_unknown,True,,SUBSTANTIVE,NONE,dupgroup_2d8cbe6d90c4,,,canrel_190605b4e2cfcc56;canrel_cacdbe752c5c6634;canrel_2433ee742bb2d707;canrel_8bcd143ed9136df4,False,False,False,False
e434f80b-e4d0-4b09-9471-d84532659de5,e434f80b-e4d0-4b09-9471-d84532659de5:fundamental_agent:fundamentals_report:claim:94,fundamental_agent,Risks,93,Geopolitical: Export controls on advanced chips to China could limit addressable market.,unknown,0.4,Geopolitical: Export controls on advanced chips to China could limit addressable market.,analytical,neutral_or_unknown,True,,SUBSTANTIVE,NONE,dupgroup_8ffac3968686,Revenue Growth,A301,canrel_190605b4e2cfcc56;canrel_cacdbe752c5c6634;canrel_2433ee742bb2d707;canrel_8bcd143ed9136df4,True,True,False,False
e434f80b-e4d0-4b09-9471-d84532659de5,e434f80b-e4d0-4b09-9471-d84532659de5:fundamental_agent:fundamentals_report:claim:95,fundamental_agent,Risks,94,Cyclicality: The semiconductor industry is historically cyclical; a downturn in AI capex could hit NVIDIA hard given its elevated valuation.,unknown,0.4,Cyclicality: The semiconductor industry is historically cyclical; a downturn in AI capex could hit NVIDIA hard given its elevated valuation.,analytical,neutral_or_unknown,True,,SUBSTANTIVE,NONE,dupgroup_e3bfa3ff8aa1,AI CapEx,,canrel_190605b4e2cfcc56;canrel_cacdbe752c5c6634;canrel_2433ee742bb2d707;canrel_8bcd143ed9136df4,False,False,False,False
e434f80b-e4d0-4b09-9471-d84532659de5,e434f80b-e4d0-4b09-9471-d84532659de5:fundamental_agent:fundamentals_report:claim:96,fundamental_agent,7. Summary & Actionable Insights,95,NVIDIA's fundamentals are exceptionally strong.,positive,0.35,NVIDIA's fundamentals are exceptionally strong.,analytical,positive,True,,SUBSTANTIVE,NONE,dupgroup_ca1639a1ab38,,,canrel_190605b4e2cfcc56;canrel_cacdbe752c5c6634;canrel_2433ee742bb2d707;canrel_8bcd143ed9136df4,False,False,False,False
e434f80b-e4d0-4b09-9471-d84532659de5,e434f80b-e4d0-4b09-9471-d84532659de5:fundamental_agent:fundamentals_report:claim:97,fundamental_agent,7. Summary & Actionable Insights,96,"The company is generating record revenue, expanding margins, and producing massive free cash flow.",unknown,0.4,"The company is generating record revenue, expanding margins, and producing massive free cash flow.",analytical,neutral_or_unknown,True,,SUBSTANTIVE,NONE,dupgroup_0761ae53e89f,,,canrel_190605b4e2cfcc56;canrel_cacdbe752c5c6634;canrel_2433ee742bb2d707;canrel_8bcd143ed9136df4,False,False,False,False
e434f80b-e4d0-4b09-9471-d84532659de5,e434f80b-e4d0-4b09-9471-d84532659de5:fundamental_agent:fundamentals_report:claim:98,fundamental_agent,7. Summary & Actionable Insights,97,Its balance sheet is a fortress with $68B net cash.,unknown,0.6,Its balance sheet is a fortress with $68B net cash.,context_only,neutral_or_unknown,False,context_only_default_hidden,CONTEXT_ONLY,NONE,dupgroup_668ca9bb079c,,,canrel_190605b4e2cfcc56;canrel_cacdbe752c5c6634;canrel_2433ee742bb2d707;canrel_8bcd143ed9136df4,False,False,False,False
e434f80b-e4d0-4b09-9471-d84532659de5,e434f80b-e4d0-4b09-9471-d84532659de5:fundamental_agent:fundamentals_report:claim:99,fundamental_agent,7. Summary & Actionable Insights,98,"The forward PE of 15x and PEG of 0.52 suggest the market is not fully pricing in the expected earnings growth, which could present upside if the AI capex cycle persists.",neutral,0.55,"The forward PE of 15x and PEG of 0.52 suggest the market is not fully pricing in the expected earnings growth, which could present upside if the AI capex cycle persists.",analytical,neutral_or_unknown,True,,SUBSTANTIVE,NONE,dupgroup_c7e0f604f34a,AI CapEx,,canrel_190605b4e2cfcc56;canrel_cacdbe752c5c6634;canrel_2433ee742bb2d707;canrel_8bcd143ed9136df4,False,False,False,False
e434f80b-e4d0-4b09-9471-d84532659de5,e434f80b-e4d0-4b09-9471-d84532659de5:fundamental_agent:fundamentals_report:claim:100,fundamental_agent,7. Summary & Actionable Insights,99,"However, the stock carries meaningful valuation risk given its $4.7T market cap and the concentration of demand in a few hyperscaler customers.",negative,0.75,"However, the stock carries meaningful valuation risk given its $4.7T market cap and the concentration of demand in a few hyperscaler customers.",analytical,negative,True,,SUBSTANTIVE,NONE,dupgroup_0cadaf1fd11e,Valuation Risk,A304,canrel_190605b4e2cfcc56;canrel_cacdbe752c5c6634;canrel_2433ee742bb2d707;canrel_8bcd143ed9136df4,True,True,False,False
e434f80b-e4d0-4b09-9471-d84532659de5,e434f80b-e4d0-4b09-9471-d84532659de5:fundamental_agent:fundamentals_report:claim:101,fundamental_agent,7. Summary & Actionable Insights,100,The key swing factor is the durability of the AI infrastructure spending cycle.,unknown,0.25,The key swing factor is the durability of the AI infrastructure spending cycle.,context_only,neutral_or_unknown,False,context_only_default_hidden,CONTEXT_ONLY,NONE,dupgroup_1d8ddf42f372,AI CapEx;Datacenter CapEx;AI Infrastructure,,canrel_190605b4e2cfcc56;canrel_cacdbe752c5c6634;canrel_2433ee742bb2d707;canrel_8bcd143ed9136df4,False,False,False,False
e434f80b-e4d0-4b09-9471-d84532659de5,e434f80b-e4d0-4b09-9471-d84532659de5:fundamental_agent:fundamentals_report:claim:102,fundamental_agent,7. Summary & Actionable Insights,101,For traders: The fundamental picture supports a constructive stance.,unknown,0.45,For traders: The fundamental picture supports a constructive stance.,analytical,neutral_or_unknown,True,,SUBSTANTIVE,NONE,dupgroup_ed0f2400a756,,,canrel_190605b4e2cfcc56;canrel_cacdbe752c5c6634;canrel_2433ee742bb2d707;canrel_8bcd143ed9136df4,False,False,False,False
e434f80b-e4d0-4b09-9471-d84532659de5,e434f80b-e4d0-4b09-9471-d84532659de5:fundamental_agent:fundamentals_report:claim:103,fundamental_agent,7. Summary & Actionable Insights,102,"The combination of accelerating revenue growth, expanding margins, massive FCF, and a reasonable forward valuation (PEG 0.52) suggests NVIDIA remains a core holding in any AI-focused portfolio.",positive,0.55,"The combination of accelerating revenue growth, expanding margins, massive FCF, and a reasonable forward valuation (PEG 0.52) suggests NVIDIA remains a core holding in any AI-focused portfolio.",analytical,positive,True,,SUBSTANTIVE,NONE,dupgroup_6e193ad3f727,Revenue Growth,A301,canrel_190605b4e2cfcc56;canrel_cacdbe752c5c6634;canrel_2433ee742bb2d707;canrel_8bcd143ed9136df4,True,True,False,False
e434f80b-e4d0-4b09-9471-d84532659de5,e434f80b-e4d0-4b09-9471-d84532659de5:fundamental_agent:fundamentals_report:claim:104,fundamental_agent,7. Summary & Actionable Insights,103,"The primary risk is a slowdown in AI capex, which would disproportionately impact a stock priced for continued perfection.",negative,0.4,"The primary risk is a slowdown in AI capex, which would disproportionately impact a stock priced for continued perfection.",analytical,negative,True,,SUBSTANTIVE,NONE,dupgroup_66fda7cb185b,AI CapEx,,canrel_190605b4e2cfcc56;canrel_cacdbe752c5c6634;canrel_2433ee742bb2d707;canrel_8bcd143ed9136df4,False,False,False,False
e434f80b-e4d0-4b09-9471-d84532659de5,e434f80b-e4d0-4b09-9471-d84532659de5:fundamental_agent:fundamentals_report:claim:105,fundamental_agent,Key Points Summary Table,104,Category: Market; Metric: Market Cap; Value: $4.72T; Assessment: Mega-cap leader,unknown,0.75,Category: Market; Metric: Market Cap; Value: $4.72T; Assessment: Mega-cap leader,context_only,neutral_or_unknown,False,context_only_default_hidden,CONTEXT_ONLY,NONE,dupgroup_bd03362d6d1d,,,canrel_190605b4e2cfcc56;canrel_cacdbe752c5c6634;canrel_2433ee742bb2d707;canrel_8bcd143ed9136df4,False,False,False,False
e434f80b-e4d0-4b09-9471-d84532659de5,e434f80b-e4d0-4b09-9471-d84532659de5:fundamental_agent:fundamentals_report:claim:106,fundamental_agent,Key Points Summary Table,105,Category: Valuation; Metric: PE (TTM); Value: 29.07x; Assessment: Reasonable for growth,positive,0.55,Category: Valuation; Metric: PE (TTM); Value: 29.07x; Assessment: Reasonable for growth,analytical,positive,True,,SUBSTANTIVE,NONE,dupgroup_ad7075d75e26,,,canrel_190605b4e2cfcc56;canrel_cacdbe752c5c6634;canrel_2433ee742bb2d707;canrel_8bcd143ed9136df4,False,False,False,False
e434f80b-e4d0-4b09-9471-d84532659de5,e434f80b-e4d0-4b09-9471-d84532659de5:fundamental_agent:fundamentals_report:claim:107,fundamental_agent,Key Points Summary Table,106,Category: Valuation; Metric: Forward PE; Value: 15.16x; Assessment: Attractive if growth holds,positive,0.55,Category: Valuation; Metric: Forward PE; Value: 15.16x; Assessment: Attractive if growth holds,analytical,positive,True,,SUBSTANTIVE,NONE,dupgroup_5bcead2f6cdf,,,canrel_190605b4e2cfcc56;canrel_cacdbe752c5c6634;canrel_2433ee742bb2d707;canrel_8bcd143ed9136df4,False,False,False,False
e434f80b-e4d0-4b09-9471-d84532659de5,e434f80b-e4d0-4b09-9471-d84532659de5:fundamental_agent:fundamentals_report:claim:108,fundamental_agent,Key Points Summary Table,107,Category: Valuation; Metric: PEG; Value: 0.52; Assessment: Undervalued vs.,unknown,0.4,Category: Valuation; Metric: PEG; Value: 0.52; Assessment: Undervalued vs.,context_only,neutral_or_unknown,False,context_only_default_hidden,CONTEXT_ONLY,NONE,dupgroup_177b1276f8c6,,,canrel_190605b4e2cfcc56;canrel_cacdbe752c5c6634;canrel_2433ee742bb2d707;canrel_8bcd143ed9136df4,False,False,False,False
e434f80b-e4d0-4b09-9471-d84532659de5,e434f80b-e4d0-4b09-9471-d84532659de5:fundamental_agent:fundamentals_report:claim:109,fundamental_agent,Key Points Summary Table,108,Category: Growth; Metric: Revenue (Q1 FY26); Value: $81.62B; Assessment: +85% YoY,positive,0.75,Category: Growth; Metric: Revenue (Q1 FY26); Value: $81.62B; Assessment: +85% YoY,analytical,positive,True,,SUBSTANTIVE,NONE,dupgroup_2f4c2a812e91,,,canrel_190605b4e2cfcc56;canrel_cacdbe752c5c6634;canrel_2433ee742bb2d707;canrel_8bcd143ed9136df4,False,False,False,False
e434f80b-e4d0-4b09-9471-d84532659de5,e434f80b-e4d0-4b09-9471-d84532659de5:fundamental_agent:fundamentals_report:claim:110,fundamental_agent,Key Points Summary Table,109,Category: Growth; Metric: Revenue (FY2026); Value: $215.94B; Assessment: +65% YoY,positive,0.75,Category: Growth; Metric: Revenue (FY2026); Value: $215.94B; Assessment: +65% YoY,analytical,positive,True,,SUBSTANTIVE,NONE,dupgroup_9b9a62e53395,,,canrel_190605b4e2cfcc56;canrel_cacdbe752c5c6634;canrel_2433ee742bb2d707;canrel_8bcd143ed9136df4,False,False,False,False
e434f80b-e4d0-4b09-9471-d84532659de5,e434f80b-e4d0-4b09-9471-d84532659de5:fundamental_agent:fundamentals_report:claim:111,fundamental_agent,Key Points Summary Table,110,Category: Profitability; Metric: Gross Margin; Value: 75%; Assessment: Expanding,unknown,0.75,Category: Profitability; Metric: Gross Margin; Value: 75%; Assessment: Expanding,analytical,neutral_or_unknown,True,,SUBSTANTIVE,NONE,dupgroup_63dfbedc7bdb,,,canrel_190605b4e2cfcc56;canrel_cacdbe752c5c6634;canrel_2433ee742bb2d707;canrel_8bcd143ed9136df4,False,False,False,False
e434f80b-e4d0-4b09-9471-d84532659de5,e434f80b-e4d0-4b09-9471-d84532659de5:fundamental_agent:fundamentals_report:claim:112,fundamental_agent,Key Points Summary Table,111,Category: Profitability; Metric: Operating Margin; Value: 65.6%; Assessment: Exceptional leverage,unknown,0.75,Category: Profitability; Metric: Operating Margin; Value: 65.6%; Assessment: Exceptional leverage,context_only,neutral_or_unknown,False,context_only_default_hidden,CONTEXT_ONLY,NONE,dupgroup_7cf3bcb3d1a7,,,canrel_190605b4e2cfcc56;canrel_cacdbe752c5c6634;canrel_2433ee742bb2d707;canrel_8bcd143ed9136df4,False,False,False,False
e434f80b-e4d0-4b09-9471-d84532659de5,e434f80b-e4d0-4b09-9471-d84532659de5:fundamental_agent:fundamentals_report:claim:113,fundamental_agent,Key Points Summary Table,112,Category: Profitability; Metric: Net Margin; Value: 63.0%; Assessment: Industry-leading,unknown,0.75,Category: Profitability; Metric: Net Margin; Value: 63.0%; Assessment: Industry-leading,context_only,neutral_or_unknown,False,context_only_default_hidden,CONTEXT_ONLY,NONE,dupgroup_ddd856aa59ad,,,canrel_190605b4e2cfcc56;canrel_cacdbe752c5c6634;canrel_2433ee742bb2d707;canrel_8bcd143ed9136df4,False,False,False,False
e434f80b-e4d0-4b09-9471-d84532659de5,e434f80b-e4d0-4b09-9471-d84532659de5:fundamental_agent:fundamentals_report:claim:114,fundamental_agent,Key Points Summary Table,113,Category: Profitability; Metric: ROE; Value: 114.3%; Assessment: Extraordinary,unknown,0.6,Category: Profitability; Metric: ROE; Value: 114.3%; Assessment: Extraordinary,context_only,neutral_or_unknown,False,context_only_default_hidden,CONTEXT_ONLY,NONE,dupgroup_0ba568c0646b,,,canrel_190605b4e2cfcc56;canrel_cacdbe752c5c6634;canrel_2433ee742bb2d707;canrel_8bcd143ed9136df4,False,False,False,False
e434f80b-e4d0-4b09-9471-d84532659de5,e434f80b-e4d0-4b09-9471-d84532659de5:fundamental_agent:fundamentals_report:claim:115,fundamental_agent,Key Points Summary Table,114,Category: Balance Sheet; Metric: Cash & ST Inv; Value: $80.57B; Assessment: Fortress,unknown,0.75,Category: Balance Sheet; Metric: Cash & ST Inv; Value: $80.57B; Assessment: Fortress,context_only,neutral_or_unknown,False,context_only_default_hidden,CONTEXT_ONLY,NONE,dupgroup_111059e5fdd3,,,canrel_190605b4e2cfcc56;canrel_cacdbe752c5c6634;canrel_2433ee742bb2d707;canrel_8bcd143ed9136df4,False,False,False,False
e434f80b-e4d0-4b09-9471-d84532659de5,e434f80b-e4d0-4b09-9471-d84532659de5:fundamental_agent:fundamentals_report:claim:116,fundamental_agent,Key Points Summary Table,115,Category: Balance Sheet; Metric: Total Debt; Value: $12.35B; Assessment: Minimal,unknown,0.75,Category: Balance Sheet; Metric: Total Debt; Value: $12.35B; Assessment: Minimal,context_only,neutral_or_unknown,False,context_only_default_hidden,CONTEXT_ONLY,NONE,dupgroup_1b16d93926f1,,,canrel_190605b4e2cfcc56;canrel_cacdbe752c5c6634;canrel_2433ee742bb2d707;canrel_8bcd143ed9136df4,False,False,False,False
e434f80b-e4d0-4b09-9471-d84532659de5,e434f80b-e4d0-4b09-9471-d84532659de5:fundamental_agent:fundamentals_report:claim:117,fundamental_agent,Key Points Summary Table,116,Category: Balance Sheet; Metric: Net Cash; Value: $68B; Assessment: Net cash position,unknown,0.75,Category: Balance Sheet; Metric: Net Cash; Value: $68B; Assessment: Net cash position,context_only,neutral_or_unknown,False,context_only_default_hidden,CONTEXT_ONLY,NONE,dupgroup_6c13e8225822,,,canrel_190605b4e2cfcc56;canrel_cacdbe752c5c6634;canrel_2433ee742bb2d707;canrel_8bcd143ed9136df4,False,False,False,False
e434f80b-e4d0-4b09-9471-d84532659de5,e434f80b-e4d0-4b09-9471-d84532659de5:fundamental_agent:fundamentals_report:claim:118,fundamental_agent,Key Points Summary Table,117,Category: Balance Sheet; Metric: Current Ratio; Value: 3.44; Assessment: Strong liquidity,positive,0.65,Category: Balance Sheet; Metric: Current Ratio; Value: 3.44; Assessment: Strong liquidity,analytical,positive,True,,SUBSTANTIVE,NONE,dupgroup_80e476cca07f,,A003,canrel_190605b4e2cfcc56;canrel_cacdbe752c5c6634;canrel_2433ee742bb2d707;canrel_8bcd143ed9136df4,True,True,False,False
e434f80b-e4d0-4b09-9471-d84532659de5,e434f80b-e4d0-4b09-9471-d84532659de5:fundamental_agent:fundamentals_report:claim:119,fundamental_agent,Key Points Summary Table,118,Category: Cash Flow; Metric: FCF (Q1 FY26); Value: $48.59B; Assessment: Massive generation,unknown,0.75,Category: Cash Flow; Metric: FCF (Q1 FY26); Value: $48.59B; Assessment: Massive generation,context_only,neutral_or_unknown,False,context_only_default_hidden,CONTEXT_ONLY,NONE,dupgroup_64a13897c7b2,,,canrel_190605b4e2cfcc56;canrel_cacdbe752c5c6634;canrel_2433ee742bb2d707;canrel_8bcd143ed9136df4,False,False,False,False
e434f80b-e4d0-4b09-9471-d84532659de5,e434f80b-e4d0-4b09-9471-d84532659de5:fundamental_agent:fundamentals_report:claim:120,fundamental_agent,Key Points Summary Table,119,Category: Cash Flow; Metric: FCF (FY2026); Value: $96.68B; Assessment: Record,unknown,0.6,Category: Cash Flow; Metric: FCF (FY2026); Value: $96.68B; Assessment: Record,context_only,neutral_or_unknown,False,context_only_default_hidden,CONTEXT_ONLY,NONE,dupgroup_df4a82f52021,,,canrel_190605b4e2cfcc56;canrel_cacdbe752c5c6634;canrel_2433ee742bb2d707;canrel_8bcd143ed9136df4,False,False,False,False
e434f80b-e4d0-4b09-9471-d84532659de5,e434f80b-e4d0-4b09-9471-d84532659de5:fundamental_agent:fundamentals_report:claim:121,fundamental_agent,Key Points Summary Table,120,Category: Capital Returns; Metric: Buybacks (FY26); Value: $40.09B; Assessment: Aggressive,positive,0.75,Category: Capital Returns; Metric: Buybacks (FY26); Value: $40.09B; Assessment: Aggressive,analytical,positive,True,,SUBSTANTIVE,NONE,dupgroup_33a7aeafb29d,,,canrel_190605b4e2cfcc56;canrel_cacdbe752c5c6634;canrel_2433ee742bb2d707;canrel_8bcd143ed9136df4,False,False,False,False
e434f80b-e4d0-4b09-9471-d84532659de5,e434f80b-e4d0-4b09-9471-d84532659de5:fundamental_agent:fundamentals_report:claim:122,fundamental_agent,Key Points Summary Table,121,Category: Capital Returns; Metric: Dividend Yield; Value: 0.53%; Assessment: Modest,unknown,0.75,Category: Capital Returns; Metric: Dividend Yield; Value: 0.53%; Assessment: Modest,context_only,neutral_or_unknown,False,context_only_default_hidden,CONTEXT_ONLY,NONE,dupgroup_b5cbd0977a55,,,canrel_190605b4e2cfcc56;canrel_cacdbe752c5c6634;canrel_2433ee742bb2d707;canrel_8bcd143ed9136df4,False,False,False,False
e434f80b-e4d0-4b09-9471-d84532659de5,e434f80b-e4d0-4b09-9471-d84532659de5:fundamental_agent:fundamentals_report:claim:123,fundamental_agent,Key Points Summary Table,122,Category: Risk; Metric: Beta; Value: 2.21; Assessment: High volatility,negative,0.4,Category: Risk; Metric: Beta; Value: 2.21; Assessment: High volatility,analytical,negative,True,,SUBSTANTIVE,NONE,dupgroup_fb9414eac68d,,,canrel_190605b4e2cfcc56;canrel_cacdbe752c5c6634;canrel_2433ee742bb2d707;canrel_8bcd143ed9136df4,False,False,False,False
e434f80b-e4d0-4b09-9471-d84532659de5,e434f80b-e4d0-4b09-9471-d84532659de5:fundamental_agent:fundamentals_report:claim:124,fundamental_agent,Key Points Summary Table,123,Category: Risk; Metric: Valuation Risk; Value: High; Assessment: Priced for perfection,negative,0.4,Category: Risk; Metric: Valuation Risk; Value: High; Assessment: Priced for perfection,analytical,negative,True,,SUBSTANTIVE,NONE,dupgroup_d4b5a2ebd38a,Valuation Risk,A304,canrel_190605b4e2cfcc56;canrel_cacdbe752c5c6634;canrel_2433ee742bb2d707;canrel_8bcd143ed9136df4,True,True,False,False
e434f80b-e4d0-4b09-9471-d84532659de5,e434f80b-e4d0-4b09-9471-d84532659de5:fundamental_agent:fundamentals_report:claim:125,fundamental_agent,Key Points Summary Table,124,Category: Risk; Metric: Customer Concentration; Value: High; Assessment: Hyperscaler dependence,negative,0.4,Category: Risk; Metric: Customer Concentration; Value: High; Assessment: Hyperscaler dependence,analytical,negative,True,,SUBSTANTIVE,NONE,dupgroup_9e4135e1ef7e,,,canrel_190605b4e2cfcc56;canrel_cacdbe752c5c6634;canrel_2433ee742bb2d707;canrel_8bcd143ed9136df4,False,False,False,False
e434f80b-e4d0-4b09-9471-d84532659de5,e434f80b-e4d0-4b09-9471-d84532659de5:bull_researcher:investment_debate_state.bull_history:claim:1,bull_researcher,,0,"Bull Analyst: Bull Case for NVDA (NVIDIA Corporation) — July 30, 2026",unknown,0.4,"Bull Analyst: Bull Case for NVDA (NVIDIA Corporation) — July 30, 2026",context_only,neutral_or_unknown,False,context_only_default_hidden,CONTEXT_ONLY,NONE,dupgroup_b241d6a298a6,,,canrel_cca96cef0f0004b4;canrel_d6bac69335c196b3;canrel_4765b945c184052f;canrel_f1560131be4f4887;canrel_9241931b2cdd34ab,False,False,False,False
e434f80b-e4d0-4b09-9471-d84532659de5,e434f80b-e4d0-4b09-9471-d84532659de5:bull_researcher:investment_debate_state.bull_history:claim:3,bull_researcher,,2,"The bear case rests on three pillars: valuation concerns, the Michael Burry short, and near-term technical weakness.",unknown,0.4,"The bear case rests on three pillars: valuation concerns, the Michael Burry short, and near-term technical weakness.",analytical,neutral_or_unknown,True,,SUBSTANTIVE,NONE,dupgroup_843e1ca381c0,,,canrel_cca96cef0f0004b4;canrel_d6bac69335c196b3;canrel_4765b945c184052f;canrel_f1560131be4f4887;canrel_9241931b2cdd34ab,False,False,False,False
e434f80b-e4d0-4b09-9471-d84532659de5,e434f80b-e4d0-4b09-9471-d84532659de5:bull_researcher:investment_debate_state.bull_history:claim:4,bull_researcher,,3,On Valuation: The Bear's Biggest Misunderstanding,unknown,0.25,On Valuation: The Bear's Biggest Misunderstanding,context_only,neutral_or_unknown,False,context_only_default_hidden,CONTEXT_ONLY,NONE,dupgroup_b556284b5dbc,,,canrel_cca96cef0f0004b4;canrel_d6bac69335c196b3;canrel_4765b945c184052f;canrel_f1560131be4f4887;canrel_9241931b2cdd34ab,False,False,False,False
e434f80b-e4d0-4b09-9471-d84532659de5,e434f80b-e4d0-4b09-9471-d84532659de5:bull_researcher:investment_debate_state.bull_history:claim:5,bull_researcher,,4,"The bear will tell you NVDA trades at 29x trailing earnings and is ""priced for perfection."" That's a superficial read.",unknown,0.55,"The bear will tell you NVDA trades at 29x trailing earnings and is ""priced for perfection."" That's a superficial read.",context_only,neutral_or_unknown,False,context_only_default_hidden,CONTEXT_ONLY,NONE,dupgroup_1bc8cf59b83d,Valuation Risk,A304,canrel_cca96cef0f0004b4;canrel_d6bac69335c196b3;canrel_4765b945c184052f;canrel_f1560131be4f4887;canrel_9241931b2cdd34ab,True,True,False,False
e434f80b-e4d0-4b09-9471-d84532659de5,e434f80b-e4d0-4b09-9471-d84532659de5:bull_researcher:investment_debate_state.bull_history:claim:6,bull_researcher,,5,Look at the forward numbers: NVDA trades at just 15.16x forward earnings with a PEG ratio of 0.52.,unknown,0.55,Look at the forward numbers: NVDA trades at just 15.16x forward earnings with a PEG ratio of 0.52.,context_only,neutral_or_unknown,False,context_only_default_hidden,CONTEXT_ONLY,NONE,dupgroup_0edae3656754,,,canrel_cca96cef0f0004b4;canrel_d6bac69335c196b3;canrel_4765b945c184052f;canrel_f1560131be4f4887;canrel_9241931b2cdd34ab,False,False,False,False
e434f80b-e4d0-4b09-9471-d84532659de5,e434f80b-e4d0-4b09-9471-d84532659de5:bull_researcher:investment_debate_state.bull_history:claim:7,bull_researcher,,6,"A PEG below 1.0 is traditionally considered undervalued; at 0.52, the market is essentially not pricing in the growth that's already in the pipeline.",neutral,0.55,"A PEG below 1.0 is traditionally considered undervalued; at 0.52, the market is essentially not pricing in the growth that's already in the pipeline.",analytical,neutral_or_unknown,True,,SUBSTANTIVE,NONE,dupgroup_88c0211ef56c,,,canrel_cca96cef0f0004b4;canrel_d6bac69335c196b3;canrel_4765b945c184052f;canrel_f1560131be4f4887;canrel_9241931b2cdd34ab,False,False,False,False
e434f80b-e4d0-4b09-9471-d84532659de5,e434f80b-e4d0-4b09-9471-d84532659de5:bull_researcher:investment_debate_state.bull_history:claim:8,bull_researcher,,7,The company just posted $81.62 billion in quarterly revenue—an 85% year-over-year increase—and expanded gross margins to nearly 75%.,positive,0.75,The company just posted $81.62 billion in quarterly revenue—an 85% year-over-year increase—and expanded gross margins to nearly 75%.,analytical,positive,True,,SUBSTANTIVE,NONE,dupgroup_6c2095a32646,,,canrel_cca96cef0f0004b4;canrel_d6bac69335c196b3;canrel_4765b945c184052f;canrel_f1560131be4f4887;canrel_9241931b2cdd34ab,False,False,False,False
e434f80b-e4d0-4b09-9471-d84532659de5,e434f80b-e4d0-4b09-9471-d84532659de5:bull_researcher:investment_debate_state.bull_history:claim:9,bull_researcher,,8,Operating margins hit 65.6%.,unknown,0.6,Operating margins hit 65.6%.,context_only,neutral_or_unknown,False,context_only_default_hidden,CONTEXT_ONLY,NONE,dupgroup_70c15630e789,,,canrel_cca96cef0f0004b4;canrel_d6bac69335c196b3;canrel_4765b945c184052f;canrel_f1560131be4f4887;canrel_9241931b2cdd34ab,False,False,False,False
e434f80b-e4d0-4b09-9471-d84532659de5,e434f80b-e4d0-4b09-9471-d84532659de5:bull_researcher:investment_debate_state.bull_history:claim:10,bull_researcher,,9,This isn't a story stock; this is a cash-printing machine trading at a reasonable multiple to its forward earnings power.,unknown,0.4,This isn't a story stock; this is a cash-printing machine trading at a reasonable multiple to its forward earnings power.,context_only,neutral_or_unknown,False,context_only_default_hidden,CONTEXT_ONLY,NONE,dupgroup_cf94332c53d1,,,canrel_cca96cef0f0004b4;canrel_d6bac69335c196b3;canrel_4765b945c184052f;canrel_f1560131be4f4887;canrel_9241931b2cdd34ab,False,False,False,False
e434f80b-e4d0-4b09-9471-d84532659de5,e434f80b-e4d0-4b09-9471-d84532659de5:bull_researcher:investment_debate_state.bull_history:claim:11,bull_researcher,,10,On the Burry Short: A Contrarian Gift,unknown,0.25,On the Burry Short: A Contrarian Gift,context_only,neutral_or_unknown,False,context_only_default_hidden,CONTEXT_ONLY,NONE,dupgroup_04228536e120,,,canrel_cca96cef0f0004b4;canrel_d6bac69335c196b3;canrel_4765b945c184052f;canrel_f1560131be4f4887;canrel_9241931b2cdd34ab,False,False,False,False
e434f80b-e4d0-4b09-9471-d84532659de5,e434f80b-e4d0-4b09-9471-d84532659de5:bull_researcher:investment_debate_state.bull_history:claim:12,bull_researcher,,11,The bear will cite Michael Burry's increased short position and put purchases into December 2026/January 2027.,positive,0.55,The bear will cite Michael Burry's increased short position and put purchases into December 2026/January 2027.,analytical,positive,True,,SUBSTANTIVE,NONE,dupgroup_d4bf68a535c3,,,canrel_cca96cef0f0004b4;canrel_d6bac69335c196b3;canrel_4765b945c184052f;canrel_f1560131be4f4887;canrel_9241931b2cdd34ab,False,False,False,False
e434f80b-e4d0-4b09-9471-d84532659de5,e434f80b-e4d0-4b09-9471-d84532659de5:bull_researcher:investment_debate_state.bull_history:claim:13,bull_researcher,,12,"Let's put this in perspective: Burry has been short NVDA since November, and the stock is up roughly 30% since then.",unknown,0.75,"Let's put this in perspective: Burry has been short NVDA since November, and the stock is up roughly 30% since then.",analytical,neutral_or_unknown,True,,SUBSTANTIVE,NONE,dupgroup_b466b2a4d4b5,,,canrel_cca96cef0f0004b4;canrel_d6bac69335c196b3;canrel_4765b945c184052f;canrel_f1560131be4f4887;canrel_9241931b2cdd34ab,False,False,False,False
e434f80b-e4d0-4b09-9471-d84532659de5,e434f80b-e4d0-4b09-9471-d84532659de5:bull_researcher:investment_debate_state.bull_history:claim:14,bull_researcher,,13,"He's been early, and in this market, being early on a short against the strongest secular trend in technology is a losing proposition.",positive,0.5,"He's been early, and in this market, being early on a short against the strongest secular trend in technology is a losing proposition.",analytical,positive,True,,SUBSTANTIVE,NONE,dupgroup_00ea3a46cf08,,,canrel_cca96cef0f0004b4;canrel_d6bac69335c196b3;canrel_4765b945c184052f;canrel_f1560131be4f4887;canrel_9241931b2cdd34ab,False,False,False,False
e434f80b-e4d0-4b09-9471-d84532659de5,e434f80b-e4d0-4b09-9471-d84532659de5:bull_researcher:investment_debate_state.bull_history:claim:15,bull_researcher,,14,"The retail and institutional consensus—backed by hard data—is that AI capex is accelerating, not decelerating.",neutral,0.6,"The retail and institutional consensus—backed by hard data—is that AI capex is accelerating, not decelerating.",analytical,neutral_or_unknown,True,,SUBSTANTIVE,NONE,dupgroup_edbfeb913b13,AI CapEx,,canrel_cca96cef0f0004b4;canrel_d6bac69335c196b3;canrel_4765b945c184052f;canrel_f1560131be4f4887;canrel_9241931b2cdd34ab,False,False,False,False
e434f80b-e4d0-4b09-9471-d84532659de5,e434f80b-e4d0-4b09-9471-d84532659de5:bull_researcher:investment_debate_state.bull_history:claim:16,bull_researcher,,15,Microsoft just committed a record $41 billion to AI infrastructure with Azure growth accelerating.,positive,0.75,Microsoft just committed a record $41 billion to AI infrastructure with Azure growth accelerating.,analytical,positive,True,,SUBSTANTIVE,NONE,dupgroup_516c5d518a1a,AI Infrastructure,,canrel_cca96cef0f0004b4;canrel_d6bac69335c196b3;canrel_4765b945c184052f;canrel_f1560131be4f4887;canrel_9241931b2cdd34ab,False,False,False,False
e434f80b-e4d0-4b09-9471-d84532659de5,e434f80b-e4d0-4b09-9471-d84532659de5:bull_researcher:investment_debate_state.bull_history:claim:17,bull_researcher,,16,Meta and Amazon are following suit.,unknown,0.25,Meta and Amazon are following suit.,context_only,neutral_or_unknown,False,context_only_default_hidden,CONTEXT_ONLY,NONE,dupgroup_4c3734134d06,,,canrel_cca96cef0f0004b4;canrel_d6bac69335c196b3;canrel_4765b945c184052f;canrel_f1560131be4f4887;canrel_9241931b2cdd34ab,False,False,False,False
e434f80b-e4d0-4b09-9471-d84532659de5,e434f80b-e4d0-4b09-9471-d84532659de5:bull_researcher:investment_debate_state.bull_history:claim:18,bull_researcher,,17,"The hyperscalers are voting with their wallets, and their wallets say NVIDIA's GPUs are the foundation of their AI strategies.",unknown,0.4,"The hyperscalers are voting with their wallets, and their wallets say NVIDIA's GPUs are the foundation of their AI strategies.",context_only,neutral_or_unknown,False,context_only_default_hidden,CONTEXT_ONLY,NONE,dupgroup_e65d45fa8651,,,canrel_cca96cef0f0004b4;canrel_d6bac69335c196b3;canrel_4765b945c184052f;canrel_f1560131be4f4887;canrel_9241931b2cdd34ab,False,False,False,False
e434f80b-e4d0-4b09-9471-d84532659de5,e434f80b-e4d0-4b09-9471-d84532659de5:bull_researcher:investment_debate_state.bull_history:claim:19,bull_researcher,,18,"On Technicals: This Is a Buying Opportunity, Not a Warning",neutral,0.25,"On Technicals: This Is a Buying Opportunity, Not a Warning",analytical,neutral_or_unknown,True,,SUBSTANTIVE,NONE,dupgroup_9bb4877a9b28,,,canrel_cca96cef0f0004b4;canrel_d6bac69335c196b3;canrel_4765b945c184052f;canrel_f1560131be4f4887;canrel_9241931b2cdd34ab,False,False,False,False
e434f80b-e4d0-4b09-9471-d84532659de5,e434f80b-e4d0-4b09-9471-d84532659de5:bull_researcher:investment_debate_state.bull_history:claim:20,bull_researcher,,19,The bear will point to the break below the 50-day SMA and bearish MACD.,negative,0.4,The bear will point to the break below the 50-day SMA and bearish MACD.,analytical,negative,True,,SUBSTANTIVE,NONE,dupgroup_5104eccd9173,,,canrel_cca96cef0f0004b4;canrel_d6bac69335c196b3;canrel_4765b945c184052f;canrel_f1560131be4f4887;canrel_9241931b2cdd34ab,False,False,False,False
e434f80b-e4d0-4b09-9471-d84532659de5,e434f80b-e4d0-4b09-9471-d84532659de5:bull_researcher:investment_debate_state.bull_history:claim:21,bull_researcher,,20,"I'll counter with the long-term structure: NVDA remains above its rising 200-day SMA at $192.86, and the stock is pressing against the lower Bollinger Band at $189.47—a zone that has historically marked oversold conditions.",unknown,0.75,"I'll counter with the long-term structure: NVDA remains above its rising 200-day SMA at $192.86, and the stock is pressing against the lower Bollinger Band at $189.47—a zone that has historically marked oversold conditions.",analytical,neutral_or_unknown,True,,SUBSTANTIVE,NONE,dupgroup_bb264a56fedf,,,canrel_cca96cef0f0004b4;canrel_d6bac69335c196b3;canrel_4765b945c184052f;canrel_f1560131be4f4887;canrel_9241931b2cdd34ab,False,False,False,False
e434f80b-e4d0-4b09-9471-d84532659de5,e434f80b-e4d0-4b09-9471-d84532659de5:bull_researcher:investment_debate_state.bull_history:claim:22,bull_researcher,,21,The RSI at 43 is weak but far from capitulation.,unknown,0.4,The RSI at 43 is weak but far from capitulation.,analytical,neutral_or_unknown,True,,SUBSTANTIVE,NONE,dupgroup_014e8e06e6b6,,,canrel_cca96cef0f0004b4;canrel_d6bac69335c196b3;canrel_4765b945c184052f;canrel_f1560131be4f4887;canrel_9241931b2cdd34ab,False,False,False,False
e434f80b-e4d0-4b09-9471-d84532659de5,e434f80b-e4d0-4b09-9471-d84532659de5:bull_researcher:investment_debate_state.bull_history:claim:23,bull_researcher,,22,"More importantly, the prediction markets assign a 64% probability that NVDA closes between $195 and $200 this Friday, suggesting stabilization, not a breakdown.",neutral,0.75,"More importantly, the prediction markets assign a 64% probability that NVDA closes between $195 and $200 this Friday, suggesting stabilization, not a breakdown.",analytical,neutral_or_unknown,True,,SUBSTANTIVE,NONE,dupgroup_09da6af8ab28,,,canrel_cca96cef0f0004b4;canrel_d6bac69335c196b3;canrel_4765b945c184052f;canrel_f1560131be4f4887;canrel_9241931b2cdd34ab,False,False,False,False
e434f80b-e4d0-4b09-9471-d84532659de5,e434f80b-e4d0-4b09-9471-d84532659de5:bull_researcher:investment_debate_state.bull_history:claim:24,bull_researcher,,23,"The recent selloff is a correction within a longer-term uptrend, and the fundamentals haven't changed one iota.",negative,0.4,"The recent selloff is a correction within a longer-term uptrend, and the fundamentals haven't changed one iota.",analytical,negative,True,,SUBSTANTIVE,NONE,dupgroup_33d52e7f6693,,,canrel_cca96cef0f0004b4;canrel_d6bac69335c196b3;canrel_4765b945c184052f;canrel_f1560131be4f4887;canrel_9241931b2cdd34ab,False,False,False,False
e434f80b-e4d0-4b09-9471-d84532659de5,e434f80b-e4d0-4b09-9471-d84532659de5:bull_researcher:investment_debate_state.bull_history:claim:25,bull_researcher,,24,The Demand Engine Is Intact,unknown,0.25,The Demand Engine Is Intact,context_only,neutral_or_unknown,False,context_only_default_hidden,CONTEXT_ONLY,NONE,dupgroup_4f32099a22e5,,,canrel_cca96cef0f0004b4;canrel_d6bac69335c196b3;canrel_4765b945c184052f;canrel_f1560131be4f4887;canrel_9241931b2cdd34ab,False,False,False,False
e434f80b-e4d0-4b09-9471-d84532659de5,e434f80b-e4d0-4b09-9471-d84532659de5:bull_researcher:investment_debate_state.bull_history:claim:26,bull_researcher,,25,Let's talk about the core driver: AI infrastructure spending.,unknown,0.25,Let's talk about the core driver: AI infrastructure spending.,context_only,neutral_or_unknown,False,context_only_default_hidden,CONTEXT_ONLY,NONE,dupgroup_f88a9b8365c1,AI CapEx;Datacenter CapEx;AI Infrastructure,,canrel_cca96cef0f0004b4;canrel_d6bac69335c196b3;canrel_4765b945c184052f;canrel_f1560131be4f4887;canrel_9241931b2cdd34ab,False,False,False,False
e434f80b-e4d0-4b09-9471-d84532659de5,e434f80b-e4d0-4b09-9471-d84532659de5:bull_researcher:investment_debate_state.bull_history:claim:27,bull_researcher,,26,The bear will argue that capex cycles are cyclical and this one will fade.,unknown,0.25,The bear will argue that capex cycles are cyclical and this one will fade.,context_only,neutral_or_unknown,False,context_only_default_hidden,CONTEXT_ONLY,NONE,dupgroup_f0bb9d72c382,,,canrel_cca96cef0f0004b4;canrel_d6bac69335c196b3;canrel_4765b945c184052f;canrel_f1560131be4f4887;canrel_9241931b2cdd34ab,False,False,False,False
e434f80b-e4d0-4b09-9471-d84532659de5,e434f80b-e4d0-4b09-9471-d84532659de5:bull_researcher:investment_debate_state.bull_history:claim:28,bull_researcher,,27,But the evidence says otherwise.,unknown,0.25,But the evidence says otherwise.,analytical,neutral_or_unknown,True,,SUBSTANTIVE,NONE,dupgroup_2c6337dde4d5,,,canrel_cca96cef0f0004b4;canrel_d6bac69335c196b3;canrel_4765b945c184052f;canrel_f1560131be4f4887;canrel_9241931b2cdd34ab,False,False,False,False
e434f80b-e4d0-4b09-9471-d84532659de5,e434f80b-e4d0-4b09-9471-d84532659de5:bull_researcher:investment_debate_state.bull_history:claim:29,bull_researcher,,28,Microsoft's $41B spend is translating into accelerated Azure growth—meaning the ROI on AI infrastructure is being validated in real time.,positive,0.75,Microsoft's $41B spend is translating into accelerated Azure growth—meaning the ROI on AI infrastructure is being validated in real time.,analytical,positive,True,,SUBSTANTIVE,NONE,dupgroup_2f82db068d65,AI Infrastructure,,canrel_cca96cef0f0004b4;canrel_d6bac69335c196b3;canrel_4765b945c184052f;canrel_f1560131be4f4887;canrel_9241931b2cdd34ab,False,False,False,False
e434f80b-e4d0-4b09-9471-d84532659de5,e434f80b-e4d0-4b09-9471-d84532659de5:bull_researcher:investment_debate_state.bull_history:claim:30,bull_researcher,,29,"Jensen Huang's Morgan Stanley roadshow was specifically aimed at addressing investor concerns, and his message was clear: rising demand for AI compute will drive corporate revenues and GDP higher.",unknown,0.4,"Jensen Huang's Morgan Stanley roadshow was specifically aimed at addressing investor concerns, and his message was clear: rising demand for AI compute will drive corporate revenues and GDP higher.",analytical,neutral_or_unknown,True,,SUBSTANTIVE,NONE,dupgroup_083eb4d5b930,,,canrel_cca96cef0f0004b4;canrel_d6bac69335c196b3;canrel_4765b945c184052f;canrel_f1560131be4f4887;canrel_9241931b2cdd34ab,False,False,False,False
e434f80b-e4d0-4b09-9471-d84532659de5,e434f80b-e4d0-4b09-9471-d84532659de5:bull_researcher:investment_debate_state.bull_history:claim:31,bull_researcher,,30,"The market may have been unimpressed in the short term, but the long-term thesis is intact.",unknown,0.4,"The market may have been unimpressed in the short term, but the long-term thesis is intact.",analytical,neutral_or_unknown,True,,SUBSTANTIVE,NONE,dupgroup_3f1c835a4983,,,canrel_cca96cef0f0004b4;canrel_d6bac69335c196b3;canrel_4765b945c184052f;canrel_f1560131be4f4887;canrel_9241931b2cdd34ab,False,False,False,False
e434f80b-e4d0-4b09-9471-d84532659de5,e434f80b-e4d0-4b09-9471-d84532659de5:bull_researcher:investment_debate_state.bull_history:claim:32,bull_researcher,,31,Add in the global semiconductor cycle strength—South Korea's Kospi jumped 16% on chip demand—and you have a synchronized global tailwind.,unknown,0.75,Add in the global semiconductor cycle strength—South Korea's Kospi jumped 16% on chip demand—and you have a synchronized global tailwind.,context_only,neutral_or_unknown,False,context_only_default_hidden,CONTEXT_ONLY,NONE,dupgroup_153d29fbf99c,Semiconductor Cycle,A201,canrel_cca96cef0f0004b4;canrel_d6bac69335c196b3;canrel_4765b945c184052f;canrel_f1560131be4f4887;canrel_9241931b2cdd34ab,True,True,False,False
e434f80b-e4d0-4b09-9471-d84532659de5,e434f80b-e4d0-4b09-9471-d84532659de5:bull_researcher:investment_debate_state.bull_history:claim:33,bull_researcher,,32,The bear will cite concentration risk and customer dependence.,negative,0.25,The bear will cite concentration risk and customer dependence.,analytical,negative,True,,SUBSTANTIVE,NONE,dupgroup_dc082374be75,,,canrel_cca96cef0f0004b4;canrel_d6bac69335c196b3;canrel_4765b945c184052f;canrel_f1560131be4f4887;canrel_9241931b2cdd34ab,False,False,False,False
e434f80b-e4d0-4b09-9471-d84532659de5,e434f80b-e4d0-4b09-9471-d84532659de5:bull_researcher:investment_debate_state.bull_history:claim:34,bull_researcher,,33,I'll counter with the balance sheet: $80.57 billion in cash and short-term investments against just $12.35 billion in total debt—a net cash position of roughly $68 billion.,unknown,0.75,I'll counter with the balance sheet: $80.57 billion in cash and short-term investments against just $12.35 billion in total debt—a net cash position of roughly $68 billion.,context_only,neutral_or_unknown,False,context_only_default_hidden,CONTEXT_ONLY,NONE,dupgroup_d1397a762b14,,,canrel_cca96cef0f0004b4;canrel_d6bac69335c196b3;canrel_4765b945c184052f;canrel_f1560131be4f4887;canrel_9241931b2cdd34ab,False,False,False,False
e434f80b-e4d0-4b09-9471-d84532659de5,e434f80b-e4d0-4b09-9471-d84532659de5:bull_researcher:investment_debate_state.bull_history:claim:35,bull_researcher,,34,The company generated $48.59 billion in free cash flow in the last quarter alone and returned $19.3 billion to shareholders via buybacks.,positive,0.75,The company generated $48.59 billion in free cash flow in the last quarter alone and returned $19.3 billion to shareholders via buybacks.,analytical,positive,True,,SUBSTANTIVE,NONE,dupgroup_907c28844810,,,canrel_cca96cef0f0004b4;canrel_d6bac69335c196b3;canrel_4765b945c184052f;canrel_f1560131be4f4887;canrel_9241931b2cdd34ab,False,False,False,False
e434f80b-e4d0-4b09-9471-d84532659de5,e434f80b-e4d0-4b09-9471-d84532659de5:bull_researcher:investment_debate_state.bull_history:claim:36,bull_researcher,,35,This is a company with the financial firepower to weather any near-term turbulence while continuing to invest in next-generation architectures.,unknown,0.4,This is a company with the financial firepower to weather any near-term turbulence while continuing to invest in next-generation architectures.,analytical,neutral_or_unknown,True,,SUBSTANTIVE,NONE,dupgroup_d5da3da40e0b,,,canrel_cca96cef0f0004b4;canrel_d6bac69335c196b3;canrel_4765b945c184052f;canrel_f1560131be4f4887;canrel_9241931b2cdd34ab,False,False,False,False
e434f80b-e4d0-4b09-9471-d84532659de5,e434f80b-e4d0-4b09-9471-d84532659de5:bull_researcher:investment_debate_state.bull_history:claim:37,bull_researcher,,36,"The bear case is built on fear of what might happen—an AI bubble burst (20% probability per prediction markets), a recession (12% probability), or a rate hike cycle (89% probability of no cuts, which is already priced in).",negative,0.75,"The bear case is built on fear of what might happen—an AI bubble burst (20% probability per prediction markets), a recession (12% probability), or a rate hike cycle (89% probability of no cuts, which is already priced in).",analytical,negative,True,,SUBSTANTIVE,NONE,dupgroup_aa405da8fcde,,,canrel_cca96cef0f0004b4;canrel_d6bac69335c196b3;canrel_4765b945c184052f;canrel_f1560131be4f4887;canrel_9241931b2cdd34ab,False,False,False,False
e434f80b-e4d0-4b09-9471-d84532659de5,e434f80b-e4d0-4b09-9471-d84532659de5:bull_researcher:investment_debate_state.bull_history:claim:38,bull_researcher,,37,"The bull case is built on what is happening: 85% revenue growth, 75% gross margins, $96.7 billion in annual free cash flow, and a forward PE of 15.",positive,0.75,"The bull case is built on what is happening: 85% revenue growth, 75% gross margins, $96.7 billion in annual free cash flow, and a forward PE of 15.",analytical,positive,True,,SUBSTANTIVE,NONE,dupgroup_75e72da5fc86,Revenue Growth,A301,canrel_cca96cef0f0004b4;canrel_d6bac69335c196b3;canrel_4765b945c184052f;canrel_f1560131be4f4887;canrel_9241931b2cdd34ab,True,True,False,False
e434f80b-e4d0-4b09-9471-d84532659de5,e434f80b-e4d0-4b09-9471-d84532659de5:bull_researcher:investment_debate_state.bull_history:claim:39,bull_researcher,,38,The market is offering you a chance to own the defining company of the AI era at a reasonable valuation.,unknown,0.4,The market is offering you a chance to own the defining company of the AI era at a reasonable valuation.,context_only,neutral_or_unknown,False,context_only_default_hidden,CONTEXT_ONLY,NONE,dupgroup_908959877a7e,,,canrel_cca96cef0f0004b4;canrel_d6bac69335c196b3;canrel_4765b945c184052f;canrel_f1560131be4f4887;canrel_9241931b2cdd34ab,False,False,False,False
e434f80b-e4d0-4b09-9471-d84532659de5,e434f80b-e4d0-4b09-9471-d84532659de5:bull_researcher:investment_debate_state.bull_history:claim:40,bull_researcher,,39,This isn't the time to be fearful; it's the time to be greedy.,unknown,0.25,This isn't the time to be fearful; it's the time to be greedy.,context_only,neutral_or_unknown,False,context_only_default_hidden,CONTEXT_ONLY,NONE,dupgroup_3d2e83c11045,,,canrel_cca96cef0f0004b4;canrel_d6bac69335c196b3;canrel_4765b945c184052f;canrel_f1560131be4f4887;canrel_9241931b2cdd34ab,False,False,False,False
e434f80b-e4d0-4b09-9471-d84532659de5,e434f80b-e4d0-4b09-9471-d84532659de5:bear_researcher:investment_debate_state.bear_history:claim:1,bear_researcher,,0,"Bear Analyst: Bear Case for NVDA (NVIDIA Corporation) — July 30, 2026",unknown,0.4,"Bear Analyst: Bear Case for NVDA (NVIDIA Corporation) — July 30, 2026",context_only,neutral_or_unknown,False,context_only_default_hidden,CONTEXT_ONLY,NONE,dupgroup_39e1131863bb,,,canrel_b403a4020a72cee9;canrel_05cf58d01fde7d2d;canrel_8b7a98b04ebc55a1;canrel_10cd8c5ab1e1f1f7,False,False,False,False
e434f80b-e4d0-4b09-9471-d84532659de5,e434f80b-e4d0-4b09-9471-d84532659de5:bear_researcher:investment_debate_state.bear_history:claim:2,bear_researcher,,1,"Let me address the bull's enthusiasm directly, because I believe what we're seeing is not a buying opportunity but a warning sign that the market is finally starting to price in the risks that have been building for months.",neutral,0.6,"Let me address the bull's enthusiasm directly, because I believe what we're seeing is not a buying opportunity but a warning sign that the market is finally starting to price in the risks that have been building for months.",analytical,neutral_or_unknown,True,,SUBSTANTIVE,NONE,dupgroup_ce8b1dd856fb,,,canrel_b403a4020a72cee9;canrel_05cf58d01fde7d2d;canrel_8b7a98b04ebc55a1;canrel_10cd8c5ab1e1f1f7,False,False,False,False
e434f80b-e4d0-4b09-9471-d84532659de5,e434f80b-e4d0-4b09-9471-d84532659de5:bear_researcher:investment_debate_state.bear_history:claim:3,bear_researcher,,2,"The bull case rests on three pillars: forward valuation, the AI capex narrative, and technical support levels.",unknown,0.4,"The bull case rests on three pillars: forward valuation, the AI capex narrative, and technical support levels.",analytical,neutral_or_unknown,True,,SUBSTANTIVE,NONE,dupgroup_5323871dd30f,AI CapEx,,canrel_b403a4020a72cee9;canrel_05cf58d01fde7d2d;canrel_8b7a98b04ebc55a1;canrel_10cd8c5ab1e1f1f7,False,False,False,False
e434f80b-e4d0-4b09-9471-d84532659de5,e434f80b-e4d0-4b09-9471-d84532659de5:bear_researcher:investment_debate_state.bear_history:claim:4,bear_researcher,,3,On Valuation: The Bull Is Using a Misleading Metric,unknown,0.25,On Valuation: The Bull Is Using a Misleading Metric,context_only,neutral_or_unknown,False,context_only_default_hidden,CONTEXT_ONLY,NONE,dupgroup_f50466e23813,,,canrel_b403a4020a72cee9;canrel_05cf58d01fde7d2d;canrel_8b7a98b04ebc55a1;canrel_10cd8c5ab1e1f1f7,False,False,False,False
e434f80b-e4d0-4b09-9471-d84532659de5,e434f80b-e4d0-4b09-9471-d84532659de5:bear_researcher:investment_debate_state.bear_history:claim:5,bear_researcher,,4,The bull proudly cites a forward PE of 15.16x and a PEG of 0.52 as evidence of undervaluation.,unknown,0.55,The bull proudly cites a forward PE of 15.16x and a PEG of 0.52 as evidence of undervaluation.,context_only,neutral_or_unknown,False,context_only_default_hidden,CONTEXT_ONLY,NONE,dupgroup_998488ae68b2,,,canrel_b403a4020a72cee9;canrel_05cf58d01fde7d2d;canrel_8b7a98b04ebc55a1;canrel_10cd8c5ab1e1f1f7,False,False,False,False
e434f80b-e4d0-4b09-9471-d84532659de5,e434f80b-e4d0-4b09-9471-d84532659de5:bear_researcher:investment_debate_state.bear_history:claim:6,bear_researcher,,5,But this is a classic trap.,unknown,0.25,But this is a classic trap.,analytical,neutral_or_unknown,True,,SUBSTANTIVE,NONE,dupgroup_217cf9af3852,,,canrel_b403a4020a72cee9;canrel_05cf58d01fde7d2d;canrel_8b7a98b04ebc55a1;canrel_10cd8c5ab1e1f1f7,False,False,False,False
e434f80b-e4d0-4b09-9471-d84532659de5,e434f80b-e4d0-4b09-9471-d84532659de5:bear_researcher:investment_debate_state.bear_history:claim:7,bear_researcher,,6,That forward PE is based on analyst estimates that assume the current growth trajectory continues unabated—an assumption that ignores the mounting evidence of deceleration risk.,neutral,0.4,That forward PE is based on analyst estimates that assume the current growth trajectory continues unabated—an assumption that ignores the mounting evidence of deceleration risk.,analytical,neutral_or_unknown,True,,SUBSTANTIVE,NONE,dupgroup_39fcc742305c,,,canrel_b403a4020a72cee9;canrel_05cf58d01fde7d2d;canrel_8b7a98b04ebc55a1;canrel_10cd8c5ab1e1f1f7,False,False,False,False
e434f80b-e4d0-4b09-9471-d84532659de5,e434f80b-e4d0-4b09-9471-d84532659de5:bear_researcher:investment_debate_state.bear_history:claim:8,bear_researcher,,7,The trailing PE of 29x is the reality of what you're paying today.,unknown,0.4,The trailing PE of 29x is the reality of what you're paying today.,context_only,neutral_or_unknown,False,context_only_default_hidden,CONTEXT_ONLY,NONE,dupgroup_9d944a32537e,,,canrel_b403a4020a72cee9;canrel_05cf58d01fde7d2d;canrel_8b7a98b04ebc55a1;canrel_10cd8c5ab1e1f1f7,False,False,False,False
e434f80b-e4d0-4b09-9471-d84532659de5,e434f80b-e4d0-4b09-9471-d84532659de5:bear_researcher:investment_debate_state.bear_history:claim:9,bear_researcher,,8,"And at a market cap of $4.72 trillion, NVDA is now larger than the GDP of most countries.",unknown,0.75,"And at a market cap of $4.72 trillion, NVDA is now larger than the GDP of most countries.",context_only,neutral_or_unknown,False,context_only_default_hidden,CONTEXT_ONLY,NONE,dupgroup_ef911c73a6ed,,,canrel_b403a4020a72cee9;canrel_05cf58d01fde7d2d;canrel_8b7a98b04ebc55a1;canrel_10cd8c5ab1e1f1f7,False,False,False,False
e434f80b-e4d0-4b09-9471-d84532659de5,e434f80b-e4d0-4b09-9471-d84532659de5:bear_researcher:investment_debate_state.bear_history:claim:10,bear_researcher,,9,"The bull says ""priced for perfection"" is a misunderstanding; I say it's the most accurate description possible.",unknown,0.4,"The bull says ""priced for perfection"" is a misunderstanding; I say it's the most accurate description possible.",context_only,neutral_or_unknown,False,context_only_default_hidden,CONTEXT_ONLY,NONE,dupgroup_7c78df1e379f,Valuation Risk,A304,canrel_b403a4020a72cee9;canrel_05cf58d01fde7d2d;canrel_8b7a98b04ebc55a1;canrel_10cd8c5ab1e1f1f7,True,True,False,False
e434f80b-e4d0-4b09-9471-d84532659de5,e434f80b-e4d0-4b09-9471-d84532659de5:bear_researcher:investment_debate_state.bear_history:claim:11,bear_researcher,,10,"When you're paying 24x book value and the stock has a beta of 2.21, you're not buying stability—you're buying maximum exposure to any negative surprise.",neutral,0.55,"When you're paying 24x book value and the stock has a beta of 2.21, you're not buying stability—you're buying maximum exposure to any negative surprise.",context_only,neutral_or_unknown,False,context_only_default_hidden,CONTEXT_ONLY,NONE,dupgroup_60e8118833ae,,,canrel_b403a4020a72cee9;canrel_05cf58d01fde7d2d;canrel_8b7a98b04ebc55a1;canrel_10cd8c5ab1e1f1f7,False,False,False,False
e434f80b-e4d0-4b09-9471-d84532659de5,e434f80b-e4d0-4b09-9471-d84532659de5:bear_researcher:investment_debate_state.bear_history:claim:12,bear_researcher,,11,The PEG of 0.52 is a mathematical artifact of extrapolating one quarter's 85% growth into perpetuity.,positive,0.75,The PEG of 0.52 is a mathematical artifact of extrapolating one quarter's 85% growth into perpetuity.,analytical,positive,True,,SUBSTANTIVE,NONE,dupgroup_91e3b57b2f7d,,,canrel_b403a4020a72cee9;canrel_05cf58d01fde7d2d;canrel_8b7a98b04ebc55a1;canrel_10cd8c5ab1e1f1f7,False,False,False,False
e434f80b-e4d0-4b09-9471-d84532659de5,e434f80b-e4d0-4b09-9471-d84532659de5:bear_researcher:investment_debate_state.bear_history:claim:13,bear_researcher,,12,That's not analysis; that's hope.,neutral,0.25,That's not analysis; that's hope.,context_only,neutral_or_unknown,False,context_only_default_hidden,CONTEXT_ONLY,NONE,dupgroup_a25c170ded3a,,,canrel_b403a4020a72cee9;canrel_05cf58d01fde7d2d;canrel_8b7a98b04ebc55a1;canrel_10cd8c5ab1e1f1f7,False,False,False,False
e434f80b-e4d0-4b09-9471-d84532659de5,e434f80b-e4d0-4b09-9471-d84532659de5:bear_researcher:investment_debate_state.bear_history:claim:14,bear_researcher,,13,On the Burry Short: The Bull Is Dismissing a Canary in the Coal Mine,unknown,0.25,On the Burry Short: The Bull Is Dismissing a Canary in the Coal Mine,context_only,neutral_or_unknown,False,context_only_default_hidden,CONTEXT_ONLY,NONE,dupgroup_a9803f98faee,,,canrel_b403a4020a72cee9;canrel_05cf58d01fde7d2d;canrel_8b7a98b04ebc55a1;canrel_10cd8c5ab1e1f1f7,False,False,False,False
e434f80b-e4d0-4b09-9471-d84532659de5,e434f80b-e4d0-4b09-9471-d84532659de5:bear_researcher:investment_debate_state.bear_history:claim:15,bear_researcher,,14,"The bull mocks Michael Burry's short position, noting he's been early and the stock is up 30% since November.",unknown,0.75,"The bull mocks Michael Burry's short position, noting he's been early and the stock is up 30% since November.",analytical,neutral_or_unknown,True,,SUBSTANTIVE,NONE,dupgroup_b3d5acd1ea43,,,canrel_b403a4020a72cee9;canrel_05cf58d01fde7d2d;canrel_8b7a98b04ebc55a1;canrel_10cd8c5ab1e1f1f7,False,False,False,False
e434f80b-e4d0-4b09-9471-d84532659de5,e434f80b-e4d0-4b09-9471-d84532659de5:bear_researcher:investment_debate_state.bear_history:claim:16,bear_researcher,,15,But let's look at what Burry is actually doing: he's increased his short exposure and added put positions with December 2026 and January 2027 expirations.,positive,0.55,But let's look at what Burry is actually doing: he's increased his short exposure and added put positions with December 2026 and January 2027 expirations.,analytical,positive,True,,SUBSTANTIVE,NONE,dupgroup_d5bff6b89547,,,canrel_b403a4020a72cee9;canrel_05cf58d01fde7d2d;canrel_8b7a98b04ebc55a1;canrel_10cd8c5ab1e1f1f7,False,False,False,False
e434f80b-e4d0-4b09-9471-d84532659de5,e434f80b-e4d0-4b09-9471-d84532659de5:bear_researcher:investment_debate_state.bear_history:claim:17,bear_researcher,,16,This isn't a fly-by-night trade; this is a sophisticated investor making a timed bet against the near-term upside.,positive,0.4,This isn't a fly-by-night trade; this is a sophisticated investor making a timed bet against the near-term upside.,analytical,positive,True,,SUBSTANTIVE,NONE,dupgroup_d3221f3c3d29,,,canrel_b403a4020a72cee9;canrel_05cf58d01fde7d2d;canrel_8b7a98b04ebc55a1;canrel_10cd8c5ab1e1f1f7,False,False,False,False
e434f80b-e4d0-4b09-9471-d84532659de5,e434f80b-e4d0-4b09-9471-d84532659de5:bear_researcher:investment_debate_state.bear_history:claim:18,bear_researcher,,17,"The bull dismisses this as ""being early,"" but in markets, being early on a correct thesis is how you make money.",unknown,0.4,"The bull dismisses this as ""being early,"" but in markets, being early on a correct thesis is how you make money.",analytical,neutral_or_unknown,True,,SUBSTANTIVE,NONE,dupgroup_4fddb18d74db,,,canrel_b403a4020a72cee9;canrel_05cf58d01fde7d2d;canrel_8b7a98b04ebc55a1;canrel_10cd8c5ab1e1f1f7,False,False,False,False
e434f80b-e4d0-4b09-9471-d84532659de5,e434f80b-e4d0-4b09-9471-d84532659de5:bear_researcher:investment_debate_state.bear_history:claim:19,bear_researcher,,18,"The fact that retail sentiment is at an 88/12 bullish ratio—with StockTwits users calling the stock ""stupid cheap""—is precisely the kind of crowded trade that precedes sharp reversals.",positive,0.55,"The fact that retail sentiment is at an 88/12 bullish ratio—with StockTwits users calling the stock ""stupid cheap""—is precisely the kind of crowded trade that precedes sharp reversals.",analytical,positive,True,,SUBSTANTIVE,NONE,dupgroup_3a0fe101b4b8,Narrative Momentum,A601,canrel_b403a4020a72cee9;canrel_05cf58d01fde7d2d;canrel_8b7a98b04ebc55a1;canrel_10cd8c5ab1e1f1f7,True,True,False,False
e434f80b-e4d0-4b09-9471-d84532659de5,e434f80b-e4d0-4b09-9471-d84532659de5:bear_researcher:investment_debate_state.bear_history:claim:20,bear_researcher,,19,"When the prediction markets assign only a 20% probability to an AI bubble burst, that's not reassurance; that's complacency.",neutral,0.75,"When the prediction markets assign only a 20% probability to an AI bubble burst, that's not reassurance; that's complacency.",context_only,neutral_or_unknown,False,context_only_default_hidden,CONTEXT_ONLY,NONE,dupgroup_71201e2f4e26,,,canrel_b403a4020a72cee9;canrel_05cf58d01fde7d2d;canrel_8b7a98b04ebc55a1;canrel_10cd8c5ab1e1f1f7,False,False,False,False
e434f80b-e4d0-4b09-9471-d84532659de5,e434f80b-e4d0-4b09-9471-d84532659de5:bear_researcher:investment_debate_state.bear_history:claim:21,bear_researcher,,20,The bull is asking you to ignore a warning signal because it hasn't fired yet.,unknown,0.45,The bull is asking you to ignore a warning signal because it hasn't fired yet.,analytical,neutral_or_unknown,True,,SUBSTANTIVE,NONE,dupgroup_2180fe2a7237,,,canrel_b403a4020a72cee9;canrel_05cf58d01fde7d2d;canrel_8b7a98b04ebc55a1;canrel_10cd8c5ab1e1f1f7,False,False,False,False
e434f80b-e4d0-4b09-9471-d84532659de5,e434f80b-e4d0-4b09-9471-d84532659de5:bear_researcher:investment_debate_state.bear_history:claim:22,bear_researcher,,21,That's not investing; that's gambling.,neutral,0.25,That's not investing; that's gambling.,context_only,neutral_or_unknown,False,context_only_default_hidden,CONTEXT_ONLY,NONE,dupgroup_451faf883e8d,,,canrel_b403a4020a72cee9;canrel_05cf58d01fde7d2d;canrel_8b7a98b04ebc55a1;canrel_10cd8c5ab1e1f1f7,False,False,False,False
e434f80b-e4d0-4b09-9471-d84532659de5,e434f80b-e4d0-4b09-9471-d84532659de5:bear_researcher:investment_debate_state.bear_history:claim:23,bear_researcher,,22,On Technicals: The Bull Is Cherry-Picking Support Levels,unknown,0.25,On Technicals: The Bull Is Cherry-Picking Support Levels,analytical,neutral_or_unknown,True,,SUBSTANTIVE,NONE,dupgroup_c8f887fe9b8c,,,canrel_b403a4020a72cee9;canrel_05cf58d01fde7d2d;canrel_8b7a98b04ebc55a1;canrel_10cd8c5ab1e1f1f7,False,False,False,False
e434f80b-e4d0-4b09-9471-d84532659de5,e434f80b-e4d0-4b09-9471-d84532659de5:bear_researcher:investment_debate_state.bear_history:claim:24,bear_researcher,,23,The bull points to the 200-day SMA at $192.86 and the lower Bollinger Band at $189.47 as support.,unknown,0.75,The bull points to the 200-day SMA at $192.86 and the lower Bollinger Band at $189.47 as support.,analytical,neutral_or_unknown,True,,SUBSTANTIVE,NONE,dupgroup_67550c9ad399,,,canrel_b403a4020a72cee9;canrel_05cf58d01fde7d2d;canrel_8b7a98b04ebc55a1;canrel_10cd8c5ab1e1f1f7,False,False,False,False
e434f80b-e4d0-4b09-9471-d84532659de5,e434f80b-e4d0-4b09-9471-d84532659de5:bear_researcher:investment_debate_state.bear_history:claim:25,bear_researcher,,24,But look at the full picture: NVDA has broken below its 10-day EMA at $200.01 and its 50-day SMA at $206.52.,unknown,0.75,But look at the full picture: NVDA has broken below its 10-day EMA at $200.01 and its 50-day SMA at $206.52.,analytical,neutral_or_unknown,True,,SUBSTANTIVE,NONE,dupgroup_3fede7b796fa,,,canrel_b403a4020a72cee9;canrel_05cf58d01fde7d2d;canrel_8b7a98b04ebc55a1;canrel_10cd8c5ab1e1f1f7,False,False,False,False
e434f80b-e4d0-4b09-9471-d84532659de5,e434f80b-e4d0-4b09-9471-d84532659de5:bear_researcher:investment_debate_state.bear_history:claim:26,bear_researcher,,25,"The MACD is negative at -2.11 and the histogram is expanding, indicating accelerating downside momentum.",negative,0.55,"The MACD is negative at -2.11 and the histogram is expanding, indicating accelerating downside momentum.",analytical,negative,True,,SUBSTANTIVE,NONE,dupgroup_c3b59f02ef59,,,canrel_b403a4020a72cee9;canrel_05cf58d01fde7d2d;canrel_8b7a98b04ebc55a1;canrel_10cd8c5ab1e1f1f7,False,False,False,False
e434f80b-e4d0-4b09-9471-d84532659de5,e434f80b-e4d0-4b09-9471-d84532659de5:bear_researcher:investment_debate_state.bear_history:claim:27,bear_researcher,,26,"The RSI at 43 is in neutral-to-weak territory—not oversold, meaning there's plenty of room to fall further.",neutral,0.55,"The RSI at 43 is in neutral-to-weak territory—not oversold, meaning there's plenty of room to fall further.",analytical,neutral_or_unknown,True,,SUBSTANTIVE,NONE,dupgroup_c03a90e3e42e,,,canrel_b403a4020a72cee9;canrel_05cf58d01fde7d2d;canrel_8b7a98b04ebc55a1;canrel_10cd8c5ab1e1f1f7,False,False,False,False
e434f80b-e4d0-4b09-9471-d84532659de5,e434f80b-e4d0-4b09-9471-d84532659de5:bear_researcher:investment_debate_state.bear_history:claim:28,bear_researcher,,27,"The stock is trading below its VWMA at $203.81, confirming distribution pressure.",negative,0.75,"The stock is trading below its VWMA at $203.81, confirming distribution pressure.",analytical,negative,True,,SUBSTANTIVE,NONE,dupgroup_42483befa475,,,canrel_b403a4020a72cee9;canrel_05cf58d01fde7d2d;canrel_8b7a98b04ebc55a1;canrel_10cd8c5ab1e1f1f7,False,False,False,False
e434f80b-e4d0-4b09-9471-d84532659de5,e434f80b-e4d0-4b09-9471-d84532659de5:bear_researcher:investment_debate_state.bear_history:claim:29,bear_researcher,,28,The bull says the prediction markets assign a 64% probability of a $195–$200 close this Friday.,unknown,0.75,The bull says the prediction markets assign a 64% probability of a $195–$200 close this Friday.,context_only,neutral_or_unknown,False,context_only_default_hidden,CONTEXT_ONLY,NONE,dupgroup_2c1ea143c1f0,,,canrel_b403a4020a72cee9;canrel_05cf58d01fde7d2d;canrel_8b7a98b04ebc55a1;canrel_10cd8c5ab1e1f1f7,False,False,False,False
e434f80b-e4d0-4b09-9471-d84532659de5,e434f80b-e4d0-4b09-9471-d84532659de5:bear_researcher:investment_debate_state.bear_history:claim:30,bear_researcher,,29,"I say that's the market pricing in stabilization, not a rebound.",neutral,0.25,"I say that's the market pricing in stabilization, not a rebound.",analytical,neutral_or_unknown,True,,SUBSTANTIVE,NONE,dupgroup_9de393fa48c9,,,canrel_b403a4020a72cee9;canrel_05cf58d01fde7d2d;canrel_8b7a98b04ebc55a1;canrel_10cd8c5ab1e1f1f7,False,False,False,False
e434f80b-e4d0-4b09-9471-d84532659de5,e434f80b-e4d0-4b09-9471-d84532659de5:bear_researcher:investment_debate_state.bear_history:claim:31,bear_researcher,,30,"And critically, the stock is down 4% since Jensen Huang personally addressed investor concerns at a Morgan Stanley roadshow.",unknown,0.75,"And critically, the stock is down 4% since Jensen Huang personally addressed investor concerns at a Morgan Stanley roadshow.",analytical,neutral_or_unknown,True,,SUBSTANTIVE,NONE,dupgroup_72e7e6820bdf,,,canrel_b403a4020a72cee9;canrel_05cf58d01fde7d2d;canrel_8b7a98b04ebc55a1;canrel_10cd8c5ab1e1f1f7,False,False,False,False
e434f80b-e4d0-4b09-9471-d84532659de5,e434f80b-e4d0-4b09-9471-d84532659de5:bear_researcher:investment_debate_state.bear_history:claim:32,bear_researcher,,31,"When the CEO goes out of his way to reassure the market and the stock still falls, that tells you the selling pressure is deeper than management's narrative can counter.",negative,0.4,"When the CEO goes out of his way to reassure the market and the stock still falls, that tells you the selling pressure is deeper than management's narrative can counter.",analytical,negative,True,,SUBSTANTIVE,NONE,dupgroup_9778febae08a,,,canrel_b403a4020a72cee9;canrel_05cf58d01fde7d2d;canrel_8b7a98b04ebc55a1;canrel_10cd8c5ab1e1f1f7,False,False,False,False
e434f80b-e4d0-4b09-9471-d84532659de5,e434f80b-e4d0-4b09-9471-d84532659de5:bear_researcher:investment_debate_state.bear_history:claim:33,bear_researcher,,32,On the Demand Engine: The Bull Is Ignoring the Concentration Risk,negative,0.25,On the Demand Engine: The Bull Is Ignoring the Concentration Risk,analytical,negative,True,,SUBSTANTIVE,NONE,dupgroup_58b8787659bb,,,canrel_b403a4020a72cee9;canrel_05cf58d01fde7d2d;canrel_8b7a98b04ebc55a1;canrel_10cd8c5ab1e1f1f7,False,False,False,False
e434f80b-e4d0-4b09-9471-d84532659de5,e434f80b-e4d0-4b09-9471-d84532659de5:bear_researcher:investment_debate_state.bear_history:claim:34,bear_researcher,,33,The bull cites Microsoft's $41 billion AI infrastructure spend and accelerating Azure growth as proof the demand engine is intact.,positive,0.75,The bull cites Microsoft's $41 billion AI infrastructure spend and accelerating Azure growth as proof the demand engine is intact.,analytical,positive,True,,SUBSTANTIVE,NONE,dupgroup_9d06aae4e6e0,AI Infrastructure,,canrel_b403a4020a72cee9;canrel_05cf58d01fde7d2d;canrel_8b7a98b04ebc55a1;canrel_10cd8c5ab1e1f1f7,False,False,False,False
e434f80b-e4d0-4b09-9471-d84532659de5,e434f80b-e4d0-4b09-9471-d84532659de5:bear_researcher:investment_debate_state.bear_history:claim:35,bear_researcher,,34,I don't dispute the spending; I dispute the sustainability and the concentration.,unknown,0.4,I don't dispute the spending; I dispute the sustainability and the concentration.,context_only,neutral_or_unknown,False,context_only_default_hidden,CONTEXT_ONLY,NONE,dupgroup_03faabb18623,,,canrel_b403a4020a72cee9;canrel_05cf58d01fde7d2d;canrel_8b7a98b04ebc55a1;canrel_10cd8c5ab1e1f1f7,False,False,False,False
e434f80b-e4d0-4b09-9471-d84532659de5,e434f80b-e4d0-4b09-9471-d84532659de5:bear_researcher:investment_debate_state.bear_history:claim:36,bear_researcher,,35,NVDA's revenue is increasingly dependent on a handful of hyperscaler customers.,positive,0.35,NVDA's revenue is increasingly dependent on a handful of hyperscaler customers.,analytical,positive,True,,SUBSTANTIVE,NONE,dupgroup_1a77721cdd39,,,canrel_b403a4020a72cee9;canrel_05cf58d01fde7d2d;canrel_8b7a98b04ebc55a1;canrel_10cd8c5ab1e1f1f7,False,False,False,False
e434f80b-e4d0-4b09-9471-d84532659de5,e434f80b-e4d0-4b09-9471-d84532659de5:bear_researcher:investment_debate_state.bear_history:claim:37,bear_researcher,,36,If even one of them pauses or delays their capex cycle—which has happened before in every semiconductor cycle in history—the impact on NVDA's revenue would be devastating.,unknown,0.4,If even one of them pauses or delays their capex cycle—which has happened before in every semiconductor cycle in history—the impact on NVDA's revenue would be devastating.,analytical,neutral_or_unknown,True,,SUBSTANTIVE,NONE,dupgroup_932158949106,Semiconductor Cycle,A201,canrel_b403a4020a72cee9;canrel_05cf58d01fde7d2d;canrel_8b7a98b04ebc55a1;canrel_10cd8c5ab1e1f1f7,True,True,False,False
e434f80b-e4d0-4b09-9471-d84532659de5,e434f80b-e4d0-4b09-9471-d84532659de5:bear_researcher:investment_debate_state.bear_history:claim:38,bear_researcher,,37,The bull also cites the Kospi's 16% jump as evidence of a synchronized global tailwind.,unknown,0.75,The bull also cites the Kospi's 16% jump as evidence of a synchronized global tailwind.,context_only,neutral_or_unknown,False,context_only_default_hidden,CONTEXT_ONLY,NONE,dupgroup_2551813078d6,,,canrel_b403a4020a72cee9;canrel_05cf58d01fde7d2d;canrel_8b7a98b04ebc55a1;canrel_10cd8c5ab1e1f1f7,False,False,False,False
e434f80b-e4d0-4b09-9471-d84532659de5,e434f80b-e4d0-4b09-9471-d84532659de5:bear_researcher:investment_debate_state.bear_history:claim:39,bear_researcher,,38,But Japan's recession probability just spiked 34.5 points to 44%.,negative,0.6,But Japan's recession probability just spiked 34.5 points to 44%.,analytical,negative,True,,SUBSTANTIVE,NONE,dupgroup_dea78342161e,,,canrel_b403a4020a72cee9;canrel_05cf58d01fde7d2d;canrel_8b7a98b04ebc55a1;canrel_10cd8c5ab1e1f1f7,False,False,False,False
e434f80b-e4d0-4b09-9471-d84532659de5,e434f80b-e4d0-4b09-9471-d84532659de5:bear_researcher:investment_debate_state.bear_history:claim:40,bear_researcher,,39,Global growth is not as synchronized as the bull suggests.,neutral,0.25,Global growth is not as synchronized as the bull suggests.,analytical,neutral_or_unknown,True,,SUBSTANTIVE,NONE,dupgroup_16b30498ef0f,,,canrel_b403a4020a72cee9;canrel_05cf58d01fde7d2d;canrel_8b7a98b04ebc55a1;canrel_10cd8c5ab1e1f1f7,False,False,False,False
e434f80b-e4d0-4b09-9471-d84532659de5,e434f80b-e4d0-4b09-9471-d84532659de5:bear_researcher:investment_debate_state.bear_history:claim:41,bear_researcher,,40,"And the AI bubble burst probability is rising, up 2.9 points to 20% this week.",unknown,0.6,"And the AI bubble burst probability is rising, up 2.9 points to 20% this week.",analytical,neutral_or_unknown,True,,SUBSTANTIVE,NONE,dupgroup_2835f8949c67,,,canrel_b403a4020a72cee9;canrel_05cf58d01fde7d2d;canrel_8b7a98b04ebc55a1;canrel_10cd8c5ab1e1f1f7,False,False,False,False
e434f80b-e4d0-4b09-9471-d84532659de5,e434f80b-e4d0-4b09-9471-d84532659de5:bear_researcher:investment_debate_state.bear_history:claim:42,bear_researcher,,41,"The bull dismisses these as ""fear of what might happen,"" but these are probabilities that are increasing, not decreasing.",neutral,0.5,"The bull dismisses these as ""fear of what might happen,"" but these are probabilities that are increasing, not decreasing.",analytical,neutral_or_unknown,True,,SUBSTANTIVE,NONE,dupgroup_7369aac70d8d,,,canrel_b403a4020a72cee9;canrel_05cf58d01fde7d2d;canrel_8b7a98b04ebc55a1;canrel_10cd8c5ab1e1f1f7,False,False,False,False
e434f80b-e4d0-4b09-9471-d84532659de5,e434f80b-e4d0-4b09-9471-d84532659de5:bear_researcher:investment_debate_state.bear_history:claim:43,bear_researcher,,42,On the Financial Fortress: The Bull Is Ignoring the Inventory Build,unknown,0.25,On the Financial Fortress: The Bull Is Ignoring the Inventory Build,context_only,neutral_or_unknown,False,context_only_default_hidden,CONTEXT_ONLY,NONE,dupgroup_df4c9680f4a5,,,canrel_b403a4020a72cee9;canrel_05cf58d01fde7d2d;canrel_8b7a98b04ebc55a1;canrel_10cd8c5ab1e1f1f7,False,False,False,False
e434f80b-e4d0-4b09-9471-d84532659de5,e434f80b-e4d0-4b09-9471-d84532659de5:bear_researcher:investment_debate_state.bear_history:claim:44,bear_researcher,,43,"Yes, NVDA has $80.57 billion in cash and generates massive free cash flow.",unknown,0.6,"Yes, NVDA has $80.57 billion in cash and generates massive free cash flow.",analytical,neutral_or_unknown,True,,SUBSTANTIVE,NONE,dupgroup_32dc12a6b00f,,,canrel_b403a4020a72cee9;canrel_05cf58d01fde7d2d;canrel_8b7a98b04ebc55a1;canrel_10cd8c5ab1e1f1f7,False,False,False,False
e434f80b-e4d0-4b09-9471-d84532659de5,e434f80b-e4d0-4b09-9471-d84532659de5:bear_researcher:investment_debate_state.bear_history:claim:45,bear_researcher,,44,But look at the inventory: it's grown from $11.33 billion to $25.80 billion in just four quarters.,unknown,0.75,But look at the inventory: it's grown from $11.33 billion to $25.80 billion in just four quarters.,analytical,neutral_or_unknown,True,,SUBSTANTIVE,NONE,dupgroup_44354c8c907e,,,canrel_b403a4020a72cee9;canrel_05cf58d01fde7d2d;canrel_8b7a98b04ebc55a1;canrel_10cd8c5ab1e1f1f7,False,False,False,False
e434f80b-e4d0-4b09-9471-d84532659de5,e434f80b-e4d0-4b09-9471-d84532659de5:bear_researcher:investment_debate_state.bear_history:claim:46,bear_researcher,,45,"The bull calls this ""deliberate investment in future revenue."" I call it a potential warning sign.",unknown,0.4,"The bull calls this ""deliberate investment in future revenue."" I call it a potential warning sign.",analytical,neutral_or_unknown,True,,SUBSTANTIVE,NONE,dupgroup_2696e62df4cb,,,canrel_b403a4020a72cee9;canrel_05cf58d01fde7d2d;canrel_8b7a98b04ebc55a1;canrel_10cd8c5ab1e1f1f7,False,False,False,False
e434f80b-e4d0-4b09-9471-d84532659de5,e434f80b-e4d0-4b09-9471-d84532659de5:bear_researcher:investment_debate_state.bear_history:claim:47,bear_researcher,,46,"When a semiconductor company builds inventory at this pace, it's either securing supply chain capacity—or it's seeing demand soften and building buffer stock to maintain revenue.",unknown,0.4,"When a semiconductor company builds inventory at this pace, it's either securing supply chain capacity—or it's seeing demand soften and building buffer stock to maintain revenue.",context_only,neutral_or_unknown,False,context_only_default_hidden,CONTEXT_ONLY,NONE,dupgroup_6f544132300e,,,canrel_b403a4020a72cee9;canrel_05cf58d01fde7d2d;canrel_8b7a98b04ebc55a1;canrel_10cd8c5ab1e1f1f7,False,False,False,False
e434f80b-e4d0-4b09-9471-d84532659de5,e434f80b-e4d0-4b09-9471-d84532659de5:bear_researcher:investment_debate_state.bear_history:claim:48,bear_researcher,,47,"The receivables have also grown to $40.71 billion, tracking the revenue surge.",unknown,0.6,"The receivables have also grown to $40.71 billion, tracking the revenue surge.",context_only,neutral_or_unknown,False,context_only_default_hidden,CONTEXT_ONLY,NONE,dupgroup_770c3aeedcf5,,,canrel_b403a4020a72cee9;canrel_05cf58d01fde7d2d;canrel_8b7a98b04ebc55a1;canrel_10cd8c5ab1e1f1f7,False,False,False,False
e434f80b-e4d0-4b09-9471-d84532659de5,e434f80b-e4d0-4b09-9471-d84532659de5:bear_researcher:investment_debate_state.bear_history:claim:49,bear_researcher,,48,"If hyperscaler spending slows, NVDA could be left with both excess inventory and uncollectible receivables.",unknown,0.4,"If hyperscaler spending slows, NVDA could be left with both excess inventory and uncollectible receivables.",analytical,neutral_or_unknown,True,,SUBSTANTIVE,NONE,dupgroup_8cc51e10f17a,,,canrel_b403a4020a72cee9;canrel_05cf58d01fde7d2d;canrel_8b7a98b04ebc55a1;canrel_10cd8c5ab1e1f1f7,False,False,False,False
e434f80b-e4d0-4b09-9471-d84532659de5,e434f80b-e4d0-4b09-9471-d84532659de5:bear_researcher:investment_debate_state.bear_history:claim:50,bear_researcher,,49,"The balance sheet is strong, but it's not immune to a demand shock.",neutral,0.35,"The balance sheet is strong, but it's not immune to a demand shock.",analytical,neutral_or_unknown,True,,SUBSTANTIVE,NONE,dupgroup_11c8b1137704,,,canrel_b403a4020a72cee9;canrel_05cf58d01fde7d2d;canrel_8b7a98b04ebc55a1;canrel_10cd8c5ab1e1f1f7,False,False,False,False
e434f80b-e4d0-4b09-9471-d84532659de5,e434f80b-e4d0-4b09-9471-d84532659de5:bear_researcher:investment_debate_state.bear_history:claim:51,bear_researcher,,50,The Bottom Line: The Bull Is Asking You to Ignore the Warning Signs,unknown,0.25,The Bottom Line: The Bull Is Asking You to Ignore the Warning Signs,analytical,neutral_or_unknown,True,,SUBSTANTIVE,NONE,dupgroup_7ee6a96311f2,,,canrel_b403a4020a72cee9;canrel_05cf58d01fde7d2d;canrel_8b7a98b04ebc55a1;canrel_10cd8c5ab1e1f1f7,False,False,False,False
e434f80b-e4d0-4b09-9471-d84532659de5,e434f80b-e4d0-4b09-9471-d84532659de5:bear_researcher:investment_debate_state.bear_history:claim:52,bear_researcher,,51,"The bull case is built on what has happened: 85% revenue growth, 75% gross margins, and massive free cash flow.",positive,0.75,"The bull case is built on what has happened: 85% revenue growth, 75% gross margins, and massive free cash flow.",analytical,positive,True,,SUBSTANTIVE,NONE,dupgroup_e217375ec256,Revenue Growth,A301,canrel_b403a4020a72cee9;canrel_05cf58d01fde7d2d;canrel_8b7a98b04ebc55a1;canrel_10cd8c5ab1e1f1f7,True,True,False,False
e434f80b-e4d0-4b09-9471-d84532659de5,e434f80b-e4d0-4b09-9471-d84532659de5:bear_researcher:investment_debate_state.bear_history:claim:53,bear_researcher,,52,"The bear case is built on what is happening: the stock is breaking below key technical levels, momentum is bearish, the CEO's reassurance failed to stop the selloff, and sophisticated money is betting against the stock.",neutral,0.4,"The bear case is built on what is happening: the stock is breaking below key technical levels, momentum is bearish, the CEO's reassurance failed to stop the selloff, and sophisticated money is betting against the stock.",analytical,neutral_or_unknown,True,,SUBSTANTIVE,NONE,dupgroup_8f2516f8062c,,,canrel_b403a4020a72cee9;canrel_05cf58d01fde7d2d;canrel_8b7a98b04ebc55a1;canrel_10cd8c5ab1e1f1f7,False,False,False,False
e434f80b-e4d0-4b09-9471-d84532659de5,e434f80b-e4d0-4b09-9471-d84532659de5:bear_researcher:investment_debate_state.bear_history:claim:54,bear_researcher,,53,The bull says the market is offering you a chance to own the defining company of the AI era at a reasonable valuation.,unknown,0.4,The bull says the market is offering you a chance to own the defining company of the AI era at a reasonable valuation.,context_only,neutral_or_unknown,False,context_only_default_hidden,CONTEXT_ONLY,NONE,dupgroup_d0cb3d004abd,,,canrel_b403a4020a72cee9;canrel_05cf58d01fde7d2d;canrel_8b7a98b04ebc55a1;canrel_10cd8c5ab1e1f1f7,False,False,False,False
e434f80b-e4d0-4b09-9471-d84532659de5,e434f80b-e4d0-4b09-9471-d84532659de5:bear_researcher:investment_debate_state.bear_history:claim:55,bear_researcher,,54,I say the market is offering you a chance to own a $4.72 trillion stock with a beta of 2.21 that's testing its 200-day SMA with bearish momentum and no reversal signals.,negative,0.75,I say the market is offering you a chance to own a $4.72 trillion stock with a beta of 2.21 that's testing its 200-day SMA with bearish momentum and no reversal signals.,analytical,negative,True,,SUBSTANTIVE,NONE,dupgroup_0231516c3bf2,,,canrel_b403a4020a72cee9;canrel_05cf58d01fde7d2d;canrel_8b7a98b04ebc55a1;canrel_10cd8c5ab1e1f1f7,False,False,False,False
e434f80b-e4d0-4b09-9471-d84532659de5,e434f80b-e4d0-4b09-9471-d84532659de5:bear_researcher:investment_debate_state.bear_history:claim:56,bear_researcher,,55,The prediction markets say there's an 89% chance of no rate cuts in 2026—a hawkish backdrop that pressures high-multiple tech.,negative,0.75,The prediction markets say there's an 89% chance of no rate cuts in 2026—a hawkish backdrop that pressures high-multiple tech.,analytical,negative,True,,SUBSTANTIVE,NONE,dupgroup_41cfbc9ec25f,,,canrel_b403a4020a72cee9;canrel_05cf58d01fde7d2d;canrel_8b7a98b04ebc55a1;canrel_10cd8c5ab1e1f1f7,False,False,False,False
e434f80b-e4d0-4b09-9471-d84532659de5,e434f80b-e4d0-4b09-9471-d84532659de5:bear_researcher:investment_debate_state.bear_history:claim:57,bear_researcher,,56,"The bull says that's ""already priced in."" I say that's a headwind that hasn't fully materialized.",negative,0.4,"The bull says that's ""already priced in."" I say that's a headwind that hasn't fully materialized.",analytical,negative,True,,SUBSTANTIVE,NONE,dupgroup_6eb641689490,,,canrel_b403a4020a72cee9;canrel_05cf58d01fde7d2d;canrel_8b7a98b04ebc55a1;canrel_10cd8c5ab1e1f1f7,False,False,False,False
e434f80b-e4d0-4b09-9471-d84532659de5,e434f80b-e4d0-4b09-9471-d84532659de5:bear_researcher:investment_debate_state.bear_history:claim:58,bear_researcher,,57,This isn't the time to be greedy; it's the time to be cautious.,unknown,0.25,This isn't the time to be greedy; it's the time to be cautious.,context_only,neutral_or_unknown,False,context_only_default_hidden,CONTEXT_ONLY,NONE,dupgroup_645084d9e889,,,canrel_b403a4020a72cee9;canrel_05cf58d01fde7d2d;canrel_8b7a98b04ebc55a1;canrel_10cd8c5ab1e1f1f7,False,False,False,False
e434f80b-e4d0-4b09-9471-d84532659de5,e434f80b-e4d0-4b09-9471-d84532659de5:research_manager:investment_plan:claim:1,research_manager,,0,"Rationale: Let me walk through how I weighed this debate, because both sides made legitimate points and the honest answer sits between them.",unknown,0.6,"Rationale: Let me walk through how I weighed this debate, because both sides made legitimate points and the honest answer sits between them.",context_only,neutral_or_unknown,False,context_only_default_hidden,CONTEXT_ONLY,NONE,dupgroup_a7d677814a11,,,,False,False,False,False
e434f80b-e4d0-4b09-9471-d84532659de5,e434f80b-e4d0-4b09-9471-d84532659de5:research_manager:investment_plan:claim:2,research_manager,,1,"The bull's strongest argument is the fundamental reality: NVDA just posted $81.62 billion in quarterly revenue, up 85% year-over-year, with gross margins near 75% and operating margins at 65.6%.",positive,0.85,"The bull's strongest argument is the fundamental reality: NVDA just posted $81.62 billion in quarterly revenue, up 85% year-over-year, with gross margins near 75% and operating margins at 65.6%.",analytical,positive,True,,SUBSTANTIVE,NONE,dupgroup_19fb0c35fe4a,,,,False,False,False,False
e434f80b-e4d0-4b09-9471-d84532659de5,e434f80b-e4d0-4b09-9471-d84532659de5:research_manager:investment_plan:claim:3,research_manager,,2,That is not a story stock—that is a cash-printing machine.,neutral,0.25,That is not a story stock—that is a cash-printing machine.,context_only,neutral_or_unknown,False,context_only_default_hidden,CONTEXT_ONLY,NONE,dupgroup_19c939682702,,,,False,False,False,False
e434f80b-e4d0-4b09-9471-d84532659de5,e434f80b-e4d0-4b09-9471-d84532659de5:research_manager:investment_plan:claim:4,research_manager,,3,"The forward PE of 15x with a PEG of 0.52, against a net cash position of roughly $68 billion and $48.59 billion in quarterly free cash flow, makes the valuation argument genuinely compelling.",unknown,0.75,"The forward PE of 15x with a PEG of 0.52, against a net cash position of roughly $68 billion and $48.59 billion in quarterly free cash flow, makes the valuation argument genuinely compelling.",context_only,neutral_or_unknown,False,context_only_default_hidden,CONTEXT_ONLY,NONE,dupgroup_9ba5126ea80a,,,,False,False,False,False
e434f80b-e4d0-4b09-9471-d84532659de5,e434f80b-e4d0-4b09-9471-d84532659de5:research_manager:investment_plan:claim:5,research_manager,,4,"The demand engine is real: hyperscalers are committing record sums to AI infrastructure, and Microsoft's $41 billion commitment with accelerating Azure growth is evidence the ROI is being validated in real time.",positive,0.75,"The demand engine is real: hyperscalers are committing record sums to AI infrastructure, and Microsoft's $41 billion commitment with accelerating Azure growth is evidence the ROI is being validated in real time.",analytical,positive,True,,SUBSTANTIVE,NONE,dupgroup_993bb5ef65d3,AI Infrastructure,,,False,False,False,False
e434f80b-e4d0-4b09-9471-d84532659de5,e434f80b-e4d0-4b09-9471-d84532659de5:research_manager:investment_plan:claim:6,research_manager,,5,The bull is right that this is the defining company of the AI era.,unknown,0.25,The bull is right that this is the defining company of the AI era.,context_only,neutral_or_unknown,False,context_only_default_hidden,CONTEXT_ONLY,NONE,dupgroup_d252abd6e51e,,,,False,False,False,False
e434f80b-e4d0-4b09-9471-d84532659de5,e434f80b-e4d0-4b09-9471-d84532659de5:research_manager:investment_plan:claim:7,research_manager,,6,But the bear raised concerns I can't dismiss.,positive,0.35,But the bear raised concerns I can't dismiss.,analytical,positive,True,,SUBSTANTIVE,NONE,dupgroup_66cd5386c2df,,,,False,False,False,False
e434f80b-e4d0-4b09-9471-d84532659de5,e434f80b-e4d0-4b09-9471-d84532659de5:research_manager:investment_plan:claim:8,research_manager,,7,The trailing PE of 29x and a $4.72 trillion market cap with a beta of 2.21 means this is maximum exposure to any negative surprise.,negative,0.75,The trailing PE of 29x and a $4.72 trillion market cap with a beta of 2.21 means this is maximum exposure to any negative surprise.,analytical,negative,True,,SUBSTANTIVE,NONE,dupgroup_2cc0528a5f2e,,,,False,False,False,False
e434f80b-e4d0-4b09-9471-d84532659de5,e434f80b-e4d0-4b09-9471-d84532659de5:research_manager:investment_plan:claim:9,research_manager,,8,The inventory build from $11.33 billion to $25.80 billion in four quarters is a legitimate yellow flag—it could be supply chain investment or it could be softening demand.,unknown,0.75,The inventory build from $11.33 billion to $25.80 billion in four quarters is a legitimate yellow flag—it could be supply chain investment or it could be softening demand.,analytical,neutral_or_unknown,True,,SUBSTANTIVE,NONE,dupgroup_da8e44936e19,,,,False,False,False,False
e434f80b-e4d0-4b09-9471-d84532659de5,e434f80b-e4d0-4b09-9471-d84532659de5:research_manager:investment_plan:claim:10,research_manager,,9,"The technical picture is genuinely weak: broken 10-day and 50-day moving averages, negative and expanding MACD, and the stock falling 4% even after Jensen Huang personally tried to reassure the market.",negative,0.75,"The technical picture is genuinely weak: broken 10-day and 50-day moving averages, negative and expanding MACD, and the stock falling 4% even after Jensen Huang personally tried to reassure the market.",analytical,negative,True,,SUBSTANTIVE,NONE,dupgroup_1f7e9eed674b,,,,False,False,False,False
e434f80b-e4d0-4b09-9471-d84532659de5,e434f80b-e4d0-4b09-9471-d84532659de5:research_manager:investment_plan:claim:11,research_manager,,10,"That last point is telling—when the CEO's roadshow fails to stop the selloff, the selling pressure is deeper than management's narrative can counter.",neutral,0.4,"That last point is telling—when the CEO's roadshow fails to stop the selloff, the selling pressure is deeper than management's narrative can counter.",analytical,neutral_or_unknown,True,,SUBSTANTIVE,NONE,dupgroup_ab482ff115d9,,,,False,False,False,False
e434f80b-e4d0-4b09-9471-d84532659de5,e434f80b-e4d0-4b09-9471-d84532659de5:research_manager:investment_plan:claim:12,research_manager,,11,And the concentration risk on a handful of hyperscaler customers is real; every semiconductor cycle in history has seen capex pauses.,negative,0.4,And the concentration risk on a handful of hyperscaler customers is real; every semiconductor cycle in history has seen capex pauses.,analytical,negative,True,,SUBSTANTIVE,NONE,dupgroup_9d25e1c35d6b,Semiconductor Cycle,A201,,True,True,False,False
e434f80b-e4d0-4b09-9471-d84532659de5,e434f80b-e4d0-4b09-9471-d84532659de5:research_manager:investment_plan:claim:13,research_manager,,12,So where does this land?,unknown,0.25,So where does this land?,context_only,neutral_or_unknown,False,context_only_default_hidden,CONTEXT_ONLY,NONE,dupgroup_ec84c473311c,,,,False,False,False,False
e434f80b-e4d0-4b09-9471-d84532659de5,e434f80b-e4d0-4b09-9471-d84532659de5:research_manager:investment_plan:claim:14,research_manager,,13,"The bull wins on the fundamental and valuation-forward case, and the bear wins on the technical and near-term risk case.",negative,0.4,"The bull wins on the fundamental and valuation-forward case, and the bear wins on the technical and near-term risk case.",analytical,negative,True,,SUBSTANTIVE,NONE,dupgroup_86cada6db8a3,,,,False,False,False,False
e434f80b-e4d0-4b09-9471-d84532659de5,e434f80b-e4d0-4b09-9471-d84532659de5:research_manager:investment_plan:claim:15,research_manager,,14,"That's not a balanced ""Hold"" situation though—the core secular thesis is intact and the forward valuation is genuinely reasonable for the growth on offer.",neutral,0.4,"That's not a balanced ""Hold"" situation though—the core secular thesis is intact and the forward valuation is genuinely reasonable for the growth on offer.",analytical,neutral_or_unknown,True,,SUBSTANTIVE,NONE,dupgroup_d1f0816bcd00,,,,False,False,False,False
e434f80b-e4d0-4b09-9471-d84532659de5,e434f80b-e4d0-4b09-9471-d84532659de5:research_manager:investment_plan:claim:16,research_manager,,15,"The right stance is constructive but disciplined: this is a strong company in a strong trend trading at a reasonable forward multiple, but with real near-term technical and concentration risks that argue against going all-in at this exact moment.",neutral,0.5,"The right stance is constructive but disciplined: this is a strong company in a strong trend trading at a reasonable forward multiple, but with real near-term technical and concentration risks that argue against going all-in at this exact moment.",analytical,neutral_or_unknown,True,,SUBSTANTIVE,NONE,dupgroup_22d60d3015e9,,,,False,False,False,False
e434f80b-e4d0-4b09-9471-d84532659de5,e434f80b-e4d0-4b09-9471-d84532659de5:research_manager:investment_plan:claim:17,research_manager,,16,Overweight captures that—gradually build exposure into weakness rather than either chasing or abandoning the position.,unknown,0.4,Overweight captures that—gradually build exposure into weakness rather than either chasing or abandoning the position.,analytical,neutral_or_unknown,True,,SUBSTANTIVE,NONE,dupgroup_e5742119bc10,,,,False,False,False,False
e434f80b-e4d0-4b09-9471-d84532659de5,e434f80b-e4d0-4b09-9471-d84532659de5:research_manager:investment_plan:claim:18,research_manager,,17,"Establish or add to the NVDA position in tranches rather than a single lump sum, given the weak near-term technicals (broken 50-day SMA, negative MACD) and the absence of a confirmed reversal signal.",negative,0.65,"Establish or add to the NVDA position in tranches rather than a single lump sum, given the weak near-term technicals (broken 50-day SMA, negative MACD) and the absence of a confirmed reversal signal.",analytical,negative,True,,SUBSTANTIVE,NONE,dupgroup_41cde0fd15d7,,,,False,False,False,False
e434f80b-e4d0-4b09-9471-d84532659de5,e434f80b-e4d0-4b09-9471-d84532659de5:research_manager:investment_plan:claim:19,research_manager,,18,Target building toward an overweight allocation over the next 2-4 weeks.,unknown,0.4,Target building toward an overweight allocation over the next 2-4 weeks.,analytical,neutral_or_unknown,True,,SUBSTANTIVE,NONE,dupgroup_10d4c8eaffad,,,,False,False,False,False
e434f80b-e4d0-4b09-9471-d84532659de5,e434f80b-e4d0-4b09-9471-d84532659de5:research_manager:investment_plan:claim:20,research_manager,,19,Use the technical support zone as the primary accumulation reference: the 200-day SMA at $192.86 and the lower Bollinger Band at $189.47.,unknown,0.75,Use the technical support zone as the primary accumulation reference: the 200-day SMA at $192.86 and the lower Bollinger Band at $189.47.,analytical,neutral_or_unknown,True,,SUBSTANTIVE,NONE,dupgroup_3dc17bc59a77,,,,False,False,False,False
e434f80b-e4d0-4b09-9471-d84532659de5,e434f80b-e4d0-4b09-9471-d84532659de5:research_manager:investment_plan:claim:21,research_manager,,20,Add on weakness toward that zone rather than chasing strength above the 50-day SMA at $206.52.,unknown,0.75,Add on weakness toward that zone rather than chasing strength above the 50-day SMA at $206.52.,analytical,neutral_or_unknown,True,,SUBSTANTIVE,NONE,dupgroup_d9c5fbbeb2c4,,,,False,False,False,False
e434f80b-e4d0-4b09-9471-d84532659de5,e434f80b-e4d0-4b09-9471-d84532659de5:research_manager:investment_plan:claim:22,research_manager,,21,"Size the position so that a further drawdown toward the $189-193 support zone represents an acceptable risk (e.g., keep the position size such that a move to that level is within normal portfolio volatility tolerance given the stock's beta of 2.21).",negative,0.75,"Size the position so that a further drawdown toward the $189-193 support zone represents an acceptable risk (e.g., keep the position size such that a move to that level is within normal portfolio volatility tolerance given the stock's beta of 2.21).",analytical,negative,True,,SUBSTANTIVE,NONE,dupgroup_4d48a21c2535,,,,False,False,False,False
e434f80b-e4d0-4b09-9471-d84532659de5,e434f80b-e4d0-4b09-9471-d84532659de5:research_manager:investment_plan:claim:23,research_manager,,22,"Monitor the two bear-case triggers that would warrant pausing or trimming: (a) a decisive break and close below the 200-day SMA at $192.86, and (b) any sign of hyperscaler capex deceleration or a pause from a major customer, which would validate the concentration-risk concern.",negative,0.85,"Monitor the two bear-case triggers that would warrant pausing or trimming: (a) a decisive break and close below the 200-day SMA at $192.86, and (b) any sign of hyperscaler capex deceleration or a pause from a major customer, which would validate the concentration-risk concern.",analytical,negative,True,,SUBSTANTIVE,NONE,dupgroup_d6a309e75ebc,AI CapEx,,,False,False,False,False
e434f80b-e4d0-4b09-9471-d84532659de5,e434f80b-e4d0-4b09-9471-d84532659de5:research_manager:investment_plan:claim:24,research_manager,,23,"Watch the inventory build ($25.80 billion) and receivables ($40.71 billion) in the next earnings report—if inventory continues to outpace revenue growth, treat it as a caution flag and reassess the overweight stance.",positive,0.75,"Watch the inventory build ($25.80 billion) and receivables ($40.71 billion) in the next earnings report—if inventory continues to outpace revenue growth, treat it as a caution flag and reassess the overweight stance.",analytical,positive,True,,SUBSTANTIVE,NONE,dupgroup_376b6479301a,Revenue Growth,A301,,True,True,False,False
e434f80b-e4d0-4b09-9471-d84532659de5,e434f80b-e4d0-4b09-9471-d84532659de5:research_manager:investment_plan:claim:25,research_manager,,24,"Given the 89% probability of no rate cuts in 2026, keep the position sized to tolerate a hawkish backdrop pressuring high-multiple tech; do not over-leverage the position on the assumption of imminent easing.",neutral,0.75,"Given the 89% probability of no rate cuts in 2026, keep the position sized to tolerate a hawkish backdrop pressuring high-multiple tech; do not over-leverage the position on the assumption of imminent easing.",analytical,neutral_or_unknown,True,,SUBSTANTIVE,NONE,dupgroup_61049051235e,,,,False,False,False,False
e434f80b-e4d0-4b09-9471-d84532659de5,e434f80b-e4d0-4b09-9471-d84532659de5:trader:trader_investment_plan:claim:1,trader,,0,"Reasoning: The investment plan recommends an Overweight stance, and the fundamental case is compelling: NVDA posted $81.62B quarterly revenue (+85% YoY), 75% gross margins, a forward PE of 15x with PEG of 0.52, and $48.59B quarterly free cash flow against a $68B net cash position.",unknown,0.85,"Reasoning: The investment plan recommends an Overweight stance, and the fundamental case is compelling: NVDA posted $81.62B quarterly revenue (+85% YoY), 75% gross margins, a forward PE of 15x with PEG of 0.52, and $48.59B quarterly free cash flow against a $68B net cash position.",analytical,neutral_or_unknown,True,,SUBSTANTIVE,NONE,dupgroup_8737920e575d,,,,False,False,False,False
e434f80b-e4d0-4b09-9471-d84532659de5,e434f80b-e4d0-4b09-9471-d84532659de5:trader:trader_investment_plan:claim:2,trader,,1,The core secular AI thesis is intact with hyperscalers committing record sums to AI infrastructure.,unknown,0.4,The core secular AI thesis is intact with hyperscalers committing record sums to AI infrastructure.,context_only,neutral_or_unknown,False,context_only_default_hidden,CONTEXT_ONLY,NONE,dupgroup_3221b3aefc04,AI Infrastructure,,,False,False,False,False
e434f80b-e4d0-4b09-9471-d84532659de5,e434f80b-e4d0-4b09-9471-d84532659de5:trader:trader_investment_plan:claim:3,trader,,2,"However, the plan correctly flags weak near-term technicals (broken 50-day SMA, negative MACD) and concentration risk, so I recommend building the position in tranches toward the $189-193 support zone rather than chasing strength.",neutral,0.75,"However, the plan correctly flags weak near-term technicals (broken 50-day SMA, negative MACD) and concentration risk, so I recommend building the position in tranches toward the $189-193 support zone rather than chasing strength.",analytical,neutral_or_unknown,True,,SUBSTANTIVE,NONE,dupgroup_a82bd8797ec4,,,,False,False,False,False
e434f80b-e4d0-4b09-9471-d84532659de5,e434f80b-e4d0-4b09-9471-d84532659de5:trader:trader_investment_plan:claim:4,trader,,3,This aligns with the plan's disciplined accumulation strategy into weakness.,unknown,0.25,This aligns with the plan's disciplined accumulation strategy into weakness.,analytical,neutral_or_unknown,True,,SUBSTANTIVE,NONE,dupgroup_58ca810d16a6,,,,False,False,False,False
e434f80b-e4d0-4b09-9471-d84532659de5,e434f80b-e4d0-4b09-9471-d84532659de5:trader:trader_investment_plan:claim:5,trader,,4,Position Sizing: Build toward overweight in tranches over 2-4 weeks; size so a move to $189-193 support is within normal portfolio volatility tolerance given beta of 2.21,unknown,0.75,Position Sizing: Build toward overweight in tranches over 2-4 weeks; size so a move to $189-193 support is within normal portfolio volatility tolerance given beta of 2.21,analytical,neutral_or_unknown,True,,SUBSTANTIVE,NONE,dupgroup_cc0604c7ce6d,,,,False,False,False,False
e434f80b-e4d0-4b09-9471-d84532659de5,e434f80b-e4d0-4b09-9471-d84532659de5:trader:trader_investment_plan:claim:6,trader,,5,FINAL TRANSACTION PROPOSAL: BUY,positive,0.25,FINAL TRANSACTION PROPOSAL: BUY,analytical,positive,True,,SUBSTANTIVE,NONE,dupgroup_b2e4f5419a97,,,,False,False,False,False
e434f80b-e4d0-4b09-9471-d84532659de5,e434f80b-e4d0-4b09-9471-d84532659de5:aggressive_risk_analyst:risk_debate_state.aggressive_history:claim:1,aggressive_risk_analyst,,0,Aggressive Analyst: Aggressive Risk Analyst — NVDA BUY Recommendation,neutral,0.25,Aggressive Analyst: Aggressive Risk Analyst — NVDA BUY Recommendation,analytical,neutral_or_unknown,True,,SUBSTANTIVE,NONE,dupgroup_bf2cb7c18aab,,,canrel_f03d82b655b2d07c;canrel_1841def75a093e5d;canrel_765054e3df12441d;canrel_569bdeb326b45b0b,False,False,False,False
e434f80b-e4d0-4b09-9471-d84532659de5,e434f80b-e4d0-4b09-9471-d84532659de5:aggressive_risk_analyst:risk_debate_state.aggressive_history:claim:2,aggressive_risk_analyst,,1,The conservative and neutral stances are anchored to the wrong timeframe and are letting short-term technical noise obscure what is arguably the most compelling risk-reward setup in the entire market today.,negative,0.4,The conservative and neutral stances are anchored to the wrong timeframe and are letting short-term technical noise obscure what is arguably the most compelling risk-reward setup in the entire market today.,analytical,negative,True,,SUBSTANTIVE,NONE,dupgroup_ad94293bab8c,,,canrel_f03d82b655b2d07c;canrel_1841def75a093e5d;canrel_765054e3df12441d;canrel_569bdeb326b45b0b,False,False,False,False
e434f80b-e4d0-4b09-9471-d84532659de5,e434f80b-e4d0-4b09-9471-d84532659de5:aggressive_risk_analyst:risk_debate_state.aggressive_history:claim:3,aggressive_risk_analyst,,2,"I’m not just recommending a buy; I’m recommending we aggressively build an overweight position into this weakness, and here’s why your caution is misplaced.",neutral,0.4,"I’m not just recommending a buy; I’m recommending we aggressively build an overweight position into this weakness, and here’s why your caution is misplaced.",analytical,neutral_or_unknown,True,,SUBSTANTIVE,NONE,dupgroup_c80cd042b95c,,,canrel_f03d82b655b2d07c;canrel_1841def75a093e5d;canrel_765054e3df12441d;canrel_569bdeb326b45b0b,False,False,False,False
e434f80b-e4d0-4b09-9471-d84532659de5,e434f80b-e4d0-4b09-9471-d84532659de5:aggressive_risk_analyst:risk_debate_state.aggressive_history:claim:4,aggressive_risk_analyst,,3,"On the ""Broken Technicals"" Argument",unknown,0.25,"On the ""Broken Technicals"" Argument",context_only,neutral_or_unknown,False,context_only_default_hidden,CONTEXT_ONLY,NONE,dupgroup_805db5d3d1fa,,,canrel_f03d82b655b2d07c;canrel_1841def75a093e5d;canrel_765054e3df12441d;canrel_569bdeb326b45b0b,False,False,False,False
e434f80b-e4d0-4b09-9471-d84532659de5,e434f80b-e4d0-4b09-9471-d84532659de5:aggressive_risk_analyst:risk_debate_state.aggressive_history:claim:5,aggressive_risk_analyst,,4,"The conservative analyst will point to the broken 50-day SMA, the negative MACD, and the price action below the VWMA as reasons for caution.",negative,0.55,"The conservative analyst will point to the broken 50-day SMA, the negative MACD, and the price action below the VWMA as reasons for caution.",analytical,negative,True,,SUBSTANTIVE,NONE,dupgroup_7c94a32d11d0,,,canrel_f03d82b655b2d07c;canrel_1841def75a093e5d;canrel_765054e3df12441d;canrel_569bdeb326b45b0b,False,False,False,False
e434f80b-e4d0-4b09-9471-d84532659de5,e434f80b-e4d0-4b09-9471-d84532659de5:aggressive_risk_analyst:risk_debate_state.aggressive_history:claim:6,aggressive_risk_analyst,,5,I counter that with a simple question: since when do we trade the next five years based on a five-day moving average?,unknown,0.4,I counter that with a simple question: since when do we trade the next five years based on a five-day moving average?,context_only,neutral_or_unknown,False,context_only_default_hidden,CONTEXT_ONLY,NONE,dupgroup_6d66ba8f7804,,,canrel_f03d82b655b2d07c;canrel_1841def75a093e5d;canrel_765054e3df12441d;canrel_569bdeb326b45b0b,False,False,False,False
e434f80b-e4d0-4b09-9471-d84532659de5,e434f80b-e4d0-4b09-9471-d84532659de5:aggressive_risk_analyst:risk_debate_state.aggressive_history:claim:7,aggressive_risk_analyst,,6,"The technical picture is a snapshot of the last few weeks, not a verdict on the company.",neutral,0.4,"The technical picture is a snapshot of the last few weeks, not a verdict on the company.",context_only,neutral_or_unknown,False,context_only_default_hidden,CONTEXT_ONLY,NONE,dupgroup_d978e649df4a,,,canrel_f03d82b655b2d07c;canrel_1841def75a093e5d;canrel_765054e3df12441d;canrel_569bdeb326b45b0b,False,False,False,False
e434f80b-e4d0-4b09-9471-d84532659de5,e434f80b-e4d0-4b09-9471-d84532659de5:aggressive_risk_analyst:risk_debate_state.aggressive_history:claim:8,aggressive_risk_analyst,,7,"The 200-day SMA at $192.86 is holding, and the lower Bollinger Band at $189.47 is acting as a floor.",neutral,0.75,"The 200-day SMA at $192.86 is holding, and the lower Bollinger Band at $189.47 is acting as a floor.",analytical,neutral_or_unknown,True,,SUBSTANTIVE,NONE,dupgroup_c93dcb3082cf,,,canrel_f03d82b655b2d07c;canrel_1841def75a093e5d;canrel_765054e3df12441d;canrel_569bdeb326b45b0b,False,False,False,False
e434f80b-e4d0-4b09-9471-d84532659de5,e434f80b-e4d0-4b09-9471-d84532659de5:aggressive_risk_analyst:risk_debate_state.aggressive_history:claim:9,aggressive_risk_analyst,,8,"We are testing support, not breaking it.",neutral,0.25,"We are testing support, not breaking it.",analytical,neutral_or_unknown,True,,SUBSTANTIVE,NONE,dupgroup_d35e807565fe,,,canrel_f03d82b655b2d07c;canrel_1841def75a093e5d;canrel_765054e3df12441d;canrel_569bdeb326b45b0b,False,False,False,False
e434f80b-e4d0-4b09-9471-d84532659de5,e434f80b-e4d0-4b09-9471-d84532659de5:aggressive_risk_analyst:risk_debate_state.aggressive_history:claim:10,aggressive_risk_analyst,,9,"The RSI at 43 is weak, but it’s not oversold, which means we have room to accumulate before any momentum shift.",neutral,0.55,"The RSI at 43 is weak, but it’s not oversold, which means we have room to accumulate before any momentum shift.",analytical,neutral_or_unknown,True,,SUBSTANTIVE,NONE,dupgroup_b31d921cd9b6,,,canrel_f03d82b655b2d07c;canrel_1841def75a093e5d;canrel_765054e3df12441d;canrel_569bdeb326b45b0b,False,False,False,False
e434f80b-e4d0-4b09-9471-d84532659de5,e434f80b-e4d0-4b09-9471-d84532659de5:aggressive_risk_analyst:risk_debate_state.aggressive_history:claim:11,aggressive_risk_analyst,,10,"The ATR of 7.5 tells us volatility is elevated, but that’s the price of admission for a stock with a beta of 2.21.",unknown,0.55,"The ATR of 7.5 tells us volatility is elevated, but that’s the price of admission for a stock with a beta of 2.21.",analytical,neutral_or_unknown,True,,SUBSTANTIVE,NONE,dupgroup_e777866a40f3,,,canrel_f03d82b655b2d07c;canrel_1841def75a093e5d;canrel_765054e3df12441d;canrel_569bdeb326b45b0b,False,False,False,False
e434f80b-e4d0-4b09-9471-d84532659de5,e434f80b-e4d0-4b09-9471-d84532659de5:aggressive_risk_analyst:risk_debate_state.aggressive_history:claim:12,aggressive_risk_analyst,,11,"If you’re scared of a 7-point daily move, you shouldn’t be in this market.",unknown,0.4,"If you’re scared of a 7-point daily move, you shouldn’t be in this market.",analytical,neutral_or_unknown,True,,SUBSTANTIVE,NONE,dupgroup_392e2cc1cebd,,,canrel_f03d82b655b2d07c;canrel_1841def75a093e5d;canrel_765054e3df12441d;canrel_569bdeb326b45b0b,False,False,False,False
e434f80b-e4d0-4b09-9471-d84532659de5,e434f80b-e4d0-4b09-9471-d84532659de5:aggressive_risk_analyst:risk_debate_state.aggressive_history:claim:13,aggressive_risk_analyst,,12,"The technicals are telling us we’re at a decision point, and the fundamental data overwhelmingly suggests the decision will be to the upside.",positive,0.6,"The technicals are telling us we’re at a decision point, and the fundamental data overwhelmingly suggests the decision will be to the upside.",analytical,positive,True,,SUBSTANTIVE,NONE,dupgroup_5f6bf62dadf4,,,canrel_f03d82b655b2d07c;canrel_1841def75a093e5d;canrel_765054e3df12441d;canrel_569bdeb326b45b0b,False,False,False,False
e434f80b-e4d0-4b09-9471-d84532659de5,e434f80b-e4d0-4b09-9471-d84532659de5:aggressive_risk_analyst:risk_debate_state.aggressive_history:claim:14,aggressive_risk_analyst,,13,"On the ""Valuation Risk"" and ""Priced for Perfection"" Argument",negative,0.25,"On the ""Valuation Risk"" and ""Priced for Perfection"" Argument",analytical,negative,True,,SUBSTANTIVE,NONE,dupgroup_374f6eebc709,Valuation Risk,A304,canrel_f03d82b655b2d07c;canrel_1841def75a093e5d;canrel_765054e3df12441d;canrel_569bdeb326b45b0b,True,True,False,False
e434f80b-e4d0-4b09-9471-d84532659de5,e434f80b-e4d0-4b09-9471-d84532659de5:aggressive_risk_analyst:risk_debate_state.aggressive_history:claim:15,aggressive_risk_analyst,,14,This is where the neutral analyst’s logic falls apart.,neutral,0.25,This is where the neutral analyst’s logic falls apart.,analytical,neutral_or_unknown,True,,SUBSTANTIVE,NONE,dupgroup_f9629d5cad6a,,,canrel_f03d82b655b2d07c;canrel_1841def75a093e5d;canrel_765054e3df12441d;canrel_569bdeb326b45b0b,False,False,False,False
e434f80b-e4d0-4b09-9471-d84532659de5,e434f80b-e4d0-4b09-9471-d84532659de5:aggressive_risk_analyst:risk_debate_state.aggressive_history:claim:16,aggressive_risk_analyst,,15,They look at a $4.72 trillion market cap and see risk.,negative,0.6,They look at a $4.72 trillion market cap and see risk.,analytical,negative,True,,SUBSTANTIVE,NONE,dupgroup_993e3482d0eb,,,canrel_f03d82b655b2d07c;canrel_1841def75a093e5d;canrel_765054e3df12441d;canrel_569bdeb326b45b0b,False,False,False,False
e434f80b-e4d0-4b09-9471-d84532659de5,e434f80b-e4d0-4b09-9471-d84532659de5:aggressive_risk_analyst:risk_debate_state.aggressive_history:claim:17,aggressive_risk_analyst,,16,I look at a forward PE of 15.16 and a PEG of 0.52 and see the cheapest growth in the S&P 500.,positive,0.55,I look at a forward PE of 15.16 and a PEG of 0.52 and see the cheapest growth in the S&P 500.,analytical,positive,True,,SUBSTANTIVE,NONE,dupgroup_4f51d50edba9,,,canrel_f03d82b655b2d07c;canrel_1841def75a093e5d;canrel_765054e3df12441d;canrel_569bdeb326b45b0b,False,False,False,False
e434f80b-e4d0-4b09-9471-d84532659de5,e434f80b-e4d0-4b09-9471-d84532659de5:aggressive_risk_analyst:risk_debate_state.aggressive_history:claim:18,aggressive_risk_analyst,,17,Let me put that in perspective: this company grew revenue 85% year-over-year to $81.62 billion in a single quarter.,unknown,0.75,Let me put that in perspective: this company grew revenue 85% year-over-year to $81.62 billion in a single quarter.,analytical,neutral_or_unknown,True,,SUBSTANTIVE,NONE,dupgroup_64226c5755e7,,,canrel_f03d82b655b2d07c;canrel_1841def75a093e5d;canrel_765054e3df12441d;canrel_569bdeb326b45b0b,False,False,False,False
e434f80b-e4d0-4b09-9471-d84532659de5,e434f80b-e4d0-4b09-9471-d84532659de5:aggressive_risk_analyst:risk_debate_state.aggressive_history:claim:19,aggressive_risk_analyst,,18,They’re generating $48.59 billion in quarterly free cash flow.,unknown,0.6,They’re generating $48.59 billion in quarterly free cash flow.,analytical,neutral_or_unknown,True,,SUBSTANTIVE,NONE,dupgroup_9f498a070adb,,,canrel_f03d82b655b2d07c;canrel_1841def75a093e5d;canrel_765054e3df12441d;canrel_569bdeb326b45b0b,False,False,False,False
e434f80b-e4d0-4b09-9471-d84532659de5,e434f80b-e4d0-4b09-9471-d84532659de5:aggressive_risk_analyst:risk_debate_state.aggressive_history:claim:20,aggressive_risk_analyst,,19,They have a net cash position of roughly $68 billion.,unknown,0.6,They have a net cash position of roughly $68 billion.,context_only,neutral_or_unknown,False,context_only_default_hidden,CONTEXT_ONLY,NONE,dupgroup_a8ddd838a3cf,,,canrel_f03d82b655b2d07c;canrel_1841def75a093e5d;canrel_765054e3df12441d;canrel_569bdeb326b45b0b,False,False,False,False
e434f80b-e4d0-4b09-9471-d84532659de5,e434f80b-e4d0-4b09-9471-d84532659de5:aggressive_risk_analyst:risk_debate_state.aggressive_history:claim:21,aggressive_risk_analyst,,20,And the market is pricing this at 15 times forward earnings?,unknown,0.4,And the market is pricing this at 15 times forward earnings?,context_only,neutral_or_unknown,False,context_only_default_hidden,CONTEXT_ONLY,NONE,dupgroup_9013779550a3,,,canrel_f03d82b655b2d07c;canrel_1841def75a093e5d;canrel_765054e3df12441d;canrel_569bdeb326b45b0b,False,False,False,False
e434f80b-e4d0-4b09-9471-d84532659de5,e434f80b-e4d0-4b09-9471-d84532659de5:aggressive_risk_analyst:risk_debate_state.aggressive_history:claim:22,aggressive_risk_analyst,,21,"That is not ""priced for perfection""; that is priced for a recession that the prediction markets say has only a 12% chance of happening.",neutral,0.75,"That is not ""priced for perfection""; that is priced for a recession that the prediction markets say has only a 12% chance of happening.",context_only,neutral_or_unknown,False,context_only_default_hidden,CONTEXT_ONLY,NONE,dupgroup_aaab80b2ae0d,Valuation Risk,,canrel_f03d82b655b2d07c;canrel_1841def75a093e5d;canrel_765054e3df12441d;canrel_569bdeb326b45b0b,False,False,False,False
e434f80b-e4d0-4b09-9471-d84532659de5,e434f80b-e4d0-4b09-9471-d84532659de5:aggressive_risk_analyst:risk_debate_state.aggressive_history:claim:23,aggressive_risk_analyst,,22,"The ""valuation risk"" argument is a lazy heuristic that ignores the actual numbers.",negative,0.4,"The ""valuation risk"" argument is a lazy heuristic that ignores the actual numbers.",analytical,negative,True,,SUBSTANTIVE,NONE,dupgroup_95b846cb9960,Valuation Risk,A304,canrel_f03d82b655b2d07c;canrel_1841def75a093e5d;canrel_765054e3df12441d;canrel_569bdeb326b45b0b,True,True,False,False
e434f80b-e4d0-4b09-9471-d84532659de5,e434f80b-e4d0-4b09-9471-d84532659de5:aggressive_risk_analyst:risk_debate_state.aggressive_history:claim:24,aggressive_risk_analyst,,23,"When a company with a 63% net margin and a 114% ROE trades at a PEG of 0.52, that’s not a risk; that’s a gift.",neutral,0.75,"When a company with a 63% net margin and a 114% ROE trades at a PEG of 0.52, that’s not a risk; that’s a gift.",analytical,neutral_or_unknown,True,,SUBSTANTIVE,NONE,dupgroup_0d4fe22b9fcc,,,canrel_f03d82b655b2d07c;canrel_1841def75a093e5d;canrel_765054e3df12441d;canrel_569bdeb326b45b0b,False,False,False,False
e434f80b-e4d0-4b09-9471-d84532659de5,e434f80b-e4d0-4b09-9471-d84532659de5:aggressive_risk_analyst:risk_debate_state.aggressive_history:claim:25,aggressive_risk_analyst,,24,"On the ""Hawkish Fed"" and ""No Rate Cuts"" Concern",unknown,0.25,"On the ""Hawkish Fed"" and ""No Rate Cuts"" Concern",context_only,neutral_or_unknown,False,context_only_default_hidden,CONTEXT_ONLY,NONE,dupgroup_8996ad2fea1a,,,canrel_f03d82b655b2d07c;canrel_1841def75a093e5d;canrel_765054e3df12441d;canrel_569bdeb326b45b0b,False,False,False,False
e434f80b-e4d0-4b09-9471-d84532659de5,e434f80b-e4d0-4b09-9471-d84532659de5:aggressive_risk_analyst:risk_debate_state.aggressive_history:claim:26,aggressive_risk_analyst,,25,The neutral analyst will cite the 89% probability of no rate cuts in 2026 as a headwind.,negative,0.75,The neutral analyst will cite the 89% probability of no rate cuts in 2026 as a headwind.,analytical,negative,True,,SUBSTANTIVE,NONE,dupgroup_5dc9d5393dec,,,canrel_f03d82b655b2d07c;canrel_1841def75a093e5d;canrel_765054e3df12441d;canrel_569bdeb326b45b0b,False,False,False,False
e434f80b-e4d0-4b09-9471-d84532659de5,e434f80b-e4d0-4b09-9471-d84532659de5:aggressive_risk_analyst:risk_debate_state.aggressive_history:claim:27,aggressive_risk_analyst,,26,I say that’s a lagging indicator.,unknown,0.25,I say that’s a lagging indicator.,context_only,neutral_or_unknown,False,context_only_default_hidden,CONTEXT_ONLY,NONE,dupgroup_84373cb56f58,,,canrel_f03d82b655b2d07c;canrel_1841def75a093e5d;canrel_765054e3df12441d;canrel_569bdeb326b45b0b,False,False,False,False
e434f80b-e4d0-4b09-9471-d84532659de5,e434f80b-e4d0-4b09-9471-d84532659de5:aggressive_risk_analyst:risk_debate_state.aggressive_history:claim:28,aggressive_risk_analyst,,27,"The market is pricing in a strong economy, which is precisely why the Fed doesn’t need to cut.",positive,0.5,"The market is pricing in a strong economy, which is precisely why the Fed doesn’t need to cut.",analytical,positive,True,,SUBSTANTIVE,NONE,dupgroup_7c476fb1d6ed,,,canrel_f03d82b655b2d07c;canrel_1841def75a093e5d;canrel_765054e3df12441d;canrel_569bdeb326b45b0b,False,False,False,False
e434f80b-e4d0-4b09-9471-d84532659de5,e434f80b-e4d0-4b09-9471-d84532659de5:aggressive_risk_analyst:risk_debate_state.aggressive_history:claim:29,aggressive_risk_analyst,,28,A strong economy is what drives the AI capex cycle.,positive,0.35,A strong economy is what drives the AI capex cycle.,analytical,positive,True,,SUBSTANTIVE,NONE,dupgroup_eab2d90f3b94,AI CapEx,A101,canrel_f03d82b655b2d07c;canrel_1841def75a093e5d;canrel_765054e3df12441d;canrel_569bdeb326b45b0b,True,True,False,False
e434f80b-e4d0-4b09-9471-d84532659de5,e434f80b-e4d0-4b09-9471-d84532659de5:aggressive_risk_analyst:risk_debate_state.aggressive_history:claim:30,aggressive_risk_analyst,,29,"Microsoft just committed a record $41 billion to AI infrastructure, and their Azure growth is accelerating.",positive,0.75,"Microsoft just committed a record $41 billion to AI infrastructure, and their Azure growth is accelerating.",analytical,positive,True,,SUBSTANTIVE,NONE,dupgroup_e811a5278e1e,AI Infrastructure,,canrel_f03d82b655b2d07c;canrel_1841def75a093e5d;canrel_765054e3df12441d;canrel_569bdeb326b45b0b,False,False,False,False
e434f80b-e4d0-4b09-9471-d84532659de5,e434f80b-e4d0-4b09-9471-d84532659de5:aggressive_risk_analyst:risk_debate_state.aggressive_history:claim:31,aggressive_risk_analyst,,30,That is the direct demand engine for NVDA’s GPUs.,unknown,0.25,That is the direct demand engine for NVDA’s GPUs.,context_only,neutral_or_unknown,False,context_only_default_hidden,CONTEXT_ONLY,NONE,dupgroup_256c872e9066,,,canrel_f03d82b655b2d07c;canrel_1841def75a093e5d;canrel_765054e3df12441d;canrel_569bdeb326b45b0b,False,False,False,False
e434f80b-e4d0-4b09-9471-d84532659de5,e434f80b-e4d0-4b09-9471-d84532659de5:aggressive_risk_analyst:risk_debate_state.aggressive_history:claim:32,aggressive_risk_analyst,,31,"The ""no cuts"" narrative is a symptom of economic strength, not a cause for concern.",neutral,0.4,"The ""no cuts"" narrative is a symptom of economic strength, not a cause for concern.",analytical,neutral_or_unknown,True,,SUBSTANTIVE,NONE,dupgroup_48433be57bf6,,,canrel_f03d82b655b2d07c;canrel_1841def75a093e5d;canrel_765054e3df12441d;canrel_569bdeb326b45b0b,False,False,False,False
e434f80b-e4d0-4b09-9471-d84532659de5,e434f80b-e4d0-4b09-9471-d84532659de5:aggressive_risk_analyst:risk_debate_state.aggressive_history:claim:33,aggressive_risk_analyst,,32,"Furthermore, with a forward PE of 15, NVDA is not priced for a low-discount-rate environment.",neutral,0.55,"Furthermore, with a forward PE of 15, NVDA is not priced for a low-discount-rate environment.",context_only,neutral_or_unknown,False,context_only_default_hidden,CONTEXT_ONLY,NONE,dupgroup_6f80974fbaf9,,,canrel_f03d82b655b2d07c;canrel_1841def75a093e5d;canrel_765054e3df12441d;canrel_569bdeb326b45b0b,False,False,False,False
e434f80b-e4d0-4b09-9471-d84532659de5,e434f80b-e4d0-4b09-9471-d84532659de5:aggressive_risk_analyst:risk_debate_state.aggressive_history:claim:34,aggressive_risk_analyst,,33,"It’s priced for earnings growth, and the earnings are delivering.",positive,0.25,"It’s priced for earnings growth, and the earnings are delivering.",analytical,positive,True,,SUBSTANTIVE,NONE,dupgroup_d9833d93cd0b,,,canrel_f03d82b655b2d07c;canrel_1841def75a093e5d;canrel_765054e3df12441d;canrel_569bdeb326b45b0b,False,False,False,False
e434f80b-e4d0-4b09-9471-d84532659de5,e434f80b-e4d0-4b09-9471-d84532659de5:aggressive_risk_analyst:risk_debate_state.aggressive_history:claim:35,aggressive_risk_analyst,,34,"On the ""AI Bubble"" Tail Risk",negative,0.25,"On the ""AI Bubble"" Tail Risk",analytical,negative,True,,SUBSTANTIVE,NONE,dupgroup_718261f1996d,,,canrel_f03d82b655b2d07c;canrel_1841def75a093e5d;canrel_765054e3df12441d;canrel_569bdeb326b45b0b,False,False,False,False
e434f80b-e4d0-4b09-9471-d84532659de5,e434f80b-e4d0-4b09-9471-d84532659de5:aggressive_risk_analyst:risk_debate_state.aggressive_history:claim:36,aggressive_risk_analyst,,35,The 20% probability of an AI bubble burst is a headline number that ignores the fundamental reality of the capex cycle.,unknown,0.75,The 20% probability of an AI bubble burst is a headline number that ignores the fundamental reality of the capex cycle.,context_only,neutral_or_unknown,False,context_only_default_hidden,CONTEXT_ONLY,NONE,dupgroup_854211326b0f,,,canrel_f03d82b655b2d07c;canrel_1841def75a093e5d;canrel_765054e3df12441d;canrel_569bdeb326b45b0b,False,False,False,False
e434f80b-e4d0-4b09-9471-d84532659de5,e434f80b-e4d0-4b09-9471-d84532659de5:aggressive_risk_analyst:risk_debate_state.aggressive_history:claim:37,aggressive_risk_analyst,,36,This isn’t a speculative narrative; it’s a buildout.,unknown,0.25,This isn’t a speculative narrative; it’s a buildout.,context_only,neutral_or_unknown,False,context_only_default_hidden,CONTEXT_ONLY,NONE,dupgroup_72a73d8750c2,,,canrel_f03d82b655b2d07c;canrel_1841def75a093e5d;canrel_765054e3df12441d;canrel_569bdeb326b45b0b,False,False,False,False
e434f80b-e4d0-4b09-9471-d84532659de5,e434f80b-e4d0-4b09-9471-d84532659de5:aggressive_risk_analyst:risk_debate_state.aggressive_history:claim:38,aggressive_risk_analyst,,37,The Kospi jumped 16% on chip strength.,unknown,0.6,The Kospi jumped 16% on chip strength.,context_only,neutral_or_unknown,False,context_only_default_hidden,CONTEXT_ONLY,NONE,dupgroup_cbeab19a03e4,,,canrel_f03d82b655b2d07c;canrel_1841def75a093e5d;canrel_765054e3df12441d;canrel_569bdeb326b45b0b,False,False,False,False
e434f80b-e4d0-4b09-9471-d84532659de5,e434f80b-e4d0-4b09-9471-d84532659de5:aggressive_risk_analyst:risk_debate_state.aggressive_history:claim:39,aggressive_risk_analyst,,38,SK Hynix and Samsung are reporting record memory demand.,unknown,0.25,SK Hynix and Samsung are reporting record memory demand.,context_only,neutral_or_unknown,False,context_only_default_hidden,CONTEXT_ONLY,NONE,dupgroup_3bc617ebca72,Semiconductor Cycle,A201,canrel_f03d82b655b2d07c;canrel_1841def75a093e5d;canrel_765054e3df12441d;canrel_569bdeb326b45b0b,True,True,False,False
e434f80b-e4d0-4b09-9471-d84532659de5,e434f80b-e4d0-4b09-9471-d84532659de5:aggressive_risk_analyst:risk_debate_state.aggressive_history:claim:40,aggressive_risk_analyst,,39,Jensen Huang is personally on the road with Morgan Stanley defending the thesis.,unknown,0.4,Jensen Huang is personally on the road with Morgan Stanley defending the thesis.,context_only,neutral_or_unknown,False,context_only_default_hidden,CONTEXT_ONLY,NONE,dupgroup_4d378c87d2e6,,,canrel_f03d82b655b2d07c;canrel_1841def75a093e5d;canrel_765054e3df12441d;canrel_569bdeb326b45b0b,False,False,False,False
e434f80b-e4d0-4b09-9471-d84532659de5,e434f80b-e4d0-4b09-9471-d84532659de5:aggressive_risk_analyst:risk_debate_state.aggressive_history:claim:41,aggressive_risk_analyst,,40,"The ""bubble"" narrative is being pushed by the same people who have been short NVDA since November and have watched it rally 30%.",unknown,0.75,"The ""bubble"" narrative is being pushed by the same people who have been short NVDA since November and have watched it rally 30%.",context_only,neutral_or_unknown,False,context_only_default_hidden,CONTEXT_ONLY,NONE,dupgroup_d7c0c8b45498,,,canrel_f03d82b655b2d07c;canrel_1841def75a093e5d;canrel_765054e3df12441d;canrel_569bdeb326b45b0b,False,False,False,False
e434f80b-e4d0-4b09-9471-d84532659de5,e434f80b-e4d0-4b09-9471-d84532659de5:aggressive_risk_analyst:risk_debate_state.aggressive_history:claim:42,aggressive_risk_analyst,,41,"Michael Burry’s short position is a contrarian indicator, not a warning sign.",neutral,0.25,"Michael Burry’s short position is a contrarian indicator, not a warning sign.",analytical,neutral_or_unknown,True,,SUBSTANTIVE,NONE,dupgroup_d60ce5c9d615,,,canrel_f03d82b655b2d07c;canrel_1841def75a093e5d;canrel_765054e3df12441d;canrel_569bdeb326b45b0b,False,False,False,False
e434f80b-e4d0-4b09-9471-d84532659de5,e434f80b-e4d0-4b09-9471-d84532659de5:aggressive_risk_analyst:risk_debate_state.aggressive_history:claim:43,aggressive_risk_analyst,,42,"The retail sentiment data shows an 88/12 bullish-to-bearish ratio, and they’re right.",neutral,0.75,"The retail sentiment data shows an 88/12 bullish-to-bearish ratio, and they’re right.",analytical,neutral_or_unknown,True,,SUBSTANTIVE,NONE,dupgroup_a0e8398af7fd,,,canrel_f03d82b655b2d07c;canrel_1841def75a093e5d;canrel_765054e3df12441d;canrel_569bdeb326b45b0b,False,False,False,False
e434f80b-e4d0-4b09-9471-d84532659de5,e434f80b-e4d0-4b09-9471-d84532659de5:aggressive_risk_analyst:risk_debate_state.aggressive_history:claim:44,aggressive_risk_analyst,,43,The market is telling you the demand is real.,unknown,0.25,The market is telling you the demand is real.,context_only,neutral_or_unknown,False,context_only_default_hidden,CONTEXT_ONLY,NONE,dupgroup_69869c04178d,,,canrel_f03d82b655b2d07c;canrel_1841def75a093e5d;canrel_765054e3df12441d;canrel_569bdeb326b45b0b,False,False,False,False
e434f80b-e4d0-4b09-9471-d84532659de5,e434f80b-e4d0-4b09-9471-d84532659de5:aggressive_risk_analyst:risk_debate_state.aggressive_history:claim:45,aggressive_risk_analyst,,44,The trader’s plan is disciplined and correct.,unknown,0.25,The trader’s plan is disciplined and correct.,context_only,neutral_or_unknown,False,context_only_default_hidden,CONTEXT_ONLY,NONE,dupgroup_f0e4d7338e49,,,canrel_f03d82b655b2d07c;canrel_1841def75a093e5d;canrel_765054e3df12441d;canrel_569bdeb326b45b0b,False,False,False,False
e434f80b-e4d0-4b09-9471-d84532659de5,e434f80b-e4d0-4b09-9471-d84532659de5:aggressive_risk_analyst:risk_debate_state.aggressive_history:claim:46,aggressive_risk_analyst,,45,"We are buying into weakness, building the position in tranches toward the $189-193 support zone.",positive,0.75,"We are buying into weakness, building the position in tranches toward the $189-193 support zone.",analytical,positive,True,,SUBSTANTIVE,NONE,dupgroup_5ab23bd42281,,,canrel_f03d82b655b2d07c;canrel_1841def75a093e5d;canrel_765054e3df12441d;canrel_569bdeb326b45b0b,False,False,False,False
e434f80b-e4d0-4b09-9471-d84532659de5,e434f80b-e4d0-4b09-9471-d84532659de5:aggressive_risk_analyst:risk_debate_state.aggressive_history:claim:47,aggressive_risk_analyst,,46,"The stop loss at $189 is below the 200-day SMA and the lower Bollinger Band, which is the correct technical invalidation point.",unknown,0.75,"The stop loss at $189 is below the 200-day SMA and the lower Bollinger Band, which is the correct technical invalidation point.",analytical,neutral_or_unknown,True,,SUBSTANTIVE,NONE,dupgroup_7471b511341c,,,canrel_f03d82b655b2d07c;canrel_1841def75a093e5d;canrel_765054e3df12441d;canrel_569bdeb326b45b0b,False,False,False,False
e434f80b-e4d0-4b09-9471-d84532659de5,e434f80b-e4d0-4b09-9471-d84532659de5:aggressive_risk_analyst:risk_debate_state.aggressive_history:claim:48,aggressive_risk_analyst,,47,The position sizing accounts for the beta.,unknown,0.25,The position sizing accounts for the beta.,context_only,neutral_or_unknown,False,context_only_default_hidden,CONTEXT_ONLY,NONE,dupgroup_95ded23ad262,,,canrel_f03d82b655b2d07c;canrel_1841def75a093e5d;canrel_765054e3df12441d;canrel_569bdeb326b45b0b,False,False,False,False
e434f80b-e4d0-4b09-9471-d84532659de5,e434f80b-e4d0-4b09-9471-d84532659de5:aggressive_risk_analyst:risk_debate_state.aggressive_history:claim:49,aggressive_risk_analyst,,48,This is not a reckless gamble; it’s a calculated accumulation of a fundamentally superior asset at a discount.,neutral,0.4,This is not a reckless gamble; it’s a calculated accumulation of a fundamentally superior asset at a discount.,context_only,neutral_or_unknown,False,context_only_default_hidden,CONTEXT_ONLY,NONE,dupgroup_4d817f665b40,,,canrel_f03d82b655b2d07c;canrel_1841def75a093e5d;canrel_765054e3df12441d;canrel_569bdeb326b45b0b,False,False,False,False
e434f80b-e4d0-4b09-9471-d84532659de5,e434f80b-e4d0-4b09-9471-d84532659de5:aggressive_risk_analyst:risk_debate_state.aggressive_history:claim:50,aggressive_risk_analyst,,49,The conservative and neutral analysts are so focused on the risk of the next 2% move that they are completely missing the 50% upside over the next 12 months.,neutral,0.75,The conservative and neutral analysts are so focused on the risk of the next 2% move that they are completely missing the 50% upside over the next 12 months.,analytical,neutral_or_unknown,True,,SUBSTANTIVE,NONE,dupgroup_2289f2d7c4a7,,,canrel_f03d82b655b2d07c;canrel_1841def75a093e5d;canrel_765054e3df12441d;canrel_569bdeb326b45b0b,False,False,False,False
e434f80b-e4d0-4b09-9471-d84532659de5,e434f80b-e4d0-4b09-9471-d84532659de5:aggressive_risk_analyst:risk_debate_state.aggressive_history:claim:51,aggressive_risk_analyst,,50,We are not here to preserve capital; we are here to compound it.,neutral,0.25,We are not here to preserve capital; we are here to compound it.,context_only,neutral_or_unknown,False,context_only_default_hidden,CONTEXT_ONLY,NONE,dupgroup_4a325eabdfb1,,,canrel_f03d82b655b2d07c;canrel_1841def75a093e5d;canrel_765054e3df12441d;canrel_569bdeb326b45b0b,False,False,False,False
e434f80b-e4d0-4b09-9471-d84532659de5,e434f80b-e4d0-4b09-9471-d84532659de5:aggressive_risk_analyst:risk_debate_state.aggressive_history:claim:52,aggressive_risk_analyst,,51,"And NVDA, at 15 times forward earnings with 85% revenue growth, is the single best vehicle to do that.",positive,0.75,"And NVDA, at 15 times forward earnings with 85% revenue growth, is the single best vehicle to do that.",analytical,positive,True,,SUBSTANTIVE,NONE,dupgroup_4ff56b7d110d,Revenue Growth,A301,canrel_f03d82b655b2d07c;canrel_1841def75a093e5d;canrel_765054e3df12441d;canrel_569bdeb326b45b0b,True,True,False,False
e434f80b-e4d0-4b09-9471-d84532659de5,e434f80b-e4d0-4b09-9471-d84532659de5:aggressive_risk_analyst:risk_debate_state.aggressive_history:claim:53,aggressive_risk_analyst,,52,The risk is not in buying; the risk is in being underweight when the AI capex cycle continues to accelerate.,neutral,0.4,The risk is not in buying; the risk is in being underweight when the AI capex cycle continues to accelerate.,analytical,neutral_or_unknown,True,,SUBSTANTIVE,NONE,dupgroup_7626c7c256f6,AI CapEx,,canrel_f03d82b655b2d07c;canrel_1841def75a093e5d;canrel_765054e3df12441d;canrel_569bdeb326b45b0b,False,False,False,False
e434f80b-e4d0-4b09-9471-d84532659de5,e434f80b-e4d0-4b09-9471-d84532659de5:aggressive_risk_analyst:risk_debate_state.aggressive_history:claim:54,aggressive_risk_analyst,,53,"I’m a buyer, and I’m buying aggressively.",positive,0.25,"I’m a buyer, and I’m buying aggressively.",analytical,positive,True,,SUBSTANTIVE,NONE,dupgroup_2d7b4666ebcc,,,canrel_f03d82b655b2d07c;canrel_1841def75a093e5d;canrel_765054e3df12441d;canrel_569bdeb326b45b0b,False,False,False,False
e434f80b-e4d0-4b09-9471-d84532659de5,e434f80b-e4d0-4b09-9471-d84532659de5:conservative_risk_analyst:risk_debate_state.conservative_history:claim:1,conservative_risk_analyst,,0,Conservative Analyst: Conservative Risk Analyst — NVDA BUY Recommendation (with Critical Risk Adjustments),neutral,0.4,Conservative Analyst: Conservative Risk Analyst — NVDA BUY Recommendation (with Critical Risk Adjustments),analytical,neutral_or_unknown,True,,SUBSTANTIVE,NONE,dupgroup_1a0931cb9f03,,,canrel_31d26c26a7b08ebd;canrel_81f4225240977860;canrel_5e84e2240847537d,False,False,False,False
e434f80b-e4d0-4b09-9471-d84532659de5,e434f80b-e4d0-4b09-9471-d84532659de5:conservative_risk_analyst:risk_debate_state.conservative_history:claim:2,conservative_risk_analyst,,1,"Let me address my colleagues directly, because the aggressive analyst's enthusiasm, while grounded in real fundamental strength, is precisely the kind of thinking that creates portfolio-destroying drawdowns.",unknown,0.6,"Let me address my colleagues directly, because the aggressive analyst's enthusiasm, while grounded in real fundamental strength, is precisely the kind of thinking that creates portfolio-destroying drawdowns.",analytical,neutral_or_unknown,True,,SUBSTANTIVE,NONE,dupgroup_d6300663c3b0,,,canrel_31d26c26a7b08ebd;canrel_81f4225240977860;canrel_5e84e2240847537d,False,False,False,False
e434f80b-e4d0-4b09-9471-d84532659de5,e434f80b-e4d0-4b09-9471-d84532659de5:conservative_risk_analyst:risk_debate_state.conservative_history:claim:3,conservative_risk_analyst,,2,"The neutral analyst's caution is warranted, but I believe even that stance does not go far enough in quantifying the immediate risks.",neutral,0.4,"The neutral analyst's caution is warranted, but I believe even that stance does not go far enough in quantifying the immediate risks.",analytical,neutral_or_unknown,True,,SUBSTANTIVE,NONE,dupgroup_bbb380ed0f87,,,canrel_31d26c26a7b08ebd;canrel_81f4225240977860;canrel_5e84e2240847537d,False,False,False,False
e434f80b-e4d0-4b09-9471-d84532659de5,e434f80b-e4d0-4b09-9471-d84532659de5:conservative_risk_analyst:risk_debate_state.conservative_history:claim:4,conservative_risk_analyst,,3,"To the Aggressive Analyst: On ""Broken Technicals""",unknown,0.25,"To the Aggressive Analyst: On ""Broken Technicals""",context_only,neutral_or_unknown,False,context_only_default_hidden,CONTEXT_ONLY,NONE,dupgroup_cfa5214d0578,,,canrel_31d26c26a7b08ebd;canrel_81f4225240977860;canrel_5e84e2240847537d,False,False,False,False
e434f80b-e4d0-4b09-9471-d84532659de5,e434f80b-e4d0-4b09-9471-d84532659de5:conservative_risk_analyst:risk_debate_state.conservative_history:claim:5,conservative_risk_analyst,,4,"You ask, ""since when do we trade the next five years based on a five-day moving average?"" That is a strawman.",unknown,0.4,"You ask, ""since when do we trade the next five years based on a five-day moving average?"" That is a strawman.",context_only,neutral_or_unknown,False,context_only_default_hidden,CONTEXT_ONLY,NONE,dupgroup_7779026163f5,,,canrel_31d26c26a7b08ebd;canrel_81f4225240977860;canrel_5e84e2240847537d,False,False,False,False
e434f80b-e4d0-4b09-9471-d84532659de5,e434f80b-e4d0-4b09-9471-d84532659de5:conservative_risk_analyst:risk_debate_state.conservative_history:claim:6,conservative_risk_analyst,,5,We are not trading five years; we are trading the next 2-4 weeks.,neutral,0.4,We are not trading five years; we are trading the next 2-4 weeks.,context_only,neutral_or_unknown,False,context_only_default_hidden,CONTEXT_ONLY,NONE,dupgroup_94f50bebecc8,,,canrel_31d26c26a7b08ebd;canrel_81f4225240977860;canrel_5e84e2240847537d,False,False,False,False
e434f80b-e4d0-4b09-9471-d84532659de5,e434f80b-e4d0-4b09-9471-d84532659de5:conservative_risk_analyst:risk_debate_state.conservative_history:claim:7,conservative_risk_analyst,,6,"The technical picture is not ""noise""; it is the market's current assessment of risk.",neutral,0.4,"The technical picture is not ""noise""; it is the market's current assessment of risk.",analytical,neutral_or_unknown,True,,SUBSTANTIVE,NONE,dupgroup_d01395fc7e1b,,,canrel_31d26c26a7b08ebd;canrel_81f4225240977860;canrel_5e84e2240847537d,False,False,False,False
e434f80b-e4d0-4b09-9471-d84532659de5,e434f80b-e4d0-4b09-9471-d84532659de5:conservative_risk_analyst:risk_debate_state.conservative_history:claim:8,conservative_risk_analyst,,7,"The MACD histogram is expanding negatively, not contracting.",neutral,0.25,"The MACD histogram is expanding negatively, not contracting.",analytical,neutral_or_unknown,True,,SUBSTANTIVE,NONE,dupgroup_294e2337834c,,,canrel_31d26c26a7b08ebd;canrel_81f4225240977860;canrel_5e84e2240847537d,False,False,False,False
e434f80b-e4d0-4b09-9471-d84532659de5,e434f80b-e4d0-4b09-9471-d84532659de5:conservative_risk_analyst:risk_debate_state.conservative_history:claim:9,conservative_risk_analyst,,8,"The RSI at 43 is not ""room to accumulate""; it is a warning that momentum is deteriorating and has not yet reached the oversold levels that historically precede a meaningful bounce.",neutral,0.55,"The RSI at 43 is not ""room to accumulate""; it is a warning that momentum is deteriorating and has not yet reached the oversold levels that historically precede a meaningful bounce.",analytical,neutral_or_unknown,True,,SUBSTANTIVE,NONE,dupgroup_21718ed9e0b2,,,canrel_31d26c26a7b08ebd;canrel_81f4225240977860;canrel_5e84e2240847537d,False,False,False,False
e434f80b-e4d0-4b09-9471-d84532659de5,e434f80b-e4d0-4b09-9471-d84532659de5:conservative_risk_analyst:risk_debate_state.conservative_history:claim:10,conservative_risk_analyst,,9,"You dismiss the ATR of 7.5 as ""the price of admission,"" but that is a 3.8% daily move.",unknown,0.75,"You dismiss the ATR of 7.5 as ""the price of admission,"" but that is a 3.8% daily move.",analytical,neutral_or_unknown,True,,SUBSTANTIVE,NONE,dupgroup_78d4e77b4e40,,,canrel_31d26c26a7b08ebd;canrel_81f4225240977860;canrel_5e84e2240847537d,False,False,False,False
e434f80b-e4d0-4b09-9471-d84532659de5,e434f80b-e4d0-4b09-9471-d84532659de5:conservative_risk_analyst:risk_debate_state.conservative_history:claim:11,conservative_risk_analyst,,10,"With a beta of 2.21, a broad market selloff of just 2% translates to a potential 4.4% drop in NVDA, or roughly $8.50 per share.",negative,0.75,"With a beta of 2.21, a broad market selloff of just 2% translates to a potential 4.4% drop in NVDA, or roughly $8.50 per share.",analytical,negative,True,,SUBSTANTIVE,NONE,dupgroup_9b7830bcd18f,,,canrel_31d26c26a7b08ebd;canrel_81f4225240977860;canrel_5e84e2240847537d,False,False,False,False
e434f80b-e4d0-4b09-9471-d84532659de5,e434f80b-e4d0-4b09-9471-d84532659de5:conservative_risk_analyst:risk_debate_state.conservative_history:claim:12,conservative_risk_analyst,,11,That is not a rounding error; that is a stop-loss trigger.,neutral,0.25,That is not a rounding error; that is a stop-loss trigger.,analytical,neutral_or_unknown,True,,SUBSTANTIVE,NONE,dupgroup_ed5bf8c9e55d,,,canrel_31d26c26a7b08ebd;canrel_81f4225240977860;canrel_5e84e2240847537d,False,False,False,False
e434f80b-e4d0-4b09-9471-d84532659de5,e434f80b-e4d0-4b09-9471-d84532659de5:conservative_risk_analyst:risk_debate_state.conservative_history:claim:13,conservative_risk_analyst,,12,"The 200-day SMA at $192.86 is not a ""floor""; it is a level that, once broken, often accelerates selling as algorithmic stop-losses cascade.",neutral,0.75,"The 200-day SMA at $192.86 is not a ""floor""; it is a level that, once broken, often accelerates selling as algorithmic stop-losses cascade.",analytical,neutral_or_unknown,True,,SUBSTANTIVE,NONE,dupgroup_3b56afe4b71e,,,canrel_31d26c26a7b08ebd;canrel_81f4225240977860;canrel_5e84e2240847537d,False,False,False,False
e434f80b-e4d0-4b09-9471-d84532659de5,e434f80b-e4d0-4b09-9471-d84532659de5:conservative_risk_analyst:risk_debate_state.conservative_history:claim:14,conservative_risk_analyst,,13,"The prediction market gives a 64% probability of a $195-$200 close this week, which suggests the market expects stabilization, not a rally.",neutral,0.75,"The prediction market gives a 64% probability of a $195-$200 close this week, which suggests the market expects stabilization, not a rally.",analytical,neutral_or_unknown,True,,SUBSTANTIVE,NONE,dupgroup_ab7a68774409,,,canrel_31d26c26a7b08ebd;canrel_81f4225240977860;canrel_5e84e2240847537d,False,False,False,False
e434f80b-e4d0-4b09-9471-d84532659de5,e434f80b-e4d0-4b09-9471-d84532659de5:conservative_risk_analyst:risk_debate_state.conservative_history:claim:15,conservative_risk_analyst,,14,"We are not being ""scared""; we are being prudent.",neutral,0.25,"We are not being ""scared""; we are being prudent.",context_only,neutral_or_unknown,False,context_only_default_hidden,CONTEXT_ONLY,NONE,dupgroup_02038c5819b1,,,canrel_31d26c26a7b08ebd;canrel_81f4225240977860;canrel_5e84e2240847537d,False,False,False,False
e434f80b-e4d0-4b09-9471-d84532659de5,e434f80b-e4d0-4b09-9471-d84532659de5:conservative_risk_analyst:risk_debate_state.conservative_history:claim:16,conservative_risk_analyst,,15,"To the Aggressive Analyst: On ""Valuation Risk""",negative,0.25,"To the Aggressive Analyst: On ""Valuation Risk""",analytical,negative,True,,SUBSTANTIVE,NONE,dupgroup_e63ed41fa1a9,Valuation Risk,A304,canrel_31d26c26a7b08ebd;canrel_81f4225240977860;canrel_5e84e2240847537d,True,True,False,False
e434f80b-e4d0-4b09-9471-d84532659de5,e434f80b-e4d0-4b09-9471-d84532659de5:conservative_risk_analyst:risk_debate_state.conservative_history:claim:17,conservative_risk_analyst,,16,"You call a PEG of 0.52 a ""gift."" I call it a trap.",unknown,0.4,"You call a PEG of 0.52 a ""gift."" I call it a trap.",context_only,neutral_or_unknown,False,context_only_default_hidden,CONTEXT_ONLY,NONE,dupgroup_9d410d9f7f8f,,,canrel_31d26c26a7b08ebd;canrel_81f4225240977860;canrel_5e84e2240847537d,False,False,False,False
e434f80b-e4d0-4b09-9471-d84532659de5,e434f80b-e4d0-4b09-9471-d84532659de5:conservative_risk_analyst:risk_debate_state.conservative_history:claim:18,conservative_risk_analyst,,17,"That PEG is based on a forward EPS estimate of $12.87, which implies the market expects earnings to double in the next year.",unknown,0.75,"That PEG is based on a forward EPS estimate of $12.87, which implies the market expects earnings to double in the next year.",context_only,neutral_or_unknown,False,context_only_default_hidden,CONTEXT_ONLY,NONE,dupgroup_010377f689d6,,,canrel_31d26c26a7b08ebd;canrel_81f4225240977860;canrel_5e84e2240847537d,False,False,False,False
e434f80b-e4d0-4b09-9471-d84532659de5,e434f80b-e4d0-4b09-9471-d84532659de5:conservative_risk_analyst:risk_debate_state.conservative_history:claim:19,conservative_risk_analyst,,18,The trailing PE of 29x is more realistic.,unknown,0.4,The trailing PE of 29x is more realistic.,context_only,neutral_or_unknown,False,context_only_default_hidden,CONTEXT_ONLY,NONE,dupgroup_6963ab4387b4,,,canrel_31d26c26a7b08ebd;canrel_81f4225240977860;canrel_5e84e2240847537d,False,False,False,False
e434f80b-e4d0-4b09-9471-d84532659de5,e434f80b-e4d0-4b09-9471-d84532659de5:conservative_risk_analyst:risk_debate_state.conservative_history:claim:20,conservative_risk_analyst,,19,"The $4.72 trillion market cap is not a ""lazy heuristic""; it is a mathematical reality.",neutral,0.75,"The $4.72 trillion market cap is not a ""lazy heuristic""; it is a mathematical reality.",context_only,neutral_or_unknown,False,context_only_default_hidden,CONTEXT_ONLY,NONE,dupgroup_f84bbcd311fa,,,canrel_31d26c26a7b08ebd;canrel_81f4225240977860;canrel_5e84e2240847537d,False,False,False,False
e434f80b-e4d0-4b09-9471-d84532659de5,e434f80b-e4d0-4b09-9471-d84532659de5:conservative_risk_analyst:risk_debate_state.conservative_history:claim:21,conservative_risk_analyst,,20,"For NVDA to justify its current valuation, it must not only maintain but accelerate its growth trajectory.",positive,0.4,"For NVDA to justify its current valuation, it must not only maintain but accelerate its growth trajectory.",analytical,positive,True,,SUBSTANTIVE,NONE,dupgroup_6460d8358f39,,,canrel_31d26c26a7b08ebd;canrel_81f4225240977860;canrel_5e84e2240847537d,False,False,False,False
e434f80b-e4d0-4b09-9471-d84532659de5,e434f80b-e4d0-4b09-9471-d84532659de5:conservative_risk_analyst:risk_debate_state.conservative_history:claim:22,conservative_risk_analyst,,21,"The 20% probability of an AI bubble burst, which rose 2.9 points this week, is not a ""headline number."" It is a measurable tail risk.",neutral,0.75,"The 20% probability of an AI bubble burst, which rose 2.9 points this week, is not a ""headline number."" It is a measurable tail risk.",analytical,neutral_or_unknown,True,,SUBSTANTIVE,NONE,dupgroup_a589a02ff5d0,,,canrel_31d26c26a7b08ebd;canrel_81f4225240977860;canrel_5e84e2240847537d,False,False,False,False
e434f80b-e4d0-4b09-9471-d84532659de5,e434f80b-e4d0-4b09-9471-d84532659de5:conservative_risk_analyst:risk_debate_state.conservative_history:claim:23,conservative_risk_analyst,,22,"If that scenario materializes, a stock with a beta of 2.21 will not fall 20%; it will fall 40-50%.",neutral,0.75,"If that scenario materializes, a stock with a beta of 2.21 will not fall 20%; it will fall 40-50%.",analytical,neutral_or_unknown,True,,SUBSTANTIVE,NONE,dupgroup_9d02678648aa,,,canrel_31d26c26a7b08ebd;canrel_81f4225240977860;canrel_5e84e2240847537d,False,False,False,False
e434f80b-e4d0-4b09-9471-d84532659de5,e434f80b-e4d0-4b09-9471-d84532659de5:conservative_risk_analyst:risk_debate_state.conservative_history:claim:24,conservative_risk_analyst,,23,"The ""gift"" you see is a leveraged bet on a single narrative.",unknown,0.25,"The ""gift"" you see is a leveraged bet on a single narrative.",context_only,neutral_or_unknown,False,context_only_default_hidden,CONTEXT_ONLY,NONE,dupgroup_1ce87736c694,,,canrel_31d26c26a7b08ebd;canrel_81f4225240977860;canrel_5e84e2240847537d,False,False,False,False
e434f80b-e4d0-4b09-9471-d84532659de5,e434f80b-e4d0-4b09-9471-d84532659de5:conservative_risk_analyst:risk_debate_state.conservative_history:claim:25,conservative_risk_analyst,,24,"The ""risk"" I see is a potential 50% drawdown that would take years to recover from, if it recovers at all.",negative,0.75,"The ""risk"" I see is a potential 50% drawdown that would take years to recover from, if it recovers at all.",analytical,negative,True,,SUBSTANTIVE,NONE,dupgroup_0a5dc5a74c56,,,canrel_31d26c26a7b08ebd;canrel_81f4225240977860;canrel_5e84e2240847537d,False,False,False,False
e434f80b-e4d0-4b09-9471-d84532659de5,e434f80b-e4d0-4b09-9471-d84532659de5:conservative_risk_analyst:risk_debate_state.conservative_history:claim:26,conservative_risk_analyst,,25,"To the Aggressive Analyst: On ""Hawkish Fed"" and ""AI Bubble""",unknown,0.25,"To the Aggressive Analyst: On ""Hawkish Fed"" and ""AI Bubble""",context_only,neutral_or_unknown,False,context_only_default_hidden,CONTEXT_ONLY,NONE,dupgroup_c0e134c729aa,,,canrel_31d26c26a7b08ebd;canrel_81f4225240977860;canrel_5e84e2240847537d,False,False,False,False
e434f80b-e4d0-4b09-9471-d84532659de5,e434f80b-e4d0-4b09-9471-d84532659de5:conservative_risk_analyst:risk_debate_state.conservative_history:claim:27,conservative_risk_analyst,,26,"You argue that ""no rate cuts"" is a symptom of economic strength.",unknown,0.25,"You argue that ""no rate cuts"" is a symptom of economic strength.",context_only,neutral_or_unknown,False,context_only_default_hidden,CONTEXT_ONLY,NONE,dupgroup_bb64192990e8,,,canrel_31d26c26a7b08ebd;canrel_81f4225240977860;canrel_5e84e2240847537d,False,False,False,False
e434f80b-e4d0-4b09-9471-d84532659de5,e434f80b-e4d0-4b09-9471-d84532659de5:conservative_risk_analyst:risk_debate_state.conservative_history:claim:28,conservative_risk_analyst,,27,That is a convenient interpretation.,unknown,0.25,That is a convenient interpretation.,context_only,neutral_or_unknown,False,context_only_default_hidden,CONTEXT_ONLY,NONE,dupgroup_819cec1a041e,,,canrel_31d26c26a7b08ebd;canrel_81f4225240977860;canrel_5e84e2240847537d,False,False,False,False
e434f80b-e4d0-4b09-9471-d84532659de5,e434f80b-e4d0-4b09-9471-d84532659de5:conservative_risk_analyst:risk_debate_state.conservative_history:claim:29,conservative_risk_analyst,,28,"The more direct interpretation is that the discount rate applied to future earnings will remain high, which pressures the multiple on a stock trading at 29x trailing earnings.",negative,0.55,"The more direct interpretation is that the discount rate applied to future earnings will remain high, which pressures the multiple on a stock trading at 29x trailing earnings.",analytical,negative,True,,SUBSTANTIVE,NONE,dupgroup_b79c9fdcff64,,,canrel_31d26c26a7b08ebd;canrel_81f4225240977860;canrel_5e84e2240847537d,False,False,False,False
e434f80b-e4d0-4b09-9471-d84532659de5,e434f80b-e4d0-4b09-9471-d84532659de5:conservative_risk_analyst:risk_debate_state.conservative_history:claim:30,conservative_risk_analyst,,29,"The 89% probability of no cuts is a headwind, not a tailwind.",negative,0.6,"The 89% probability of no cuts is a headwind, not a tailwind.",analytical,negative,True,,SUBSTANTIVE,NONE,dupgroup_a3fba3ea5941,,,canrel_31d26c26a7b08ebd;canrel_81f4225240977860;canrel_5e84e2240847537d,False,False,False,False
e434f80b-e4d0-4b09-9471-d84532659de5,e434f80b-e4d0-4b09-9471-d84532659de5:conservative_risk_analyst:risk_debate_state.conservative_history:claim:31,conservative_risk_analyst,,30,"On the AI bubble, you cite the Kospi surge and record memory demand as proof of a ""buildout."" I counter with the fact that NVDA stock is down 4% after Jensen Huang personally addressed investor concerns at a Morgan Stanley roadshow.",unknown,0.75,"On the AI bubble, you cite the Kospi surge and record memory demand as proof of a ""buildout."" I counter with the fact that NVDA stock is down 4% after Jensen Huang personally addressed investor concerns at a Morgan Stanley roadshow.",analytical,neutral_or_unknown,True,,SUBSTANTIVE,NONE,dupgroup_302df341f991,Semiconductor Cycle,A201,canrel_31d26c26a7b08ebd;canrel_81f4225240977860;canrel_5e84e2240847537d,True,True,False,False
e434f80b-e4d0-4b09-9471-d84532659de5,e434f80b-e4d0-4b09-9471-d84532659de5:conservative_risk_analyst:risk_debate_state.conservative_history:claim:32,conservative_risk_analyst,,31,That is a critical data point.,unknown,0.45,That is a critical data point.,context_only,neutral_or_unknown,False,context_only_default_hidden,CONTEXT_ONLY,NONE,dupgroup_ab53ad88d967,,,canrel_31d26c26a7b08ebd;canrel_81f4225240977860;canrel_5e84e2240847537d,False,False,False,False
e434f80b-e4d0-4b09-9471-d84532659de5,e434f80b-e4d0-4b09-9471-d84532659de5:conservative_risk_analyst:risk_debate_state.conservative_history:claim:33,conservative_risk_analyst,,32,"If the CEO's direct reassurance cannot arrest the selloff, what will?",negative,0.25,"If the CEO's direct reassurance cannot arrest the selloff, what will?",analytical,negative,True,,SUBSTANTIVE,NONE,dupgroup_998c825a7f71,,,canrel_31d26c26a7b08ebd;canrel_81f4225240977860;canrel_5e84e2240847537d,False,False,False,False
e434f80b-e4d0-4b09-9471-d84532659de5,e434f80b-e4d0-4b09-9471-d84532659de5:conservative_risk_analyst:risk_debate_state.conservative_history:claim:34,conservative_risk_analyst,,33,The market is telling us that the narrative is not sufficient to overcome the technical and macro headwinds.,neutral,0.4,The market is telling us that the narrative is not sufficient to overcome the technical and macro headwinds.,analytical,neutral_or_unknown,True,,SUBSTANTIVE,NONE,dupgroup_5426c4f944b3,,,canrel_31d26c26a7b08ebd;canrel_81f4225240977860;canrel_5e84e2240847537d,False,False,False,False
e434f80b-e4d0-4b09-9471-d84532659de5,e434f80b-e4d0-4b09-9471-d84532659de5:conservative_risk_analyst:risk_debate_state.conservative_history:claim:35,conservative_risk_analyst,,34,The retail sentiment at 88/12 bullish is not a confirmation; it is a contrarian warning.,neutral,0.55,The retail sentiment at 88/12 bullish is not a confirmation; it is a contrarian warning.,analytical,neutral_or_unknown,True,,SUBSTANTIVE,NONE,dupgroup_491800ad2d21,,,canrel_31d26c26a7b08ebd;canrel_81f4225240977860;canrel_5e84e2240847537d,False,False,False,False
e434f80b-e4d0-4b09-9471-d84532659de5,e434f80b-e4d0-4b09-9471-d84532659de5:conservative_risk_analyst:risk_debate_state.conservative_history:claim:36,conservative_risk_analyst,,35,"When retail is this confident and the price is falling, it often signals that the ""smart money"" is distributing to the ""dumb money.""",unknown,0.4,"When retail is this confident and the price is falling, it often signals that the ""smart money"" is distributing to the ""dumb money.""",analytical,neutral_or_unknown,True,,SUBSTANTIVE,NONE,dupgroup_b50371c9ca5c,,,canrel_31d26c26a7b08ebd;canrel_81f4225240977860;canrel_5e84e2240847537d,False,False,False,False
e434f80b-e4d0-4b09-9471-d84532659de5,e434f80b-e4d0-4b09-9471-d84532659de5:conservative_risk_analyst:risk_debate_state.conservative_history:claim:37,conservative_risk_analyst,,36,"My Recommendation: A Modified, Low-Risk Approach",negative,0.25,"My Recommendation: A Modified, Low-Risk Approach",analytical,negative,True,,SUBSTANTIVE,NONE,dupgroup_1153ab31f3ee,,,canrel_31d26c26a7b08ebd;canrel_81f4225240977860;canrel_5e84e2240847537d,False,False,False,False
e434f80b-e4d0-4b09-9471-d84532659de5,e434f80b-e4d0-4b09-9471-d84532659de5:conservative_risk_analyst:risk_debate_state.conservative_history:claim:38,conservative_risk_analyst,,37,I do not oppose buying NVDA.,neutral,0.25,I do not oppose buying NVDA.,context_only,neutral_or_unknown,False,context_only_default_hidden,CONTEXT_ONLY,NONE,dupgroup_9c2fcef72eb0,,,canrel_31d26c26a7b08ebd;canrel_81f4225240977860;canrel_5e84e2240847537d,False,False,False,False
e434f80b-e4d0-4b09-9471-d84532659de5,e434f80b-e4d0-4b09-9471-d84532659de5:conservative_risk_analyst:risk_debate_state.conservative_history:claim:39,conservative_risk_analyst,,38,The fundamentals are exceptional.,unknown,0.25,The fundamentals are exceptional.,context_only,neutral_or_unknown,False,context_only_default_hidden,CONTEXT_ONLY,NONE,dupgroup_6ee55b717c84,,,canrel_31d26c26a7b08ebd;canrel_81f4225240977860;canrel_5e84e2240847537d,False,False,False,False
e434f80b-e4d0-4b09-9471-d84532659de5,e434f80b-e4d0-4b09-9471-d84532659de5:conservative_risk_analyst:risk_debate_state.conservative_history:claim:40,conservative_risk_analyst,,39,"But I oppose the aggressive, immediate accumulation strategy.",unknown,0.25,"But I oppose the aggressive, immediate accumulation strategy.",analytical,neutral_or_unknown,True,,SUBSTANTIVE,NONE,dupgroup_080f1eeb9d42,,,canrel_31d26c26a7b08ebd;canrel_81f4225240977860;canrel_5e84e2240847537d,False,False,False,False
e434f80b-e4d0-4b09-9471-d84532659de5,e434f80b-e4d0-4b09-9471-d84532659de5:conservative_risk_analyst:risk_debate_state.conservative_history:claim:41,conservative_risk_analyst,,40,"The trader's plan to build in tranches is correct, but the entry price of $193 is too high and the stop-loss at $189 is too tight.",unknown,0.75,"The trader's plan to build in tranches is correct, but the entry price of $193 is too high and the stop-loss at $189 is too tight.",analytical,neutral_or_unknown,True,,SUBSTANTIVE,NONE,dupgroup_7c71c45871fc,,,canrel_31d26c26a7b08ebd;canrel_81f4225240977860;canrel_5e84e2240847537d,False,False,False,False
e434f80b-e4d0-4b09-9471-d84532659de5,e434f80b-e4d0-4b09-9471-d84532659de5:conservative_risk_analyst:risk_debate_state.conservative_history:claim:43,conservative_risk_analyst,,42,Do Not Initiate at $193.,neutral,0.6,Do Not Initiate at $193.,context_only,neutral_or_unknown,False,context_only_default_hidden,CONTEXT_ONLY,NONE,dupgroup_70f20e1cac5b,,,canrel_31d26c26a7b08ebd;canrel_81f4225240977860;canrel_5e84e2240847537d,False,False,False,False
e434f80b-e4d0-4b09-9471-d84532659de5,e434f80b-e4d0-4b09-9471-d84532659de5:conservative_risk_analyst:risk_debate_state.conservative_history:claim:44,conservative_risk_analyst,,43,"The stock is at $195.04, pressing against the lower Bollinger Band.",unknown,0.6,"The stock is at $195.04, pressing against the lower Bollinger Band.",analytical,neutral_or_unknown,True,,SUBSTANTIVE,NONE,dupgroup_38bb4141a5d7,,,canrel_31d26c26a7b08ebd;canrel_81f4225240977860;canrel_5e84e2240847537d,False,False,False,False
e434f80b-e4d0-4b09-9471-d84532659de5,e434f80b-e4d0-4b09-9471-d84532659de5:conservative_risk_analyst:risk_debate_state.conservative_history:claim:45,conservative_risk_analyst,,44,The 200-day SMA is at $192.86.,unknown,0.6,The 200-day SMA is at $192.86.,context_only,neutral_or_unknown,False,context_only_default_hidden,CONTEXT_ONLY,NONE,dupgroup_9c15b70b6ce4,,,canrel_31d26c26a7b08ebd;canrel_81f4225240977860;canrel_5e84e2240847537d,False,False,False,False
e434f80b-e4d0-4b09-9471-d84532659de5,e434f80b-e4d0-4b09-9471-d84532659de5:conservative_risk_analyst:risk_debate_state.conservative_history:claim:46,conservative_risk_analyst,,45,We should wait for a decisive test of the $189-$190 support zone.,neutral,0.6,We should wait for a decisive test of the $189-$190 support zone.,analytical,neutral_or_unknown,True,,SUBSTANTIVE,NONE,dupgroup_fac2aeae4699,,,canrel_31d26c26a7b08ebd;canrel_81f4225240977860;canrel_5e84e2240847537d,False,False,False,False
e434f80b-e4d0-4b09-9471-d84532659de5,e434f80b-e4d0-4b09-9471-d84532659de5:conservative_risk_analyst:risk_debate_state.conservative_history:claim:47,conservative_risk_analyst,,46,"If it holds, we initiate a small position.",neutral,0.25,"If it holds, we initiate a small position.",analytical,neutral_or_unknown,True,,SUBSTANTIVE,NONE,dupgroup_9bdd0bdb8d05,,,canrel_31d26c26a7b08ebd;canrel_81f4225240977860;canrel_5e84e2240847537d,False,False,False,False
e434f80b-e4d0-4b09-9471-d84532659de5,e434f80b-e4d0-4b09-9471-d84532659de5:conservative_risk_analyst:risk_debate_state.conservative_history:claim:48,conservative_risk_analyst,,47,"If it breaks, we stand aside and wait for stabilization at a lower level.",neutral,0.25,"If it breaks, we stand aside and wait for stabilization at a lower level.",analytical,neutral_or_unknown,True,,SUBSTANTIVE,NONE,dupgroup_21e54e4ab11e,,,canrel_31d26c26a7b08ebd;canrel_81f4225240977860;canrel_5e84e2240847537d,False,False,False,False
e434f80b-e4d0-4b09-9471-d84532659de5,e434f80b-e4d0-4b09-9471-d84532659de5:conservative_risk_analyst:risk_debate_state.conservative_history:claim:49,conservative_risk_analyst,,48,"A stop at $189 is only $4 below the entry, which is less than 1x ATR.",unknown,0.6,"A stop at $189 is only $4 below the entry, which is less than 1x ATR.",context_only,neutral_or_unknown,False,context_only_default_hidden,CONTEXT_ONLY,NONE,dupgroup_c58094f5d10f,,,canrel_31d26c26a7b08ebd;canrel_81f4225240977860;canrel_5e84e2240847537d,False,False,False,False
e434f80b-e4d0-4b09-9471-d84532659de5,e434f80b-e4d0-4b09-9471-d84532659de5:conservative_risk_analyst:risk_debate_state.conservative_history:claim:50,conservative_risk_analyst,,49,This is too tight for a stock with a beta of 2.21.,unknown,0.4,This is too tight for a stock with a beta of 2.21.,context_only,neutral_or_unknown,False,context_only_default_hidden,CONTEXT_ONLY,NONE,dupgroup_bcad124f67d5,,,canrel_31d26c26a7b08ebd;canrel_81f4225240977860;canrel_5e84e2240847537d,False,False,False,False
e434f80b-e4d0-4b09-9471-d84532659de5,e434f80b-e4d0-4b09-9471-d84532659de5:conservative_risk_analyst:risk_debate_state.conservative_history:claim:51,conservative_risk_analyst,,50,"A normal daily fluctuation will trigger it, locking in a loss and forcing a re-entry at a worse price.",unknown,0.4,"A normal daily fluctuation will trigger it, locking in a loss and forcing a re-entry at a worse price.",analytical,neutral_or_unknown,True,,SUBSTANTIVE,NONE,dupgroup_e0d50a77d0e6,,,canrel_31d26c26a7b08ebd;canrel_81f4225240977860;canrel_5e84e2240847537d,False,False,False,False
e434f80b-e4d0-4b09-9471-d84532659de5,e434f80b-e4d0-4b09-9471-d84532659de5:conservative_risk_analyst:risk_debate_state.conservative_history:claim:52,conservative_risk_analyst,,51,"I recommend a stop at $180, which is below the psychological level and near the 2x ATR level.",unknown,0.75,"I recommend a stop at $180, which is below the psychological level and near the 2x ATR level.",context_only,neutral_or_unknown,False,context_only_default_hidden,CONTEXT_ONLY,NONE,dupgroup_a1222d5eae05,,,canrel_31d26c26a7b08ebd;canrel_81f4225240977860;canrel_5e84e2240847537d,False,False,False,False
e434f80b-e4d0-4b09-9471-d84532659de5,e434f80b-e4d0-4b09-9471-d84532659de5:conservative_risk_analyst:risk_debate_state.conservative_history:claim:53,conservative_risk_analyst,,52,This gives the position room to breathe while still capping downside risk.,negative,0.25,This gives the position room to breathe while still capping downside risk.,analytical,negative,True,,SUBSTANTIVE,NONE,dupgroup_e399cb61d906,,A304,canrel_31d26c26a7b08ebd;canrel_81f4225240977860;canrel_5e84e2240847537d,True,True,False,False
e434f80b-e4d0-4b09-9471-d84532659de5,e434f80b-e4d0-4b09-9471-d84532659de5:conservative_risk_analyst:risk_debate_state.conservative_history:claim:54,conservative_risk_analyst,,53,Reduce Initial Position Size.,unknown,0.25,Reduce Initial Position Size.,analytical,neutral_or_unknown,True,,SUBSTANTIVE,NONE,dupgroup_d734ace2d5dd,,,canrel_31d26c26a7b08ebd;canrel_81f4225240977860;canrel_5e84e2240847537d,False,False,False,False
e434f80b-e4d0-4b09-9471-d84532659de5,e434f80b-e4d0-4b09-9471-d84532659de5:conservative_risk_analyst:risk_debate_state.conservative_history:claim:55,conservative_risk_analyst,,54,The plan calls for building toward an overweight.,unknown,0.25,The plan calls for building toward an overweight.,analytical,neutral_or_unknown,True,,SUBSTANTIVE,NONE,dupgroup_dd70ae62e1ab,,,canrel_31d26c26a7b08ebd;canrel_81f4225240977860;canrel_5e84e2240847537d,False,False,False,False
e434f80b-e4d0-4b09-9471-d84532659de5,e434f80b-e4d0-4b09-9471-d84532659de5:conservative_risk_analyst:risk_debate_state.conservative_history:claim:56,conservative_risk_analyst,,55,I recommend we cap the initial tranche at 50% of the target overweight size.,unknown,0.6,I recommend we cap the initial tranche at 50% of the target overweight size.,analytical,neutral_or_unknown,True,,SUBSTANTIVE,NONE,dupgroup_895f37b5de8f,,,canrel_31d26c26a7b08ebd;canrel_81f4225240977860;canrel_5e84e2240847537d,False,False,False,False
e434f80b-e4d0-4b09-9471-d84532659de5,e434f80b-e4d0-4b09-9471-d84532659de5:conservative_risk_analyst:risk_debate_state.conservative_history:claim:57,conservative_risk_analyst,,56,This limits our exposure to a potential breakdown below the 200-day SMA.,unknown,0.4,This limits our exposure to a potential breakdown below the 200-day SMA.,analytical,neutral_or_unknown,True,,SUBSTANTIVE,NONE,dupgroup_cd871acac151,,,canrel_31d26c26a7b08ebd;canrel_81f4225240977860;canrel_5e84e2240847537d,False,False,False,False
e434f80b-e4d0-4b09-9471-d84532659de5,e434f80b-e4d0-4b09-9471-d84532659de5:conservative_risk_analyst:risk_debate_state.conservative_history:claim:58,conservative_risk_analyst,,57,"We can add to the position only after we see a confirmed reversal signal: a bullish MACD crossover, an RSI reclaim of 50, and a daily close above the 10-day EMA at $200.",positive,0.85,"We can add to the position only after we see a confirmed reversal signal: a bullish MACD crossover, an RSI reclaim of 50, and a daily close above the 10-day EMA at $200.",analytical,positive,True,,SUBSTANTIVE,NONE,dupgroup_9db3a5c06e77,,,canrel_31d26c26a7b08ebd;canrel_81f4225240977860;canrel_5e84e2240847537d,False,False,False,False
e434f80b-e4d0-4b09-9471-d84532659de5,e434f80b-e4d0-4b09-9471-d84532659de5:conservative_risk_analyst:risk_debate_state.conservative_history:claim:59,conservative_risk_analyst,,58,Acknowledge the Macro Overhang.,unknown,0.25,Acknowledge the Macro Overhang.,context_only,neutral_or_unknown,False,context_only_default_hidden,CONTEXT_ONLY,NONE,dupgroup_2d27d16ffe6d,,,canrel_31d26c26a7b08ebd;canrel_81f4225240977860;canrel_5e84e2240847537d,False,False,False,False
e434f80b-e4d0-4b09-9471-d84532659de5,e434f80b-e4d0-4b09-9471-d84532659de5:conservative_risk_analyst:risk_debate_state.conservative_history:claim:60,conservative_risk_analyst,,59,The 89% probability of no rate cuts and the rising AI bubble risk are not factors to be dismissed.,neutral,0.75,The 89% probability of no rate cuts and the rising AI bubble risk are not factors to be dismissed.,analytical,neutral_or_unknown,True,,SUBSTANTIVE,NONE,dupgroup_f3535340bead,,,canrel_31d26c26a7b08ebd;canrel_81f4225240977860;canrel_5e84e2240847537d,False,False,False,False
e434f80b-e4d0-4b09-9471-d84532659de5,e434f80b-e4d0-4b09-9471-d84532659de5:conservative_risk_analyst:risk_debate_state.conservative_history:claim:61,conservative_risk_analyst,,60,They are reasons to be more conservative with position sizing and to demand a greater margin of safety in our entry price.,unknown,0.4,They are reasons to be more conservative with position sizing and to demand a greater margin of safety in our entry price.,context_only,neutral_or_unknown,False,context_only_default_hidden,CONTEXT_ONLY,NONE,dupgroup_dc7ada312687,,,canrel_31d26c26a7b08ebd;canrel_81f4225240977860;canrel_5e84e2240847537d,False,False,False,False
e434f80b-e4d0-4b09-9471-d84532659de5,e434f80b-e4d0-4b09-9471-d84532659de5:conservative_risk_analyst:risk_debate_state.conservative_history:claim:62,conservative_risk_analyst,,61,The aggressive analyst is right that the long-term story is intact.,unknown,0.25,The aggressive analyst is right that the long-term story is intact.,context_only,neutral_or_unknown,False,context_only_default_hidden,CONTEXT_ONLY,NONE,dupgroup_6ab5b1d2ae76,,,canrel_31d26c26a7b08ebd;canrel_81f4225240977860;canrel_5e84e2240847537d,False,False,False,False
e434f80b-e4d0-4b09-9471-d84532659de5,e434f80b-e4d0-4b09-9471-d84532659de5:conservative_risk_analyst:risk_debate_state.conservative_history:claim:63,conservative_risk_analyst,,62,But our mandate is not to maximize returns; it is to protect capital while achieving steady growth.,neutral,0.4,But our mandate is not to maximize returns; it is to protect capital while achieving steady growth.,analytical,neutral_or_unknown,True,,SUBSTANTIVE,NONE,dupgroup_c07547f7f438,,,canrel_31d26c26a7b08ebd;canrel_81f4225240977860;canrel_5e84e2240847537d,False,False,False,False
e434f80b-e4d0-4b09-9471-d84532659de5,e434f80b-e4d0-4b09-9471-d84532659de5:conservative_risk_analyst:risk_debate_state.conservative_history:claim:64,conservative_risk_analyst,,63,"A 50% drawdown in NVDA would be a catastrophic failure of risk management, regardless of the long-term thesis.",negative,0.75,"A 50% drawdown in NVDA would be a catastrophic failure of risk management, regardless of the long-term thesis.",analytical,negative,True,,SUBSTANTIVE,NONE,dupgroup_7fd5b7033dde,,,canrel_31d26c26a7b08ebd;canrel_81f4225240977860;canrel_5e84e2240847537d,False,False,False,False
e434f80b-e4d0-4b09-9471-d84532659de5,e434f80b-e4d0-4b09-9471-d84532659de5:conservative_risk_analyst:risk_debate_state.conservative_history:claim:65,conservative_risk_analyst,,64,"We can achieve the upside with a disciplined, patient approach that prioritizes capital preservation.",positive,0.4,"We can achieve the upside with a disciplined, patient approach that prioritizes capital preservation.",analytical,positive,True,,SUBSTANTIVE,NONE,dupgroup_76c7cf9da14a,,,canrel_31d26c26a7b08ebd;canrel_81f4225240977860;canrel_5e84e2240847537d,False,False,False,False
e434f80b-e4d0-4b09-9471-d84532659de5,e434f80b-e4d0-4b09-9471-d84532659de5:conservative_risk_analyst:risk_debate_state.conservative_history:claim:66,conservative_risk_analyst,,65,The risk is not in being underweight; the risk is in being overexposed to a high-beta stock during a period of technical weakness and macro uncertainty.,neutral,0.4,The risk is not in being underweight; the risk is in being overexposed to a high-beta stock during a period of technical weakness and macro uncertainty.,analytical,neutral_or_unknown,True,,SUBSTANTIVE,NONE,dupgroup_6c07387b3608,,,canrel_31d26c26a7b08ebd;canrel_81f4225240977860;canrel_5e84e2240847537d,False,False,False,False
e434f80b-e4d0-4b09-9471-d84532659de5,e434f80b-e4d0-4b09-9471-d84532659de5:conservative_risk_analyst:risk_debate_state.conservative_history:claim:67,conservative_risk_analyst,,66,"I am a buyer, but only at the right price, with the right position size, and with a stop-loss that reflects the true volatility of this asset.",positive,0.4,"I am a buyer, but only at the right price, with the right position size, and with a stop-loss that reflects the true volatility of this asset.",analytical,positive,True,,SUBSTANTIVE,NONE,dupgroup_4c9a07bc6d87,,,canrel_31d26c26a7b08ebd;canrel_81f4225240977860;canrel_5e84e2240847537d,False,False,False,False
e434f80b-e4d0-4b09-9471-d84532659de5,e434f80b-e4d0-4b09-9471-d84532659de5:neutral_risk_analyst:risk_debate_state.neutral_history:claim:1,neutral_risk_analyst,,0,"Neutral Analyst: As the Neutral Risk Analyst, I appreciate the passion from both sides of this table, but I believe both the Aggressive and Conservative perspectives, while internally logical, are anchored to extremes that fail to account for the full complexity of the current NVDA setup.",neutral,0.5,"Neutral Analyst: As the Neutral Risk Analyst, I appreciate the passion from both sides of this table, but I believe both the Aggressive and Conservative perspectives, while internally logical, are anchored to extremes that fail to account for the full complexity of the current NVDA setup.",analytical,neutral_or_unknown,True,,SUBSTANTIVE,NONE,dupgroup_2d9e0a9fc542,,,canrel_e5c437f73f209ac8;canrel_94c8bdccde53ee3c;canrel_8b2cac780b3274e6,False,False,False,False
e434f80b-e4d0-4b09-9471-d84532659de5,e434f80b-e4d0-4b09-9471-d84532659de5:neutral_risk_analyst:risk_debate_state.neutral_history:claim:2,neutral_risk_analyst,,1,"My role is to find the sustainable path through the middle, and I believe the trader's original plan, with minor refinements, is that path.",unknown,0.4,"My role is to find the sustainable path through the middle, and I believe the trader's original plan, with minor refinements, is that path.",context_only,neutral_or_unknown,False,context_only_default_hidden,CONTEXT_ONLY,NONE,dupgroup_4dddc6f95c33,,,canrel_e5c437f73f209ac8;canrel_94c8bdccde53ee3c;canrel_8b2cac780b3274e6,False,False,False,False
e434f80b-e4d0-4b09-9471-d84532659de5,e434f80b-e4d0-4b09-9471-d84532659de5:neutral_risk_analyst:risk_debate_state.neutral_history:claim:3,neutral_risk_analyst,,2,The core thesis is undeniably strong: the fundamental data is exceptional.,positive,0.55,The core thesis is undeniably strong: the fundamental data is exceptional.,analytical,positive,True,,SUBSTANTIVE,NONE,dupgroup_e1a5065265c3,,,canrel_e5c437f73f209ac8;canrel_94c8bdccde53ee3c;canrel_8b2cac780b3274e6,False,False,False,False
e434f80b-e4d0-4b09-9471-d84532659de5,e434f80b-e4d0-4b09-9471-d84532659de5:neutral_risk_analyst:risk_debate_state.neutral_history:claim:4,neutral_risk_analyst,,3,"Revenue growth of 85% YoY, a forward PE of 15, and a PEG of 0.52 are not numbers to be dismissed.",neutral,0.75,"Revenue growth of 85% YoY, a forward PE of 15, and a PEG of 0.52 are not numbers to be dismissed.",analytical,neutral_or_unknown,True,,SUBSTANTIVE,NONE,dupgroup_f15df595aa43,Revenue Growth,,canrel_e5c437f73f209ac8;canrel_94c8bdccde53ee3c;canrel_8b2cac780b3274e6,False,False,False,False
e434f80b-e4d0-4b09-9471-d84532659de5,e434f80b-e4d0-4b09-9471-d84532659de5:neutral_risk_analyst:risk_debate_state.neutral_history:claim:5,neutral_risk_analyst,,4,"However, the aggressive stance makes a critical error in dismissing the technical picture as ""noise."" The technicals are not a five-day snapshot; they are the market's current clearing price for risk.",neutral,0.4,"However, the aggressive stance makes a critical error in dismissing the technical picture as ""noise."" The technicals are not a five-day snapshot; they are the market's current clearing price for risk.",analytical,neutral_or_unknown,True,,SUBSTANTIVE,NONE,dupgroup_4b6ba650f488,,,canrel_e5c437f73f209ac8;canrel_94c8bdccde53ee3c;canrel_8b2cac780b3274e6,False,False,False,False
e434f80b-e4d0-4b09-9471-d84532659de5,e434f80b-e4d0-4b09-9471-d84532659de5:neutral_risk_analyst:risk_debate_state.neutral_history:claim:6,neutral_risk_analyst,,5,"The MACD histogram is expanding negatively, and the price is below the VWMA, which signals that institutional money is currently distributing, not accumulating.",neutral,0.4,"The MACD histogram is expanding negatively, and the price is below the VWMA, which signals that institutional money is currently distributing, not accumulating.",analytical,neutral_or_unknown,True,,SUBSTANTIVE,NONE,dupgroup_16f48bd7a221,,,canrel_e5c437f73f209ac8;canrel_94c8bdccde53ee3c;canrel_8b2cac780b3274e6,False,False,False,False
e434f80b-e4d0-4b09-9471-d84532659de5,e434f80b-e4d0-4b09-9471-d84532659de5:neutral_risk_analyst:risk_debate_state.neutral_history:claim:7,neutral_risk_analyst,,6,"To ignore this and advocate for aggressive, immediate accumulation is to fight the tape.",unknown,0.4,"To ignore this and advocate for aggressive, immediate accumulation is to fight the tape.",context_only,neutral_or_unknown,False,context_only_default_hidden,CONTEXT_ONLY,NONE,dupgroup_ccac6ede06b4,,,canrel_e5c437f73f209ac8;canrel_94c8bdccde53ee3c;canrel_8b2cac780b3274e6,False,False,False,False
e434f80b-e4d0-4b09-9471-d84532659de5,e434f80b-e4d0-4b09-9471-d84532659de5:neutral_risk_analyst:risk_debate_state.neutral_history:claim:8,neutral_risk_analyst,,7,"The aggressive analyst also conveniently frames the ""no rate cuts"" narrative as a sign of strength, but this ignores the direct mathematical impact on a high-beta, high-multiple stock.",unknown,0.4,"The aggressive analyst also conveniently frames the ""no rate cuts"" narrative as a sign of strength, but this ignores the direct mathematical impact on a high-beta, high-multiple stock.",analytical,neutral_or_unknown,True,,SUBSTANTIVE,NONE,dupgroup_5026f0e8d6c7,,,canrel_e5c437f73f209ac8;canrel_94c8bdccde53ee3c;canrel_8b2cac780b3274e6,False,False,False,False
e434f80b-e4d0-4b09-9471-d84532659de5,e434f80b-e4d0-4b09-9471-d84532659de5:neutral_risk_analyst:risk_debate_state.neutral_history:claim:9,neutral_risk_analyst,,8,"A higher discount rate directly pressures the valuation multiple, which is a headwind, not a tailwind.",negative,0.4,"A higher discount rate directly pressures the valuation multiple, which is a headwind, not a tailwind.",analytical,negative,True,,SUBSTANTIVE,NONE,dupgroup_d24a2b0c556b,,A001,canrel_e5c437f73f209ac8;canrel_94c8bdccde53ee3c;canrel_8b2cac780b3274e6,True,True,False,False
e434f80b-e4d0-4b09-9471-d84532659de5,e434f80b-e4d0-4b09-9471-d84532659de5:neutral_risk_analyst:risk_debate_state.neutral_history:claim:10,neutral_risk_analyst,,9,"The aggressive stance is essentially a leveraged bet on a single narrative, and while the odds may be favorable, the potential downside in a risk-off event is a 40-50% drawdown, which is a portfolio-level catastrophe, not a mere fluctuation.",neutral,0.75,"The aggressive stance is essentially a leveraged bet on a single narrative, and while the odds may be favorable, the potential downside in a risk-off event is a 40-50% drawdown, which is a portfolio-level catastrophe, not a mere fluctuation.",analytical,neutral_or_unknown,True,,SUBSTANTIVE,NONE,dupgroup_8a87d2a4ea49,,,canrel_e5c437f73f209ac8;canrel_94c8bdccde53ee3c;canrel_8b2cac780b3274e6,False,False,False,False
e434f80b-e4d0-4b09-9471-d84532659de5,e434f80b-e4d0-4b09-9471-d84532659de5:neutral_risk_analyst:risk_debate_state.neutral_history:claim:11,neutral_risk_analyst,,10,"On the other side, the Conservative Analyst makes a valid point about the tight stop-loss and the need for confirmation, but the proposed adjustments are overly restrictive and risk paralysis.",negative,0.4,"On the other side, the Conservative Analyst makes a valid point about the tight stop-loss and the need for confirmation, but the proposed adjustments are overly restrictive and risk paralysis.",analytical,negative,True,,SUBSTANTIVE,NONE,dupgroup_520c2dd00248,,,canrel_e5c437f73f209ac8;canrel_94c8bdccde53ee3c;canrel_8b2cac780b3274e6,False,False,False,False
e434f80b-e4d0-4b09-9471-d84532659de5,e434f80b-e4d0-4b09-9471-d84532659de5:neutral_risk_analyst:risk_debate_state.neutral_history:claim:12,neutral_risk_analyst,,11,"Waiting for a ""decisive test"" of the $189-190 zone is a reasonable idea, but the recommendation to widen the stop to $180 is problematic.",neutral,0.75,"Waiting for a ""decisive test"" of the $189-190 zone is a reasonable idea, but the recommendation to widen the stop to $180 is problematic.",analytical,neutral_or_unknown,True,,SUBSTANTIVE,NONE,dupgroup_5ebfe9a2e9bf,,,canrel_e5c437f73f209ac8;canrel_94c8bdccde53ee3c;canrel_8b2cac780b3274e6,False,False,False,False
e434f80b-e4d0-4b09-9471-d84532659de5,e434f80b-e4d0-4b09-9471-d84532659de5:neutral_risk_analyst:risk_debate_state.neutral_history:claim:13,neutral_risk_analyst,,12,A stop at $180 is nearly 8% below the current price and well below the 200-day SMA.,unknown,0.75,A stop at $180 is nearly 8% below the current price and well below the 200-day SMA.,context_only,neutral_or_unknown,False,context_only_default_hidden,CONTEXT_ONLY,NONE,dupgroup_455f296b999c,,,canrel_e5c437f73f209ac8;canrel_94c8bdccde53ee3c;canrel_8b2cac780b3274e6,False,False,False,False
e434f80b-e4d0-4b09-9471-d84532659de5,e434f80b-e4d0-4b09-9471-d84532659de5:neutral_risk_analyst:risk_debate_state.neutral_history:claim:14,neutral_risk_analyst,,13,This is not a risk-management tool; it's an admission that the entry thesis is uncertain.,neutral,0.4,This is not a risk-management tool; it's an admission that the entry thesis is uncertain.,analytical,neutral_or_unknown,True,,SUBSTANTIVE,NONE,dupgroup_a01ef853252c,,,canrel_e5c437f73f209ac8;canrel_94c8bdccde53ee3c;canrel_8b2cac780b3274e6,False,False,False,False
e434f80b-e4d0-4b09-9471-d84532659de5,e434f80b-e4d0-4b09-9471-d84532659de5:neutral_risk_analyst:risk_debate_state.neutral_history:claim:15,neutral_risk_analyst,,14,"If we are not confident enough in the $189-193 support zone to place a stop just below it, we should not be initiating the position at all.",neutral,0.75,"If we are not confident enough in the $189-193 support zone to place a stop just below it, we should not be initiating the position at all.",analytical,neutral_or_unknown,True,,SUBSTANTIVE,NONE,dupgroup_cc2973f65233,,,canrel_e5c437f73f209ac8;canrel_94c8bdccde53ee3c;canrel_8b2cac780b3274e6,False,False,False,False
e434f80b-e4d0-4b09-9471-d84532659de5,e434f80b-e4d0-4b09-9471-d84532659de5:neutral_risk_analyst:risk_debate_state.neutral_history:claim:16,neutral_risk_analyst,,15,"Furthermore, the conservative demand for a ""confirmed reversal signal"" (bullish MACD crossover, RSI reclaim of 50, and a close above the 10 EMA) before adding to the position is a recipe for buying high.",positive,0.65,"Furthermore, the conservative demand for a ""confirmed reversal signal"" (bullish MACD crossover, RSI reclaim of 50, and a close above the 10 EMA) before adding to the position is a recipe for buying high.",analytical,positive,True,,SUBSTANTIVE,NONE,dupgroup_d6b3d4c8e7a4,,,canrel_e5c437f73f209ac8;canrel_94c8bdccde53ee3c;canrel_8b2cac780b3274e6,False,False,False,False
e434f80b-e4d0-4b09-9471-d84532659de5,e434f80b-e4d0-4b09-9471-d84532659de5:neutral_risk_analyst:risk_debate_state.neutral_history:claim:17,neutral_risk_analyst,,16,"By the time all three of those signals are present, the stock will likely have already rallied significantly from the lows, reducing the risk-reward ratio of the trade.",negative,0.4,"By the time all three of those signals are present, the stock will likely have already rallied significantly from the lows, reducing the risk-reward ratio of the trade.",analytical,negative,True,,SUBSTANTIVE,NONE,dupgroup_dbd5c19dda92,,,canrel_e5c437f73f209ac8;canrel_94c8bdccde53ee3c;canrel_8b2cac780b3274e6,False,False,False,False
e434f80b-e4d0-4b09-9471-d84532659de5,e434f80b-e4d0-4b09-9471-d84532659de5:neutral_risk_analyst:risk_debate_state.neutral_history:claim:18,neutral_risk_analyst,,17,"The conservative approach, while prudent in its capital preservation, sacrifices too much upside potential and may result in missing the move entirely.",positive,0.4,"The conservative approach, while prudent in its capital preservation, sacrifices too much upside potential and may result in missing the move entirely.",analytical,positive,True,,SUBSTANTIVE,NONE,dupgroup_363a9087d3e6,,,canrel_e5c437f73f209ac8;canrel_94c8bdccde53ee3c;canrel_8b2cac780b3274e6,False,False,False,False
e434f80b-e4d0-4b09-9471-d84532659de5,e434f80b-e4d0-4b09-9471-d84532659de5:neutral_risk_analyst:risk_debate_state.neutral_history:claim:19,neutral_risk_analyst,,18,The balanced path forward acknowledges the validity of both perspectives.,neutral,0.25,The balanced path forward acknowledges the validity of both perspectives.,context_only,neutral_or_unknown,False,context_only_default_hidden,CONTEXT_ONLY,NONE,dupgroup_0fab5ab6865b,,,canrel_e5c437f73f209ac8;canrel_94c8bdccde53ee3c;canrel_8b2cac780b3274e6,False,False,False,False
e434f80b-e4d0-4b09-9471-d84532659de5,e434f80b-e4d0-4b09-9471-d84532659de5:neutral_risk_analyst:risk_debate_state.neutral_history:claim:20,neutral_risk_analyst,,19,The Aggressive analyst is right about the long-term fundamental strength; the Conservative analyst is right about the immediate technical and macro headwinds.,unknown,0.4,The Aggressive analyst is right about the long-term fundamental strength; the Conservative analyst is right about the immediate technical and macro headwinds.,analytical,neutral_or_unknown,True,,SUBSTANTIVE,NONE,dupgroup_5a192c8cf916,,,canrel_e5c437f73f209ac8;canrel_94c8bdccde53ee3c;canrel_8b2cac780b3274e6,False,False,False,False
e434f80b-e4d0-4b09-9471-d84532659de5,e434f80b-e4d0-4b09-9471-d84532659de5:neutral_risk_analyst:risk_debate_state.neutral_history:claim:21,neutral_risk_analyst,,20,The trader's plan to build the position in tranches is the correct synthesis of these views.,unknown,0.4,The trader's plan to build the position in tranches is the correct synthesis of these views.,context_only,neutral_or_unknown,False,context_only_default_hidden,CONTEXT_ONLY,NONE,dupgroup_82a24e8c0bc9,,,canrel_e5c437f73f209ac8;canrel_94c8bdccde53ee3c;canrel_8b2cac780b3274e6,False,False,False,False
e434f80b-e4d0-4b09-9471-d84532659de5,e434f80b-e4d0-4b09-9471-d84532659de5:neutral_risk_analyst:risk_debate_state.neutral_history:claim:22,neutral_risk_analyst,,21,"It allows us to participate in the upside if the support holds, while limiting our exposure if it breaks.",positive,0.4,"It allows us to participate in the upside if the support holds, while limiting our exposure if it breaks.",analytical,positive,True,,SUBSTANTIVE,NONE,dupgroup_2fe53e2718bf,,,canrel_e5c437f73f209ac8;canrel_94c8bdccde53ee3c;canrel_8b2cac780b3274e6,False,False,False,False
e434f80b-e4d0-4b09-9471-d84532659de5,e434f80b-e4d0-4b09-9471-d84532659de5:neutral_risk_analyst:risk_debate_state.neutral_history:claim:23,neutral_risk_analyst,,22,"However, I would refine the plan in two key ways.",unknown,0.25,"However, I would refine the plan in two key ways.",analytical,neutral_or_unknown,True,,SUBSTANTIVE,NONE,dupgroup_09a5d1322c8d,,,canrel_e5c437f73f209ac8;canrel_94c8bdccde53ee3c;canrel_8b2cac780b3274e6,False,False,False,False
e434f80b-e4d0-4b09-9471-d84532659de5,e434f80b-e4d0-4b09-9471-d84532659de5:neutral_risk_analyst:risk_debate_state.neutral_history:claim:24,neutral_risk_analyst,,23,"First, I agree with the trader's entry strategy but would emphasize patience.",unknown,0.25,"First, I agree with the trader's entry strategy but would emphasize patience.",analytical,neutral_or_unknown,True,,SUBSTANTIVE,NONE,dupgroup_04e5b2876ad5,,,canrel_e5c437f73f209ac8;canrel_94c8bdccde53ee3c;canrel_8b2cac780b3274e6,False,False,False,False
e434f80b-e4d0-4b09-9471-d84532659de5,e434f80b-e4d0-4b09-9471-d84532659de5:neutral_risk_analyst:risk_debate_state.neutral_history:claim:25,neutral_risk_analyst,,24,The plan calls for building toward the $189-193 support zone.,unknown,0.6,The plan calls for building toward the $189-193 support zone.,analytical,neutral_or_unknown,True,,SUBSTANTIVE,NONE,dupgroup_e635199733bb,,,canrel_e5c437f73f209ac8;canrel_94c8bdccde53ee3c;canrel_8b2cac780b3274e6,False,False,False,False
e434f80b-e4d0-4b09-9471-d84532659de5,e434f80b-e4d0-4b09-9471-d84532659de5:neutral_risk_analyst:risk_debate_state.neutral_history:claim:26,neutral_risk_analyst,,25,We should not be aggressive in our first tranche.,neutral,0.25,We should not be aggressive in our first tranche.,context_only,neutral_or_unknown,False,context_only_default_hidden,CONTEXT_ONLY,NONE,dupgroup_8b149e490f23,,,canrel_e5c437f73f209ac8;canrel_94c8bdccde53ee3c;canrel_8b2cac780b3274e6,False,False,False,False
e434f80b-e4d0-4b09-9471-d84532659de5,e434f80b-e4d0-4b09-9471-d84532659de5:neutral_risk_analyst:risk_debate_state.neutral_history:claim:27,neutral_risk_analyst,,26,"The first buy should be a smaller, probing position, perhaps 25-30% of the target overweight.",positive,0.75,"The first buy should be a smaller, probing position, perhaps 25-30% of the target overweight.",analytical,positive,True,,SUBSTANTIVE,NONE,dupgroup_a6644a3f4c09,,,canrel_e5c437f73f209ac8;canrel_94c8bdccde53ee3c;canrel_8b2cac780b3274e6,False,False,False,False
e434f80b-e4d0-4b09-9471-d84532659de5,e434f80b-e4d0-4b09-9471-d84532659de5:neutral_risk_analyst:risk_debate_state.neutral_history:claim:28,neutral_risk_analyst,,27,This allows us to establish a presence without committing significant capital before the market has proven it can hold the 200-day SMA.,neutral,0.55,This allows us to establish a presence without committing significant capital before the market has proven it can hold the 200-day SMA.,context_only,neutral_or_unknown,False,context_only_default_hidden,CONTEXT_ONLY,NONE,dupgroup_1888ce848617,,,canrel_e5c437f73f209ac8;canrel_94c8bdccde53ee3c;canrel_8b2cac780b3274e6,False,False,False,False
e434f80b-e4d0-4b09-9471-d84532659de5,e434f80b-e4d0-4b09-9471-d84532659de5:neutral_risk_analyst:risk_debate_state.neutral_history:claim:29,neutral_risk_analyst,,28,"We can then add to the position as the price action confirms the support level, or if we see the first signs of momentum stabilization, such as the MACD histogram beginning to contract.",unknown,0.4,"We can then add to the position as the price action confirms the support level, or if we see the first signs of momentum stabilization, such as the MACD histogram beginning to contract.",analytical,neutral_or_unknown,True,,SUBSTANTIVE,NONE,dupgroup_532b26783da0,,,canrel_e5c437f73f209ac8;canrel_94c8bdccde53ee3c;canrel_8b2cac780b3274e6,False,False,False,False
e434f80b-e4d0-4b09-9471-d84532659de5,e434f80b-e4d0-4b09-9471-d84532659de5:neutral_risk_analyst:risk_debate_state.neutral_history:claim:30,neutral_risk_analyst,,29,"Second, I would adjust the stop-loss.",unknown,0.25,"Second, I would adjust the stop-loss.",analytical,neutral_or_unknown,True,,SUBSTANTIVE,NONE,dupgroup_9e8a0588dbfa,,,canrel_e5c437f73f209ac8;canrel_94c8bdccde53ee3c;canrel_8b2cac780b3274e6,False,False,False,False
e434f80b-e4d0-4b09-9471-d84532659de5,e434f80b-e4d0-4b09-9471-d84532659de5:neutral_risk_analyst:risk_debate_state.neutral_history:claim:31,neutral_risk_analyst,,30,"The trader's stop at $189 is too tight, as the Conservative analyst correctly points out.",unknown,0.75,"The trader's stop at $189 is too tight, as the Conservative analyst correctly points out.",context_only,neutral_or_unknown,False,context_only_default_hidden,CONTEXT_ONLY,NONE,dupgroup_25bcb6f04391,,,canrel_e5c437f73f209ac8;canrel_94c8bdccde53ee3c;canrel_8b2cac780b3274e6,False,False,False,False
e434f80b-e4d0-4b09-9471-d84532659de5,e434f80b-e4d0-4b09-9471-d84532659de5:neutral_risk_analyst:risk_debate_state.neutral_history:claim:32,neutral_risk_analyst,,31,A daily ATR of 7.5 means a normal fluctuation could easily trigger it.,unknown,0.4,A daily ATR of 7.5 means a normal fluctuation could easily trigger it.,analytical,neutral_or_unknown,True,,SUBSTANTIVE,NONE,dupgroup_bd877e67db42,,,canrel_e5c437f73f209ac8;canrel_94c8bdccde53ee3c;canrel_8b2cac780b3274e6,False,False,False,False
e434f80b-e4d0-4b09-9471-d84532659de5,e434f80b-e4d0-4b09-9471-d84532659de5:neutral_risk_analyst:risk_debate_state.neutral_history:claim:33,neutral_risk_analyst,,32,"However, the Conservative's suggestion of $180 is too wide.",unknown,0.6,"However, the Conservative's suggestion of $180 is too wide.",analytical,neutral_or_unknown,True,,SUBSTANTIVE,NONE,dupgroup_7594b20f240b,,,canrel_e5c437f73f209ac8;canrel_94c8bdccde53ee3c;canrel_8b2cac780b3274e6,False,False,False,False
e434f80b-e4d0-4b09-9471-d84532659de5,e434f80b-e4d0-4b09-9471-d84532659de5:neutral_risk_analyst:risk_debate_state.neutral_history:claim:34,neutral_risk_analyst,,33,"A more balanced approach is to place the stop just below the critical support confluence of the 200-day SMA and the lower Bollinger Band, which is around $187.",neutral,0.75,"A more balanced approach is to place the stop just below the critical support confluence of the 200-day SMA and the lower Bollinger Band, which is around $187.",analytical,neutral_or_unknown,True,,SUBSTANTIVE,NONE,dupgroup_8e3829767de0,,,canrel_e5c437f73f209ac8;canrel_94c8bdccde53ee3c;canrel_8b2cac780b3274e6,False,False,False,False
e434f80b-e4d0-4b09-9471-d84532659de5,e434f80b-e4d0-4b09-9471-d84532659de5:neutral_risk_analyst:risk_debate_state.neutral_history:claim:35,neutral_risk_analyst,,34,"This gives the position enough room to breathe within the current volatility regime, while still providing a clear, technical invalidation point that limits our downside to a manageable level.",negative,0.4,"This gives the position enough room to breathe within the current volatility regime, while still providing a clear, technical invalidation point that limits our downside to a manageable level.",analytical,negative,True,,SUBSTANTIVE,NONE,dupgroup_81d8181f7314,,,canrel_e5c437f73f209ac8;canrel_94c8bdccde53ee3c;canrel_8b2cac780b3274e6,False,False,False,False
e434f80b-e4d0-4b09-9471-d84532659de5,e434f80b-e4d0-4b09-9471-d84532659de5:neutral_risk_analyst:risk_debate_state.neutral_history:claim:36,neutral_risk_analyst,,35,"This stop is based on a structural level, not a psychological one, and it aligns with the risk management principle of ""if the thesis is broken, get out.""",neutral,0.4,"This stop is based on a structural level, not a psychological one, and it aligns with the risk management principle of ""if the thesis is broken, get out.""",analytical,neutral_or_unknown,True,,SUBSTANTIVE,NONE,dupgroup_4ca3ab0c25e8,,,canrel_e5c437f73f209ac8;canrel_94c8bdccde53ee3c;canrel_8b2cac780b3274e6,False,False,False,False
e434f80b-e4d0-4b09-9471-d84532659de5,e434f80b-e4d0-4b09-9471-d84532659de5:neutral_risk_analyst:risk_debate_state.neutral_history:claim:37,neutral_risk_analyst,,36,"In summary, the Aggressive analyst is correct on the ""what"" (the long-term opportunity is real), and the Conservative analyst is correct on the ""when"" (the immediate timing is poor).",unknown,0.4,"In summary, the Aggressive analyst is correct on the ""what"" (the long-term opportunity is real), and the Conservative analyst is correct on the ""when"" (the immediate timing is poor).",context_only,neutral_or_unknown,False,context_only_default_hidden,CONTEXT_ONLY,NONE,dupgroup_23e14deb8660,,,canrel_e5c437f73f209ac8;canrel_94c8bdccde53ee3c;canrel_8b2cac780b3274e6,False,False,False,False
e434f80b-e4d0-4b09-9471-d84532659de5,e434f80b-e4d0-4b09-9471-d84532659de5:neutral_risk_analyst:risk_debate_state.neutral_history:claim:38,neutral_risk_analyst,,37,"The trader's plan correctly identifies the ""how"" (tranche-based accumulation).",unknown,0.25,"The trader's plan correctly identifies the ""how"" (tranche-based accumulation).",context_only,neutral_or_unknown,False,context_only_default_hidden,CONTEXT_ONLY,NONE,dupgroup_a0a3f382cbb4,,,canrel_e5c437f73f209ac8;canrel_94c8bdccde53ee3c;canrel_8b2cac780b3274e6,False,False,False,False
e434f80b-e4d0-4b09-9471-d84532659de5,e434f80b-e4d0-4b09-9471-d84532659de5:neutral_risk_analyst:risk_debate_state.neutral_history:claim:39,neutral_risk_analyst,,38,"My recommendation is to execute this plan with discipline: start with a smaller initial tranche, be patient in adding to it, and use a stop-loss that is technically justified rather than arbitrarily tight or wide.",unknown,0.4,"My recommendation is to execute this plan with discipline: start with a smaller initial tranche, be patient in adding to it, and use a stop-loss that is technically justified rather than arbitrarily tight or wide.",analytical,neutral_or_unknown,True,,SUBSTANTIVE,NONE,dupgroup_2532b6edf704,,,canrel_e5c437f73f209ac8;canrel_94c8bdccde53ee3c;canrel_8b2cac780b3274e6,False,False,False,False
e434f80b-e4d0-4b09-9471-d84532659de5,e434f80b-e4d0-4b09-9471-d84532659de5:neutral_risk_analyst:risk_debate_state.neutral_history:claim:40,neutral_risk_analyst,,39,This approach captures the upside potential of the AI capex cycle while respecting the technical and macro risks that are currently in play.,neutral,0.4,This approach captures the upside potential of the AI capex cycle while respecting the technical and macro risks that are currently in play.,analytical,neutral_or_unknown,True,,SUBSTANTIVE,NONE,dupgroup_75a04b115e6b,AI CapEx,,canrel_e5c437f73f209ac8;canrel_94c8bdccde53ee3c;canrel_8b2cac780b3274e6,False,False,False,False
e434f80b-e4d0-4b09-9471-d84532659de5,e434f80b-e4d0-4b09-9471-d84532659de5:neutral_risk_analyst:risk_debate_state.neutral_history:claim:41,neutral_risk_analyst,,40,It is not about being the most aggressive or the most cautious; it is about being the most sustainable.,neutral,0.4,It is not about being the most aggressive or the most cautious; it is about being the most sustainable.,context_only,neutral_or_unknown,False,context_only_default_hidden,CONTEXT_ONLY,NONE,dupgroup_e5d673885509,,,canrel_e5c437f73f209ac8;canrel_94c8bdccde53ee3c;canrel_8b2cac780b3274e6,False,False,False,False
e434f80b-e4d0-4b09-9471-d84532659de5,e434f80b-e4d0-4b09-9471-d84532659de5:portfolio_manager:final_trade_decision:claim:1,portfolio_manager,,0,"Executive Summary: Build the NVDA position toward an overweight allocation in disciplined tranches over the next 2-4 weeks, accumulating into weakness toward the $189-193 support confluence (200-day SMA $192.86, lower Bollinger Band $189.47) rather than chasing strength above the 50-day SMA ($206.52",unknown,0.85,"Executive Summary: Build the NVDA position toward an overweight allocation in disciplined tranches over the next 2-4 weeks, accumulating into weakness toward the $189-193 support confluence (200-day SMA $192.86, lower Bollinger Band $189.47) rather than chasing strength above the 50-day SMA ($206.52",analytical,neutral_or_unknown,True,,SUBSTANTIVE,NONE,dupgroup_6d70cd2fc9ea,,,,False,False,False,False
e434f80b-e4d0-4b09-9471-d84532659de5,e434f80b-e4d0-4b09-9471-d84532659de5:portfolio_manager:final_trade_decision:claim:2,portfolio_manager,,1,"Start with a smaller probing tranche (25-30% of target) and add on confirmed support holds, with a technically justified stop just below the support confluence at $187.",neutral,0.85,"Start with a smaller probing tranche (25-30% of target) and add on confirmed support holds, with a technically justified stop just below the support confluence at $187.",analytical,neutral_or_unknown,True,,SUBSTANTIVE,NONE,dupgroup_5090dfbff6db,,,,False,False,False,False
e434f80b-e4d0-4b09-9471-d84532659de5,e434f80b-e4d0-4b09-9471-d84532659de5:portfolio_manager:final_trade_decision:claim:3,portfolio_manager,,2,Monitor the two bear-case triggers—a decisive close below the 200-day SMA and any hyperscaler capex deceleration—as pause/trim signals.,unknown,0.55,Monitor the two bear-case triggers—a decisive close below the 200-day SMA and any hyperscaler capex deceleration—as pause/trim signals.,analytical,neutral_or_unknown,True,,SUBSTANTIVE,NONE,dupgroup_d0e741869c34,AI CapEx,,,False,False,False,False
e434f80b-e4d0-4b09-9471-d84532659de5,e434f80b-e4d0-4b09-9471-d84532659de5:portfolio_manager:final_trade_decision:claim:4,portfolio_manager,,3,"Time horizon: 3-6 months, with a review gated to the next earnings catalyst.",unknown,0.4,"Time horizon: 3-6 months, with a review gated to the next earnings catalyst.",context_only,neutral_or_unknown,False,context_only_default_hidden,CONTEXT_ONLY,NONE,dupgroup_d5cc05d7ba86,,,,False,False,False,False
e434f80b-e4d0-4b09-9471-d84532659de5,e434f80b-e4d0-4b09-9471-d84532659de5:portfolio_manager:final_trade_decision:claim:5,portfolio_manager,,4,"Investment Thesis: The debate confirms NVDA sits between an exceptional fundamental engine and a fragile near-term technical/sentiment configuration, and the honest synthesis is constructive but disciplined.",unknown,0.4,"Investment Thesis: The debate confirms NVDA sits between an exceptional fundamental engine and a fragile near-term technical/sentiment configuration, and the honest synthesis is constructive but disciplined.",analytical,neutral_or_unknown,True,,SUBSTANTIVE,NONE,dupgroup_7aea3424de27,,,,False,False,False,False
e434f80b-e4d0-4b09-9471-d84532659de5,e434f80b-e4d0-4b09-9471-d84532659de5:portfolio_manager:final_trade_decision:claim:6,portfolio_manager,,5,"The bull case is anchored in unassailable current data: $81.62B quarterly revenue (+85% YoY), 75% gross margins, 65.6% operating margins, a forward PE of 15x with a PEG of 0.52, $48.59B quarterly FCF, and a $68B net cash position.",unknown,0.75,"The bull case is anchored in unassailable current data: $81.62B quarterly revenue (+85% YoY), 75% gross margins, 65.6% operating margins, a forward PE of 15x with a PEG of 0.52, $48.59B quarterly FCF, and a $68B net cash position.",context_only,neutral_or_unknown,False,context_only_default_hidden,CONTEXT_ONLY,NONE,dupgroup_36f587ce7b76,,,,False,False,False,False
e434f80b-e4d0-4b09-9471-d84532659de5,e434f80b-e4d0-4b09-9471-d84532659de5:portfolio_manager:final_trade_decision:claim:7,portfolio_manager,,6,"The forward valuation is genuinely reasonable for the growth on offer, and the demand engine is real—hyperscalers are committing record sums (Microsoft's $41B with accelerating Azure growth) to AI infrastructure, validating the ROI in real time.",positive,0.75,"The forward valuation is genuinely reasonable for the growth on offer, and the demand engine is real—hyperscalers are committing record sums (Microsoft's $41B with accelerating Azure growth) to AI infrastructure, validating the ROI in real time.",analytical,positive,True,,SUBSTANTIVE,NONE,dupgroup_56c615e4a66e,AI Infrastructure,,,False,False,False,False
e434f80b-e4d0-4b09-9471-d84532659de5,e434f80b-e4d0-4b09-9471-d84532659de5:portfolio_manager:final_trade_decision:claim:8,portfolio_manager,,7,"The Aggressive Analyst is correct that a PEG of 0.52 with 85% revenue growth is not ""priced for perfection.""",neutral,0.75,"The Aggressive Analyst is correct that a PEG of 0.52 with 85% revenue growth is not ""priced for perfection.""",analytical,neutral_or_unknown,True,,SUBSTANTIVE,NONE,dupgroup_d4d8d608ffc1,Revenue Growth;Valuation Risk,,,False,False,False,False
e434f80b-e4d0-4b09-9471-d84532659de5,e434f80b-e4d0-4b09-9471-d84532659de5:portfolio_manager:final_trade_decision:claim:9,portfolio_manager,,8,"However, the bear's concerns cannot be dismissed.",unknown,0.25,"However, the bear's concerns cannot be dismissed.",analytical,neutral_or_unknown,True,,SUBSTANTIVE,NONE,dupgroup_450b89986e2d,,,,False,False,False,False
e434f80b-e4d0-4b09-9471-d84532659de5,e434f80b-e4d0-4b09-9471-d84532659de5:portfolio_manager:final_trade_decision:claim:10,portfolio_manager,,9,The trailing PE of 29x on a $4.72T market cap with a beta of 2.21 means maximum exposure to any negative surprise.,negative,0.75,The trailing PE of 29x on a $4.72T market cap with a beta of 2.21 means maximum exposure to any negative surprise.,analytical,negative,True,,SUBSTANTIVE,NONE,dupgroup_f9f36b18b5ef,,,,False,False,False,False
e434f80b-e4d0-4b09-9471-d84532659de5,e434f80b-e4d0-4b09-9471-d84532659de5:portfolio_manager:final_trade_decision:claim:11,portfolio_manager,,10,The inventory build from $11.33B to $25.80B in four quarters (128% increase vs.,positive,0.6,The inventory build from $11.33B to $25.80B in four quarters (128% increase vs.,analytical,positive,True,,SUBSTANTIVE,NONE,dupgroup_7a3f7375f836,,,,False,False,False,False
e434f80b-e4d0-4b09-9471-d84532659de5,e434f80b-e4d0-4b09-9471-d84532659de5:portfolio_manager:final_trade_decision:claim:12,portfolio_manager,,11,85% revenue growth) is a legitimate yellow flag that the Neutral Analyst correctly refuses to wave away.,positive,0.75,85% revenue growth) is a legitimate yellow flag that the Neutral Analyst correctly refuses to wave away.,analytical,positive,True,,SUBSTANTIVE,NONE,dupgroup_5d93bafdc1ab,Revenue Growth,A301,,True,True,False,False
e434f80b-e4d0-4b09-9471-d84532659de5,e434f80b-e4d0-4b09-9471-d84532659de5:portfolio_manager:final_trade_decision:claim:13,portfolio_manager,,12,"The technical picture is genuinely weak—broken 10-day and 50-day SMAs, negative and expanding MACD, and the stock falling 4% even after Jensen Huang's personal reassurance roadshow.",negative,0.75,"The technical picture is genuinely weak—broken 10-day and 50-day SMAs, negative and expanding MACD, and the stock falling 4% even after Jensen Huang's personal reassurance roadshow.",analytical,negative,True,,SUBSTANTIVE,NONE,dupgroup_0b029e23cbea,,,,False,False,False,False
e434f80b-e4d0-4b09-9471-d84532659de5,e434f80b-e4d0-4b09-9471-d84532659de5:portfolio_manager:final_trade_decision:claim:14,portfolio_manager,,13,"That last point is telling: when the CEO's direct narrative cannot arrest the selloff, the selling pressure is deeper than management can counter.",negative,0.4,"That last point is telling: when the CEO's direct narrative cannot arrest the selloff, the selling pressure is deeper than management can counter.",analytical,negative,True,,SUBSTANTIVE,NONE,dupgroup_d9bbe10fd0a2,,,,False,False,False,False
e434f80b-e4d0-4b09-9471-d84532659de5,e434f80b-e4d0-4b09-9471-d84532659de5:portfolio_manager:final_trade_decision:claim:15,portfolio_manager,,14,"The 88-94% bullish retail sentiment is a contrarian warning, not a confirmation, and the 89% probability of no rate cuts in 2026 is a real multiple-compression headwind on a high-beta, high-multiple name.",negative,0.75,"The 88-94% bullish retail sentiment is a contrarian warning, not a confirmation, and the 89% probability of no rate cuts in 2026 is a real multiple-compression headwind on a high-beta, high-multiple name.",analytical,negative,True,,SUBSTANTIVE,NONE,dupgroup_f105661b3d7c,Valuation Risk,A601,,True,True,False,False
e434f80b-e4d0-4b09-9471-d84532659de5,e434f80b-e4d0-4b09-9471-d84532659de5:portfolio_manager:final_trade_decision:claim:16,portfolio_manager,,15,The decisive synthesis: the bull wins on the fundamental and valuation-forward case; the bear wins on the technical and near-term risk case.,negative,0.4,The decisive synthesis: the bull wins on the fundamental and valuation-forward case; the bear wins on the technical and near-term risk case.,analytical,negative,True,,SUBSTANTIVE,NONE,dupgroup_96a29a7f3c04,,,,False,False,False,False
e434f80b-e4d0-4b09-9471-d84532659de5,e434f80b-e4d0-4b09-9471-d84532659de5:portfolio_manager:final_trade_decision:claim:17,portfolio_manager,,16,"This is not a balanced ""Hold""—the core secular thesis is intact and the forward valuation is reasonable for the growth on offer.",neutral,0.4,"This is not a balanced ""Hold""—the core secular thesis is intact and the forward valuation is reasonable for the growth on offer.",analytical,neutral_or_unknown,True,,SUBSTANTIVE,NONE,dupgroup_8a94325eac0c,,,,False,False,False,False
e434f80b-e4d0-4b09-9471-d84532659de5,e434f80b-e4d0-4b09-9471-d84532659de5:portfolio_manager:final_trade_decision:claim:18,portfolio_manager,,17,"But the weak technicals, unresolved inventory question, and concentration risk argue against going all-in at this exact moment.",negative,0.4,"But the weak technicals, unresolved inventory question, and concentration risk argue against going all-in at this exact moment.",analytical,negative,True,,SUBSTANTIVE,NONE,dupgroup_b463eb13ef09,,,,False,False,False,False
e434f80b-e4d0-4b09-9471-d84532659de5,e434f80b-e4d0-4b09-9471-d84532659de5:portfolio_manager:final_trade_decision:claim:19,portfolio_manager,,18,Overweight captures this: gradually build exposure into weakness rather than chasing or abandoning.,unknown,0.4,Overweight captures this: gradually build exposure into weakness rather than chasing or abandoning.,analytical,neutral_or_unknown,True,,SUBSTANTIVE,NONE,dupgroup_ac0a254c5f3e,,,,False,False,False,False
e434f80b-e4d0-4b09-9471-d84532659de5,e434f80b-e4d0-4b09-9471-d84532659de5:portfolio_manager:final_trade_decision:claim:20,portfolio_manager,,19,"The Conservative Analyst's $180 stop is too wide (an admission of thesis uncertainty), and the trader's $189 stop is too tight (less than 1x ATR on a 7.5 ATR name).",unknown,0.75,"The Conservative Analyst's $180 stop is too wide (an admission of thesis uncertainty), and the trader's $189 stop is too tight (less than 1x ATR on a 7.5 ATR name).",context_only,neutral_or_unknown,False,context_only_default_hidden,CONTEXT_ONLY,NONE,dupgroup_4568d19f1fed,,,,False,False,False,False
e434f80b-e4d0-4b09-9471-d84532659de5,e434f80b-e4d0-4b09-9471-d84532659de5:portfolio_manager:final_trade_decision:claim:21,portfolio_manager,,20,The Neutral Analyst's $187 stop—just below the 200-day SMA and lower Bollinger Band confluence—is the technically justified invalidation point.,neutral,0.75,The Neutral Analyst's $187 stop—just below the 200-day SMA and lower Bollinger Band confluence—is the technically justified invalidation point.,analytical,neutral_or_unknown,True,,SUBSTANTIVE,NONE,dupgroup_2a0020671397,,,,False,False,False,False
e434f80b-e4d0-4b09-9471-d84532659de5,e434f80b-e4d0-4b09-9471-d84532659de5:portfolio_manager:final_trade_decision:claim:22,portfolio_manager,,21,"This aligns with the prior lesson: when a high-beta name carries unresolved binary risks, a partial initial deployment with catalyst-gated additions preserves capital and discipline without sacrificing meaningful exposure to a fundamentally sound thesis.",neutral,0.5,"This aligns with the prior lesson: when a high-beta name carries unresolved binary risks, a partial initial deployment with catalyst-gated additions preserves capital and discipline without sacrificing meaningful exposure to a fundamentally sound thesis.",analytical,neutral_or_unknown,True,,SUBSTANTIVE,NONE,dupgroup_117034b0ba0b,,,,False,False,False,False
e434f80b-e4d0-4b09-9471-d84532659de5,e434f80b-e4d0-4b09-9471-d84532659de5:portfolio_manager:final_trade_decision:claim:23,portfolio_manager,,22,Time Horizon: 3-6 months,unknown,0.4,Time Horizon: 3-6 months,context_only,neutral_or_unknown,False,context_only_default_hidden,CONTEXT_ONLY,NONE,dupgroup_eac9cfa32bd5,,,,False,False,False,False
