claim_id,agent,claim_quality,direction,assertion_status,resolved_factors,num_resolved_factors,pattern_hits,ambiguous_factors,relation_candidates,conflicting_pairs,final_edges,is_structure_eligible,claim
61f3e019-63a8-4c56-b763-057208d5efae:market_agent:market_report:claim:1,market_agent,analytical,positive,asserted,[],0,[],[],[],[],0,True,"Microsoft closed at $389.10 on July 27, 2026, recovering modestly from an intraday low of $387.99 (High: $394.20, Open: $390.07, Volume: 27.75M shares)."
61f3e019-63a8-4c56-b763-057208d5efae:market_agent:market_report:claim:2,market_agent,analytical,negative,asserted,[],0,"[""CONFLICT_WORD""]",[],[],[],0,True,"This is a bounce session after a sharp selloff on July 23 ($381.58), but the broader picture remains decidedly bearish on multiple timeframes."
61f3e019-63a8-4c56-b763-057208d5efae:market_agent:market_report:claim:3,market_agent,analytical,negative,asserted,[],0,[],[],[],[],0,True,"MSFT has fallen dramatically from its January 2026 high of $481.33, representing a peak-to-trough decline of roughly -26% through the June 25 low of $352.83 — a significant drawdown for a mega-cap blue chip."
61f3e019-63a8-4c56-b763-057208d5efae:market_agent:market_report:claim:4,market_agent,context_only,unknown,asserted,[],0,[],[],[],[],0,False,"The 10-day EMA sits at $390.43, marginally above the current close of $389.10."
61f3e019-63a8-4c56-b763-057208d5efae:market_agent:market_report:claim:5,market_agent,analytical,negative,asserted,[],0,[],[],[],[],0,True,This signals that short-term momentum is slightly negative — price is barely failing to sustain above its most sensitive moving average.
61f3e019-63a8-4c56-b763-057208d5efae:market_agent:market_report:claim:6,market_agent,analytical,unknown,asserted,[],0,[],[],[],[],0,True,"The EMA has been choppy and flat over the past two weeks, consistent with a market trapped in a range after the late-June crash recovery."
61f3e019-63a8-4c56-b763-057208d5efae:market_agent:market_report:claim:7,market_agent,context_only,unknown,asserted,[],0,[],[],[],[],0,False,The 50-day SMA is at $399.22 and has been in a consistent downtrend since July ($409 on July 2 to $399.22 now).
61f3e019-63a8-4c56-b763-057208d5efae:market_agent:market_report:claim:8,market_agent,context_only,unknown,asserted,[],0,[],[],[],[],0,False,Price is trading $10 (2.5%) below this key medium-term trend line.
61f3e019-63a8-4c56-b763-057208d5efae:market_agent:market_report:claim:9,market_agent,context_only,neutral,negated,[],0,[],[],[],[],0,False,"This is a significant resistance level that bulls failed to breach on the July 16 and July 20 rallies (closing at $401.10 and $402.29, respectively)."
61f3e019-63a8-4c56-b763-057208d5efae:market_agent:market_report:claim:10,market_agent,analytical,negative,asserted,[],0,"[""FORWARD_TRANSITIVE_CAUSAL"", ""FORWARD_TRANSITIVE_SUPPORTIVE""]",[],[],[],0,True,"The 50 SMA is declining, confirming sustained medium-term selling pressure."
61f3e019-63a8-4c56-b763-057208d5efae:market_agent:market_report:claim:11,market_agent,context_only,unknown,asserted,[],0,[],[],[],[],0,False,"The long-term benchmark is at $434.75, a full $45.65 (11.7%) above current price."
61f3e019-63a8-4c56-b763-057208d5efae:market_agent:market_report:claim:12,market_agent,analytical,negative,asserted,[],0,[],[],[],[],0,True,This is deeply bearish.
61f3e019-63a8-4c56-b763-057208d5efae:market_agent:market_report:claim:13,market_agent,analytical,unknown,asserted,[],0,[],[],[],[],0,True,MSFT has been trading below its 200 SMA since the late January crash from $479.49 (Jan 28) to $431.58 (Jan 29) — a collapse tied to elevated volume (128.86M shares on Jan 29).
61f3e019-63a8-4c56-b763-057208d5efae:market_agent:market_report:claim:14,market_agent,analytical,unknown,asserted,[],0,"[""FORWARD_TRANSITIVE_SUPPORTIVE""]",[],[],[],0,True,"The 200 SMA is declining slowly (from $445.63 in late June to $434.75 now), confirming a long-term downtrend."
61f3e019-63a8-4c56-b763-057208d5efae:market_agent:market_report:claim:15,market_agent,analytical,negative,conditional,[],0,[],[],[],[],0,True,"A ""death cross"" scenario (50 SMA crossing below 200 SMA) is a real risk if current trends persist."
61f3e019-63a8-4c56-b763-057208d5efae:market_agent:market_report:claim:16,market_agent,context_only,unknown,asserted,[],0,[],[],[],[],0,False,"Currently, the 50 SMA ($399.22) vs."
61f3e019-63a8-4c56-b763-057208d5efae:market_agent:market_report:claim:17,market_agent,analytical,unknown,asserted,[],0,"[""CONFLICT_WORD""]",[],[],[],0,True,"200 SMA ($434.75) gap is $35, meaning any cross is still some time away, but the direction of travel is concerning."
61f3e019-63a8-4c56-b763-057208d5efae:market_agent:market_report:claim:18,market_agent,analytical,negative,asserted,[],0,[],[],[],[],0,True,Moving Average Stack: Bearish — Price < 10 EMA < 50 SMA ≪ 200 SMA
61f3e019-63a8-4c56-b763-057208d5efae:market_agent:market_report:claim:19,market_agent,context_only,neutral,asserted,[],0,[],[],[],[],0,False,"The RSI stands at 49.01 — essentially neutral, sitting just below the 50 midline."
61f3e019-63a8-4c56-b763-057208d5efae:market_agent:market_report:claim:20,market_agent,context_only,unknown,asserted,[],0,[],[],[],[],0,False,This is neither oversold nor overbought.
61f3e019-63a8-4c56-b763-057208d5efae:market_agent:market_report:claim:21,market_agent,context_only,unknown,asserted,[],0,[],[],[],[],0,False,"The RSI has oscillated between 38.97 (June 29, near the capitulation low) and 56.28 (July 16, the short-term rally peak)."
61f3e019-63a8-4c56-b763-057208d5efae:market_agent:market_report:claim:22,market_agent,analytical,unknown,asserted,[],0,[],[],[],[],0,True,Late June (RSI 39–41): Deeply oversold conditions near the $352.83 low — a classic capitulation signal that preceded the July recovery.
61f3e019-63a8-4c56-b763-057208d5efae:market_agent:market_report:claim:23,market_agent,context_only,unknown,asserted,[],0,[],[],[],[],0,False,Mid-July (RSI 53–56): A relief bounce that faded quickly.
61f3e019-63a8-4c56-b763-057208d5efae:market_agent:market_report:claim:24,market_agent,context_only,unknown,asserted,[],0,[],[],[],[],0,False,"Now (RSI 49): Momentum is stalling and rolling back over, suggesting the July rally is losing steam."
61f3e019-63a8-4c56-b763-057208d5efae:market_agent:market_report:claim:25,market_agent,analytical,neutral,asserted,[],0,"[""FORWARD_TRANSITIVE_CAUSAL""]",[],[],[],0,True,The failure to push RSI above 60 during the bounce is a bearish signal — strong recoveries typically push RSI to 60–70+ range.
61f3e019-63a8-4c56-b763-057208d5efae:market_agent:market_report:claim:26,market_agent,analytical,negative,asserted,[],0,[],[],[],[],0,True,The MACD has made a spectacular recovery from deeply negative territory: it was at -13.67 on June 29 and has risen all the way to -0.51 today.
61f3e019-63a8-4c56-b763-057208d5efae:market_agent:market_report:claim:27,market_agent,analytical,unknown,asserted,[],0,[],[],[],[],0,True,This massive improvement reflects the sharp price recovery from $352.83 (June 25 low) to current levels.
61f3e019-63a8-4c56-b763-057208d5efae:market_agent:market_report:claim:28,market_agent,analytical,neutral,negated,[],0,"[""CONFLICT_WORD""]",[],[],[],0,True,"However, it remains negative, meaning the bearish EMA spread has not fully healed."
61f3e019-63a8-4c56-b763-057208d5efae:market_agent:market_report:claim:29,market_agent,analytical,positive,conditional,[],0,[],[],[],[],0,True,Crossing above zero would be a bullish signal — that threshold is within striking distance.
61f3e019-63a8-4c56-b763-057208d5efae:market_agent:market_report:claim:30,market_agent,context_only,unknown,asserted,[],0,[],[],[],[],0,False,The MACD Signal line is at -1.42.
61f3e019-63a8-4c56-b763-057208d5efae:market_agent:market_report:claim:31,market_agent,analytical,positive,asserted,[],0,"[""FORWARD_TRANSITIVE_CAUSAL""]",[],[],[],0,True,"The MACD line (-0.51) is above the signal (-1.42), creating a bullish MACD crossover (MACD > Signal)."
61f3e019-63a8-4c56-b763-057208d5efae:market_agent:market_report:claim:32,market_agent,analytical,positive,asserted,[],0,[],[],[],[],0,True,This is a constructive development and indicates improving near-term momentum.
61f3e019-63a8-4c56-b763-057208d5efae:market_agent:market_report:claim:33,market_agent,analytical,positive,asserted,[],0,"[""FORWARD_TRANSITIVE_SUPPORTIVE""]",[],[],[],0,True,"The histogram has been positive since July 2 (when it turned from -0.49 to +1.05), confirming sustained improvement in momentum."
61f3e019-63a8-4c56-b763-057208d5efae:market_agent:market_report:claim:34,market_agent,analytical,unknown,asserted,[],0,"[""CONFLICT_WORD""]",[],[],[],0,True,"However, the histogram peaked at +3.46 on July 20 and has been declining since — falling from +3.17 (July 21) → +2.37 (July 22) → +1.21 (July 23) → +0.91 (July 27)."
61f3e019-63a8-4c56-b763-057208d5efae:market_agent:market_report:claim:35,market_agent,analytical,positive,asserted,[],0,"[""CONFLICT_WORD""]",[],[],[],0,True,"This shrinking histogram is a warning sign: while momentum is still positive, it is fading."
61f3e019-63a8-4c56-b763-057208d5efae:market_agent:market_report:claim:36,market_agent,analytical,negative,conditional,[],0,"[""CONDITIONAL_MARKER""]",[],[],[],0,True,"If the histogram turns negative again, it would signal a resumption of the broader downtrend."
61f3e019-63a8-4c56-b763-057208d5efae:market_agent:market_report:claim:38,market_agent,analytical,positive,asserted,[],0,[],[],[],[],0,True,"Price ($389.10) is between the middle ($387.26) and upper ($405.10) bands — approximately at the mid-to-upper portion, which is mildly positive."
61f3e019-63a8-4c56-b763-057208d5efae:market_agent:market_report:claim:39,market_agent,analytical,unknown,asserted,[],0,"[""FORWARD_TRANSITIVE_CAUSAL""]",[],[],[],0,True,"The Bollinger Band width has contracted significantly from late June (when Upper was $452 and Lower was $339, a massive $112 spread) to now (Upper $405.10, Lower $369.42, spread $35.68)."
61f3e019-63a8-4c56-b763-057208d5efae:market_agent:market_report:claim:40,market_agent,analytical,unknown,asserted,[],0,"[""FORWARD_TRANSITIVE_CAUSAL""]",[],[],[],0,True,This band contraction suggests volatility is compressing — often a precursor to a sharp directional move.
61f3e019-63a8-4c56-b763-057208d5efae:market_agent:market_report:claim:41,market_agent,analytical,positive,conditional,[],0,[],[],[],[],0,True,The critical level to watch is the Upper Band at $405.10 — a close above this level would be bullish and could signal a momentum breakout.
61f3e019-63a8-4c56-b763-057208d5efae:market_agent:market_report:claim:42,market_agent,analytical,unknown,asserted,[],0,"[""CONFLICT_WORD"", ""FORWARD_TRANSITIVE_CAUSAL""]",[],[],[],0,True,"The Upper Band has been declining from $430.85 on July 1 to $405.10 now, while price has been rising — this convergence is reducing the resistance gap and building tension."
61f3e019-63a8-4c56-b763-057208d5efae:market_agent:market_report:claim:43,market_agent,analytical,unknown,asserted,[],0,"[""FORWARD_TRANSITIVE_CAUSAL"", ""FORWARD_TRANSITIVE_SUPPORTIVE""]",[],[],[],0,True,The Lower Band at $369.42 is the key support.
61f3e019-63a8-4c56-b763-057208d5efae:market_agent:market_report:claim:44,market_agent,analytical,negative,conditional,[],0,[],[],[],[],0,True,A breakdown below this level would be deeply bearish and could retest the June 25 lows near $352.83.
61f3e019-63a8-4c56-b763-057208d5efae:market_agent:market_report:claim:45,market_agent,context_only,unknown,asserted,[],0,[],[],[],[],0,False,"Average True Range is at $12.13 per day, which is relatively elevated for MSFT historically."
61f3e019-63a8-4c56-b763-057208d5efae:market_agent:market_report:claim:46,market_agent,analytical,unknown,asserted,[],0,"[""CONFLICT_WORD""]",[],[],[],0,True,It has been declining from a peak of $13.73 on June 29 but remains sticky at $12 range.
61f3e019-63a8-4c56-b763-057208d5efae:market_agent:market_report:claim:47,market_agent,context_only,unknown,asserted,[],0,[],[],[],[],0,False,Stop losses should be placed $15–18 below entry (at least 1.2–1.5x ATR) to avoid noise-driven stops.
61f3e019-63a8-4c56-b763-057208d5efae:market_agent:market_report:claim:48,market_agent,analytical,negative,asserted,[],0,[],[],[],[],0,True,"Position sizing should be reduced compared to low-volatility periods, given the elevated daily swing risk."
61f3e019-63a8-4c56-b763-057208d5efae:market_agent:market_report:claim:49,market_agent,context_only,unknown,asserted,[],0,[],[],[],[],0,False,"For a $389 stock, a $12 ATR equates to 3.1% daily range, which is above the norm and indicates the market is still digesting the late June shock."
61f3e019-63a8-4c56-b763-057208d5efae:market_agent:market_report:claim:50,market_agent,context_only,unknown,asserted,[],0,[],[],[],[],0,False,"On January 29, 2026, MSFT collapsed from $479.49 to $431.58 on 128.86M volume — nearly 5x average daily volume."
61f3e019-63a8-4c56-b763-057208d5efae:market_agent:market_report:claim:51,market_agent,analytical,negative,asserted,[],0,[],[],[],[],0,True,This was the decisive structural break that set the bearish tone for 2026.
61f3e019-63a8-4c56-b763-057208d5efae:market_agent:market_report:claim:52,market_agent,analytical,neutral,negated,[],0,"[""FORWARD_TRANSITIVE_CAUSAL""]",[],[],[],0,True,The stock never recovered those levels and continued drifting lower through February–June.
61f3e019-63a8-4c56-b763-057208d5efae:market_agent:market_report:claim:53,market_agent,context_only,unknown,asserted,[],0,[],[],[],[],0,False,"The most significant recent event was the June 25 close of $352.83 on 66.18M volume, followed by a massive reversal on June 26 ($372.97, +186.20M volume — the highest single-day volume in the dataset)."
61f3e019-63a8-4c56-b763-057208d5efae:market_agent:market_report:claim:54,market_agent,context_only,unknown,asserted,[],0,[],[],[],[],0,False,"This high-volume reversal candle is a textbook capitulation signal, likely marking a major short-term low."
61f3e019-63a8-4c56-b763-057208d5efae:market_agent:market_report:claim:55,market_agent,analytical,unknown,asserted,[],0,[],[],[],[],0,True,The subsequent recovery to the current $389.10 level covers approximately +10.3% from that low.
61f3e019-63a8-4c56-b763-057208d5efae:market_agent:market_report:claim:56,market_agent,analytical,negative,asserted,[],0,[],[],[],[],0,True,"Price is below all major moving averages (10 EMA, 50 SMA, 200 SMA) — a classic bearish alignment."
61f3e019-63a8-4c56-b763-057208d5efae:market_agent:market_report:claim:57,market_agent,context_only,unknown,asserted,[],0,[],[],[],[],0,False,The 200 SMA at $434.75 represents a massive 12% overhead resistance.
61f3e019-63a8-4c56-b763-057208d5efae:market_agent:market_report:claim:58,market_agent,analytical,unknown,asserted,[],0,[],[],[],[],0,True,The MACD histogram is declining (+0.91 vs.
61f3e019-63a8-4c56-b763-057208d5efae:market_agent:market_report:claim:59,market_agent,analytical,unknown,asserted,[],0,[],[],[],[],0,True,"+3.46 peak), signaling fading recovery momentum."
61f3e019-63a8-4c56-b763-057208d5efae:market_agent:market_report:claim:60,market_agent,context_only,neutral,negated,[],0,[],[],[],[],0,False,RSI at 49 failed to reach 60 during the bounce — weak rally.
61f3e019-63a8-4c56-b763-057208d5efae:market_agent:market_report:claim:61,market_agent,context_only,unknown,asserted,[],0,[],[],[],[],0,False,The Bollinger Upper Band at $405 capped rallies on July 16–20.
61f3e019-63a8-4c56-b763-057208d5efae:market_agent:market_report:claim:62,market_agent,analytical,positive,asserted,[],0,[],[],[],[],0,True,"MACD has crossed above Signal (bullish crossover), with the histogram remaining positive."
61f3e019-63a8-4c56-b763-057208d5efae:market_agent:market_report:claim:63,market_agent,analytical,positive,asserted,[],0,[],[],[],[],0,True,The June 25–26 high-volume capitulation/reversal is a strong structural low signal.
61f3e019-63a8-4c56-b763-057208d5efae:market_agent:market_report:claim:64,market_agent,analytical,positive,conditional,[],0,[],[],[],[],0,True,Bollinger Bands are contracting — a breakout to the upside is possible if sentiment shifts.
61f3e019-63a8-4c56-b763-057208d5efae:sentiment_agent:sentiment_report:claim:1,sentiment_agent,context_only,neutral,asserted,[],0,[],[],[],[],0,False,Overall Sentiment: Mixed (Score: 5.2/10) Confidence: Medium
61f3e019-63a8-4c56-b763-057208d5efae:sentiment_agent:sentiment_report:claim:2,sentiment_agent,analytical,negative,asserted,[],0,[],[],[],[],0,True,Signal: Mildly Bearish → Cautiously Constructive | Dominant tone: Pre-earnings scrutiny
61f3e019-63a8-4c56-b763-057208d5efae:sentiment_agent:sentiment_report:claim:3,sentiment_agent,context_only,unknown,asserted,[],0,[],[],[],[],0,False,"The news flow this week is almost entirely pre-earnings positioning ahead of MSFT's fiscal Q4 report due July 29, 2026."
61f3e019-63a8-4c56-b763-057208d5efae:sentiment_agent:sentiment_report:claim:4,sentiment_agent,context_only,unknown,asserted,"[""AI CapEx""]",1,[],[],[],[],0,False,AI capex scrutiny is the #1 institutional concern.
61f3e019-63a8-4c56-b763-057208d5efae:sentiment_agent:sentiment_report:claim:5,sentiment_agent,context_only,unknown,asserted,[],0,[],[],[],[],0,False,"Multiple outlets (Motley Fool, 24/7 Wall St., Proactive Investors) spotlight MSFT's staggering $190 billion capital spending plan for 2026 — a 61% YoY jump."
61f3e019-63a8-4c56-b763-057208d5efae:sentiment_agent:sentiment_report:claim:6,sentiment_agent,analytical,neutral,negated,[],0,"[""CONFLICT_WORD""]",[],[],[],0,True,The framing is cautious but not outright bearish: 24/7 Wall St.
61f3e019-63a8-4c56-b763-057208d5efae:sentiment_agent:sentiment_report:claim:7,sentiment_agent,context_only,neutral,negated,[],0,[],[],[],[],0,False,"explicitly argues ""the market is unlikely to punish Microsoft's capex… for an obvious reason,"" hinting at strong backlog coverage."
61f3e019-63a8-4c56-b763-057208d5efae:sentiment_agent:sentiment_report:claim:8,sentiment_agent,context_only,unknown,asserted,[],0,[],[],[],[],0,False,Motley Fool frames it as a race between cloud demand outrunning supply.
61f3e019-63a8-4c56-b763-057208d5efae:sentiment_agent:sentiment_report:claim:9,sentiment_agent,analytical,neutral,negated,[],0,"[""CONFLICT_WORD""]",[],[],[],0,True,"UBS maintains a 'Buy' rating (via Proactive) but adopts a ""more balanced tactical stance"" ahead of earnings — a subtle softening that signals institutional caution without conviction."
61f3e019-63a8-4c56-b763-057208d5efae:sentiment_agent:sentiment_report:claim:10,sentiment_agent,analytical,positive,asserted,[],0,[],[],[],[],0,True,Azure growth remains the make-or-break metric.
61f3e019-63a8-4c56-b763-057208d5efae:sentiment_agent:sentiment_report:claim:11,sentiment_agent,analytical,unknown,asserted,[],0,[],[],[],[],0,True,"GuruFocus/Yahoo Finance notes options markets are pricing a ±7% move on earnings day, with Wall Street squarely focused on Azure and AI adoption acceleration as key drivers."
61f3e019-63a8-4c56-b763-057208d5efae:sentiment_agent:sentiment_report:claim:12,sentiment_agent,analytical,negative,asserted,[],0,[],[],[],[],0,True,"Wall Street ended mixed the week of July 28: oil declines (US-Iran talks), semiconductor index down 21% from highs (Chinese chip competition), and Fed rate decision looming with >60% probability of no change."
61f3e019-63a8-4c56-b763-057208d5efae:sentiment_agent:sentiment_report:claim:13,sentiment_agent,analytical,unknown,asserted,[],0,"[""FORWARD_TRANSITIVE_CAUSAL""]",[],[],[],0,True,"These macro headwinds weigh broadly on Nasdaq/tech, indirectly pressuring MSFT sentiment."
61f3e019-63a8-4c56-b763-057208d5efae:sentiment_agent:sentiment_report:claim:14,sentiment_agent,analytical,positive,asserted,"[""AI Infrastructure"", ""Inference Demand""]",2,"[""FORWARD_TRANSITIVE_SUPPORTIVE""]","[""AI Infrastructure"", ""Inference Demand""]",[],[],0,True,"Positive ecosystem signal: IBM joined MSFT, Nvidia, and Palantir in the Open Secure AI Alliance, reinforcing MSFT's central role in enterprise AI infrastructure."
61f3e019-63a8-4c56-b763-057208d5efae:sentiment_agent:sentiment_report:claim:15,sentiment_agent,analytical,positive,asserted,[],0,[],[],[],[],0,True,This is a mild positive for long-term positioning.
61f3e019-63a8-4c56-b763-057208d5efae:sentiment_agent:sentiment_report:claim:16,sentiment_agent,analytical,negative,conditional,[],0,[],[],[],[],0,True,"Competitive/macro risks flagged: One Reuters investor quote is notably skeptical about Big Tech AI ROI — ""I don't really see the opportunity for these companies that have run so much over the past 18–24 months on that AI build out."" This reflects a mainstream institutional concern that consensus may already price in best-case AI outcomes."
61f3e019-63a8-4c56-b763-057208d5efae:sentiment_agent:sentiment_report:claim:17,sentiment_agent,context_only,unknown,asserted,[],0,[],[],[],[],0,False,"Headline count relevant to MSFT: 8 direct, 6 contextual."
61f3e019-63a8-4c56-b763-057208d5efae:sentiment_agent:sentiment_report:claim:18,sentiment_agent,analytical,neutral,negated,[],0,"[""CONFLICT_WORD""]",[],[],[],0,True,Quality is substantive; framing leans cautious but not bearish outright.
61f3e019-63a8-4c56-b763-057208d5efae:sentiment_agent:sentiment_report:claim:19,sentiment_agent,analytical,neutral,asserted,[],0,[],[],[],[],0,True,Signal: Mildly Bullish with pockets of near-term bearishness | 30 messages total
61f3e019-63a8-4c56-b763-057208d5efae:sentiment_agent:sentiment_report:claim:20,sentiment_agent,analytical,neutral,asserted,[],0,[],[],[],[],0,True,Labeled sentiment ratio: 10 Bullish (33%) / 3 Bearish (10%) / 17 Unlabeled (57%)
61f3e019-63a8-4c56-b763-057208d5efae:sentiment_agent:sentiment_report:claim:21,sentiment_agent,analytical,neutral,asserted,[],0,[],[],[],[],0,True,"Among labeled messages, the bullish-to-bearish ratio is 10:3 (77% bullish) — a moderately bullish signal."
61f3e019-63a8-4c56-b763-057208d5efae:sentiment_agent:sentiment_report:claim:22,sentiment_agent,analytical,unknown,asserted,[],0,"[""CONFLICT_WORD""]",[],[],[],0,True,"However, the absolute sample is small (30 messages), and 57% of messages carry no label, which dilutes conviction."
61f3e019-63a8-4c56-b763-057208d5efae:sentiment_agent:sentiment_report:claim:23,sentiment_agent,context_only,neutral,asserted,"[""AI CapEx""]",1,[],[],[],[],0,False,"Multiple posts from @THETRADE (3 messages) argue MSFT's AI capex is ""justified by their backlog"" and that institutional selloffs are manufactured to acquire cheap shares — a buy-the-dip thesis."
61f3e019-63a8-4c56-b763-057208d5efae:sentiment_agent:sentiment_report:claim:24,sentiment_agent,context_only,unknown,asserted,[],0,[],[],[],[],0,False,"Price targets of $440–$460 post-earnings circulate (@jwojr76, @tradeordie24 targeting $450+)."
61f3e019-63a8-4c56-b763-057208d5efae:sentiment_agent:sentiment_report:claim:25,sentiment_agent,context_only,unknown,asserted,[],0,[],[],[],[],0,False,"@TPTradingCo calls a ""violent upward move incoming."""
61f3e019-63a8-4c56-b763-057208d5efae:sentiment_agent:sentiment_report:claim:26,sentiment_agent,analytical,positive,asserted,"[""AI CapEx""]",1,[],[],[],[],0,True,"@MaBoiiiiiiiiiiis frames hyperscaler capex positively, calling it the ""best move they can make."""
61f3e019-63a8-4c56-b763-057208d5efae:sentiment_agent:sentiment_report:claim:27,sentiment_agent,analytical,negative,asserted,[],0,[],[],[],[],0,True,Bearish signals (labeled + unlabeled with bearish content):
61f3e019-63a8-4c56-b763-057208d5efae:sentiment_agent:sentiment_report:claim:28,sentiment_agent,analytical,negative,asserted,[],0,[],[],[],[],0,True,"@NetflixUser (Bearish label): ""all signs are pointing to an earnings drop."""
61f3e019-63a8-4c56-b763-057208d5efae:sentiment_agent:sentiment_report:claim:29,sentiment_agent,analytical,negative,asserted,[],0,[],[],[],[],0,True,"@SwingPlay (Bearish): ""every pop is getting sold off… funds are exiting before earnings."""
61f3e019-63a8-4c56-b763-057208d5efae:sentiment_agent:sentiment_report:claim:30,sentiment_agent,analytical,negative,conditional,[],0,"[""FORWARD_TRANSITIVE_SUPPORTIVE""]",[],[],[],0,True,"@everevolving09 (Bearish): ""the house of cards game only works if the market supports it."""
61f3e019-63a8-4c56-b763-057208d5efae:sentiment_agent:sentiment_report:claim:31,sentiment_agent,analytical,neutral,negated,[],0,"[""CONFLICT_WORD""]",[],[],[],0,True,"Unlabeled but bearish-in-tone: @Armaster23 notes the stock needs to rally 8% just to reach $420 and calls it ""cooked"" without a massive earnings beat; @vagellie007 references puts losing $5k; @AXLFIHQ flags ""sharp repricing of technology"" and FCF deterioration risks; @CUPandHANDLECHARTS mentions ""AI Hyperscaler"" credit spread blowout."
61f3e019-63a8-4c56-b763-057208d5efae:sentiment_agent:sentiment_report:claim:32,sentiment_agent,analytical,unknown,conditional,[],0,"[""CONDITIONAL_MARKER""]",[],[],[],0,True,"@Srinivas111 articulates the catch-22 dilemma perfectly: ""If they spend on AI street punishes them for overspending."
61f3e019-63a8-4c56-b763-057208d5efae:sentiment_agent:sentiment_report:claim:33,sentiment_agent,analytical,unknown,conditional,[],0,"[""CONDITIONAL_MARKER"", ""CONFLICT_WORD""]",[],[],[],0,True,"If they don't spend they will be behind the AI curve."" This is a key unlabeled but analytically significant post."
61f3e019-63a8-4c56-b763-057208d5efae:sentiment_agent:sentiment_report:claim:34,sentiment_agent,context_only,unknown,asserted,[],0,[],[],[],[],0,False,"Price level referenced: Share price quoted at $389.13 in one post, with options plays targeting $390 calls for Aug 5 expiration."
61f3e019-63a8-4c56-b763-057208d5efae:sentiment_agent:sentiment_report:claim:35,sentiment_agent,analytical,positive,asserted,[],0,[],[],[],[],0,True,"The stock appears to be trading well below the $420–$460 bullish targets, indicating elevated uncertainty."
61f3e019-63a8-4c56-b763-057208d5efae:sentiment_agent:sentiment_report:claim:36,sentiment_agent,analytical,neutral,asserted,[],0,"[""FORWARD_TRANSITIVE_SUPPORTIVE""]",[],[],[],0,True,"Options signal: A separate news headline confirms options markets pricing a ±7% move on earnings — consistent with high implied volatility and market uncertainty, neither directionally bullish nor bearish by itself."
61f3e019-63a8-4c56-b763-057208d5efae:sentiment_agent:sentiment_report:claim:37,sentiment_agent,context_only,unknown,asserted,[],0,[],[],[],[],0,False,Signal: Weak / Contextual — Low direct MSFT relevance
61f3e019-63a8-4c56-b763-057208d5efae:sentiment_agent:sentiment_report:claim:38,sentiment_agent,context_only,unknown,asserted,[],0,[],[],[],[],0,False,r/stocks and r/investing returned zero posts mentioning MSFT in the past 7 days.
61f3e019-63a8-4c56-b763-057208d5efae:sentiment_agent:sentiment_report:claim:39,sentiment_agent,analytical,neutral,negated,[],0,[],[],[],[],0,True,"This is a notable absence — it may reflect that the discussion has migrated to real-time platforms (StockTwits, X/Twitter) ahead of earnings, or simply that MSFT is not a hot Reddit topic this cycle."
61f3e019-63a8-4c56-b763-057208d5efae:sentiment_agent:sentiment_report:claim:40,sentiment_agent,analytical,unknown,asserted,[],0,"[""CONFLICT_WORD""]",[],[],[],0,True,r/wallstreetbets had 4 posts but none were directly about MSFT:
61f3e019-63a8-4c56-b763-057208d5efae:sentiment_agent:sentiment_report:claim:41,sentiment_agent,analytical,unknown,asserted,[],0,"[""CONFLICT_WORD""]",[],[],[],0,True,The Weekly Earnings Thread (7/27–7/31) generically covers the earnings week; MSFT is likely mentioned in comments but the body excerpt provides no direct signal.
61f3e019-63a8-4c56-b763-057208d5efae:sentiment_agent:sentiment_report:claim:42,sentiment_agent,analytical,unknown,conditional,[],0,"[""FORWARD_MULTIWORD""]",[],[],[],0,True,The CME Single Stock Futures post (launching July 27) is procedural — new futures contracts include large-cap names and may add to near-term volatility for MSFT.
61f3e019-63a8-4c56-b763-057208d5efae:sentiment_agent:sentiment_report:claim:43,sentiment_agent,analytical,negative,asserted,[],0,[],[],[],[],0,True,"The ""34% of the S&P is 10 stocks"" post is macro/systemic, warning about concentration risk in mega-cap tech — indirectly bearish for MSFT as a Mag-7 constituent."
61f3e019-63a8-4c56-b763-057208d5efae:sentiment_agent:sentiment_report:claim:44,sentiment_agent,context_only,unknown,asserted,[],0,[],[],[],[],0,False,The FART strategy post is memetic noise; no direct MSFT signal.
61f3e019-63a8-4c56-b763-057208d5efae:sentiment_agent:sentiment_report:claim:45,sentiment_agent,context_only,unknown,asserted,[],0,"[""CONFLICT_WORD""]",[],[],[],0,False,Reddit confidence contribution: Low.
61f3e019-63a8-4c56-b763-057208d5efae:sentiment_agent:sentiment_report:claim:46,sentiment_agent,context_only,unknown,asserted,[],0,[],[],[],[],0,False,"Scores/comment counts were unavailable, and no direct MSFT-specific community analysis emerged."
61f3e019-63a8-4c56-b763-057208d5efae:sentiment_agent:sentiment_report:claim:47,sentiment_agent,analytical,neutral,asserted,[],0,"[""CONFLICT_WORD""]",[],[],[],0,True,Notable divergence: Institutional news frames capex as the key risk but leans constructive (UBS Buy maintained; 24/7 Wall St.
61f3e019-63a8-4c56-b763-057208d5efae:sentiment_agent:sentiment_report:claim:48,sentiment_agent,context_only,unknown,asserted,[],0,[],[],[],[],0,False,argues market won't punish it).
61f3e019-63a8-4c56-b763-057208d5efae:sentiment_agent:sentiment_report:claim:49,sentiment_agent,analytical,positive,asserted,[],0,"[""CONFLICT_WORD""]",[],[],[],0,True,"Retail StockTwits is split — bullish labels dominate, but unlabeled content skews toward concern and hedging (puts, credit spread warnings)."
61f3e019-63a8-4c56-b763-057208d5efae:sentiment_agent:sentiment_report:claim:50,sentiment_agent,context_only,neutral,asserted,[],0,[],[],[],[],0,False,"This is a classic pre-earnings tension: bulls hold long into the print, bears are actively hedging."
61f3e019-63a8-4c56-b763-057208d5efae:sentiment_agent:sentiment_report:claim:51,sentiment_agent,analytical,neutral,asserted,[],0,[],[],[],[],0,True,"Alignment: All three sources converge on the July 29 earnings report as the dominant near-term catalyst, Azure growth as the key metric, and capex spending as the key risk narrative."
61f3e019-63a8-4c56-b763-057208d5efae:sentiment_agent:sentiment_report:claim:52,sentiment_agent,context_only,unknown,asserted,"[""AI CapEx""]",1,[],[],[],[],0,False,AI Capex ROI Debate: The single most persistent theme across all sources.
61f3e019-63a8-4c56-b763-057208d5efae:sentiment_agent:sentiment_report:claim:53,sentiment_agent,context_only,unknown,asserted,[],0,[],[],[],[],0,False,MSFT's $190B capex plan dominates.
61f3e019-63a8-4c56-b763-057208d5efae:sentiment_agent:sentiment_report:claim:54,sentiment_agent,analytical,negative,asserted,[],0,[],[],[],[],0,True,"Bulls argue backlog/demand justifies it; bears flag FCF deterioration, credit spread widening, and execution risk."
61f3e019-63a8-4c56-b763-057208d5efae:sentiment_agent:sentiment_report:claim:55,sentiment_agent,analytical,positive,asserted,[],0,[],[],[],[],0,True,Azure Growth as Make-or-Break: Consensus is that Azure cloud growth acceleration (particularly AI-driven workloads) is the only metric that truly validates the capex thesis.
61f3e019-63a8-4c56-b763-057208d5efae:sentiment_agent:sentiment_report:claim:56,sentiment_agent,analytical,neutral,conditional,[],0,"[""FORWARD_TRANSITIVE_CAUSAL""]",[],[],[],0,True,Anything below 35% growth could trigger a sell-off.
61f3e019-63a8-4c56-b763-057208d5efae:sentiment_agent:sentiment_report:claim:57,sentiment_agent,analytical,negative,conditional,[],0,"[""FORWARD_TRANSITIVE_CAUSAL""]",[],[],[],0,True,"""Sell the News"" Risk: Multiple StockTwits posts and at least one institutional quote explicitly raise the possibility that even a beat could see selling, given how much of the AI narrative is already priced in after an 18–24 month run-up."
61f3e019-63a8-4c56-b763-057208d5efae:sentiment_agent:sentiment_report:claim:58,sentiment_agent,analytical,neutral,negated,[],0,[],[],[],[],0,True,"Earnings Volatility / Options Pricing: The ±7% implied move is a live signal that the market has wide uncertainty bands, not confident directionality."
61f3e019-63a8-4c56-b763-057208d5efae:sentiment_agent:sentiment_report:claim:59,sentiment_agent,analytical,unknown,asserted,[],0,"[""FORWARD_TRANSITIVE_CAUSAL""]",[],[],[],0,True,"Macro Overlay: Fed rate decision, oil/Iran geopolitics, semiconductor competition from China (CXMT IPO, DUV tools) — all create additional noise around a complex fundamental story."
61f3e019-63a8-4c56-b763-057208d5efae:sentiment_agent:sentiment_report:claim:60,sentiment_agent,analytical,neutral,negated,"[""Inference Demand""]",1,[],[],[],[],0,True,"Ecosystem Positioning: Open Secure AI Alliance membership, government contracts, and enterprise AI suite announcements are minor positive signals for long-term narrative, though market is not reacting immediately to these."
61f3e019-63a8-4c56-b763-057208d5efae:sentiment_agent:sentiment_report:claim:61,sentiment_agent,analytical,positive,asserted,"[""AI CapEx""]",1,[],[],[],[],0,True,"Azure growth beats consensus (35%+), validating AI capex"
61f3e019-63a8-4c56-b763-057208d5efae:sentiment_agent:sentiment_report:claim:62,sentiment_agent,context_only,unknown,asserted,[],0,[],[],[],[],0,False,Management provides forward guidance on backlog monetization
61f3e019-63a8-4c56-b763-057208d5efae:sentiment_agent:sentiment_report:claim:63,sentiment_agent,analytical,positive,asserted,[],0,[],[],[],[],0,True,AI inference/enterprise adoption metrics surprise positively
61f3e019-63a8-4c56-b763-057208d5efae:sentiment_agent:sentiment_report:claim:64,sentiment_agent,analytical,neutral,asserted,[],0,"[""FORWARD_TRANSITIVE_CAUSAL""]",[],[],[],0,True,"Macro relief: Fed holds rates, Iran talks reduce geopolitical premium"
61f3e019-63a8-4c56-b763-057208d5efae:news_agent:news_report:claim:1,news_agent,context_only,unknown,asserted,[],0,[],[],[],[],0,False,"Analysis Date: July 27, 2026 | Instrument: MSFT (Microsoft Corporation, NMS)"
61f3e019-63a8-4c56-b763-057208d5efae:news_agent:news_report:claim:2,news_agent,context_only,unknown,asserted,[],0,[],[],[],[],0,False,"Microsoft is scheduled to report its Fiscal Q4 2026 earnings on Wednesday, July 29, and it is the single most-watched event for the stock this week."
61f3e019-63a8-4c56-b763-057208d5efae:news_agent:news_report:claim:4,news_agent,analytical,positive,asserted,"[""AI Infrastructure""]",1,"[""FORWARD_TRANSITIVE_CAUSAL"", ""REVERSE_PASSIVE""]",[],[],[],0,True,"Microsoft has disclosed plans for $190 billion in capital spending in 2026 — a staggering 61% year-over-year increase — primarily driven by AI infrastructure buildout (data centers, GPUs, networking)."
61f3e019-63a8-4c56-b763-057208d5efae:news_agent:news_report:claim:5,news_agent,analytical,positive,asserted,"[""Revenue Growth""]",1,[],[],[],[],0,True,The central question Wall Street is asking: Is Azure cloud revenue growth keeping pace with this investment?
61f3e019-63a8-4c56-b763-057208d5efae:news_agent:news_report:claim:6,news_agent,analytical,negative,asserted,[],0,[],[],[],[],0,True,"Options markets are pricing a ±7% stock move on the earnings date, reflecting meaningful binary risk."
61f3e019-63a8-4c56-b763-057208d5efae:news_agent:news_report:claim:7,news_agent,analytical,positive,asserted,[],0,"[""CONFLICT_WORD""]",[],[],[],0,True,"UBS maintains a 'Buy' rating but has taken a ""more balanced tactical stance"" ahead of the print, acknowledging the tension between capex escalation and steady cloud demand."
61f3e019-63a8-4c56-b763-057208d5efae:news_agent:news_report:claim:8,news_agent,analytical,neutral,negated,[],0,[],[],[],[],0,True,"One notable bullish counterargument (from 24/7 Wall St.): a ""buried number"" in MSFT's financials suggests the market may be unlikely to punish the capex — possibly referring to Azure's backlog or committed cloud contracts that de-risk the spending."
61f3e019-63a8-4c56-b763-057208d5efae:news_agent:news_report:claim:9,news_agent,context_only,unknown,asserted,[],0,[],[],[],[],0,False,"Microsoft, Nvidia, IBM, and Palantir have co-founded the Open Secure AI Alliance, focused on open-source AI development and cybersecurity for AI systems."
61f3e019-63a8-4c56-b763-057208d5efae:news_agent:news_report:claim:10,news_agent,analytical,positive,asserted,"[""Inference Demand""]",1,[],[],[],[],0,True,This signals MSFT's commitment to being a standards-setter in enterprise AI trust frameworks — a positive long-term brand and regulatory moat.
61f3e019-63a8-4c56-b763-057208d5efae:news_agent:news_report:claim:11,news_agent,analytical,positive,asserted,[],0,[],[],[],[],0,True,"Prediction markets assign a 92% probability that MSFT beats quarterly earnings, indicating very high Wall Street confidence in MSFT's ability to deliver above-consensus numbers."
61f3e019-63a8-4c56-b763-057208d5efae:news_agent:news_report:claim:12,news_agent,analytical,unknown,asserted,[],0,"[""CONFLICT_WORD""]",[],[],[],0,True,"However, that probability dipped 1 percentage point week-over-week, suggesting slight cooling in confidence."
61f3e019-63a8-4c56-b763-057208d5efae:news_agent:news_report:claim:13,news_agent,analytical,positive,asserted,[],0,[],[],[],[],0,True,"Key metrics analysts will focus on: Azure cloud growth rate, Copilot monetization traction, operating margin trajectory, and capex guidance for FY2027."
61f3e019-63a8-4c56-b763-057208d5efae:news_agent:news_report:claim:14,news_agent,context_only,unknown,asserted,[],0,[],[],[],[],0,False,"The Fed's two-day policy meeting begins Tuesday, July 29, with markets pricing a >60% probability that rates are held unchanged (per CME FedWatch cited in Reuters)."
61f3e019-63a8-4c56-b763-057208d5efae:news_agent:news_report:claim:15,news_agent,analytical,unknown,asserted,[],0,"[""FORWARD_TRANSITIVE_SUPPORTIVE""]",[],[],[],0,True,Polymarket prediction markets confirm this hawkish tilt: 85% probability of NO rate cuts in all of 2026 (based on $6.5M in traded volume — a highly liquid and reliable signal).
61f3e019-63a8-4c56-b763-057208d5efae:news_agent:news_report:claim:16,news_agent,analytical,unknown,conditional,[],0,[],[],[],[],0,True,"The dollar hit a one-month high on ""lingering chances of a Fed hike,"" suggesting bond markets may be pricing in policy tightening rather than easing."
61f3e019-63a8-4c56-b763-057208d5efae:news_agent:news_report:claim:17,news_agent,analytical,positive,asserted,[],0,"[""FORWARD_TRANSITIVE_CAUSAL""]",[],[],[],0,True,"⚠️ MSFT Implication: A ""higher-for-longer"" rate environment compresses the present value of future cash flows for growth stocks."
61f3e019-63a8-4c56-b763-057208d5efae:news_agent:news_report:claim:18,news_agent,analytical,positive,asserted,[],0,"[""CONFLICT_WORD"", ""FORWARD_TRANSITIVE_CAUSAL""]",[],[],[],0,True,"However, MSFT's cloud and subscription business generates substantial near-term free cash flow, partially insulating it compared to pure-growth names."
61f3e019-63a8-4c56-b763-057208d5efae:news_agent:news_report:claim:19,news_agent,context_only,unknown,asserted,[],0,[],[],[],[],0,False,> ⚠️ Note: FRED API data was unavailable for this report.
61f3e019-63a8-4c56-b763-057208d5efae:news_agent:news_report:claim:20,news_agent,analytical,neutral,negated,[],0,[],[],[],[],0,True,"Specific numerical levels for the fed funds rate, 10Y Treasury yield, CPI, and VIX could not be retrieved."
61f3e019-63a8-4c56-b763-057208d5efae:news_agent:news_report:claim:21,news_agent,context_only,unknown,asserted,[],0,[],[],[],[],0,False,Commentary above is based on news-derived context.
61f3e019-63a8-4c56-b763-057208d5efae:news_agent:news_report:claim:22,news_agent,analytical,negative,asserted,[],0,"[""CONFLICT_WORD""]",[],[],[],0,True,"Polymarket places only a 13% probability on a US recession by end-2026 — still low, but up +0.5pp in the past week."
61f3e019-63a8-4c56-b763-057208d5efae:news_agent:news_report:claim:23,news_agent,analytical,negative,asserted,"[""Recession Risk""]",1,[],[],[],[],0,True,"UK recession risk is higher at 18% (up +2pp week-over-week), and Japan sits at 10%, reflecting a globally uneven growth picture."
61f3e019-63a8-4c56-b763-057208d5efae:news_agent:news_report:claim:24,news_agent,analytical,negative,asserted,[],0,[],[],[],[],0,True,"The macro backdrop is cautiously constructive for MSFT's enterprise software and cloud business, which tends to be more resilient than consumer tech in mild slowdowns."
61f3e019-63a8-4c56-b763-057208d5efae:news_agent:news_report:claim:25,news_agent,analytical,unknown,asserted,[],0,"[""CONFLICT_WORD"", ""FORWARD_MULTIWORD"", ""FORWARD_TRANSITIVE_CAUSAL"", ""FORWARD_TRANSITIVE_SUPPORTIVE""]",[],[],[],0,True,"US strikes on Iran paused following diplomatic talks initiated by President Trump, causing crude oil to plunge sharply on Monday (July 27), benefiting the Dow (+0.5%) while weighing on energy stocks (Occidental -4%, Exxon lower)."
61f3e019-63a8-4c56-b763-057208d5efae:news_agent:news_report:claim:26,news_agent,analytical,neutral,asserted,[],0,"[""FORWARD_TRANSITIVE_CAUSAL""]",[],[],[],0,True,"A headline from OilPrice.com warns: ""$100 Oil Puts Big Tech's $725 Billion AI Bet at Risk"" — higher energy costs meaningfully increase the operational expenses of running data centers at scale."
61f3e019-63a8-4c56-b763-057208d5efae:news_agent:news_report:claim:27,news_agent,analytical,negative,conditional,[],0,"[""CONDITIONAL_MARKER"", ""FORWARD_TRANSITIVE_CAUSAL""]",[],[],[],0,True,"If US-Iran talks collapse and oil re-spikes, MSFT's energy-intensive $190B capex program faces margin pressure."
61f3e019-63a8-4c56-b763-057208d5efae:news_agent:news_report:claim:28,news_agent,context_only,unknown,asserted,[],0,"[""CONFLICT_WORD""]",[],[],[],0,False,"CXMT, a Chinese chipmaker, made a stellar IPO debut and China has reportedly begun manufacturing homegrown deep ultraviolet (DUV) lithography machines — previously a Western monopoly via ASML."
61f3e019-63a8-4c56-b763-057208d5efae:news_agent:news_report:claim:29,news_agent,analytical,unknown,asserted,[],0,[],[],[],[],0,True,"The Philadelphia Semiconductor Index fell >2% on Monday, is down 21% from its June 2026 record high, though still up 63% year-to-date."
61f3e019-63a8-4c56-b763-057208d5efae:news_agent:news_report:claim:30,news_agent,analytical,unknown,conditional,"[""AI Infrastructure""]",1,[],[],[],[],0,True,"This poses an indirect headwind for Microsoft's AI infrastructure supply chain by intensifying global semiconductor competition, potentially lengthening lead times or affecting strategic supplier relationships (Nvidia GPU allocations)."
61f3e019-63a8-4c56-b763-057208d5efae:news_agent:news_report:claim:31,news_agent,context_only,unknown,asserted,[],0,[],[],[],[],0,False,"Big Tech earnings week: MSFT, Amazon, Meta, and Apple all report this week."
61f3e019-63a8-4c56-b763-057208d5efae:news_agent:news_report:claim:32,news_agent,analytical,unknown,asserted,[],0,"[""CONFLICT_WORD"", ""FORWARD_TRANSITIVE_CAUSAL""]",[],[],[],0,True,"Alphabet (Google) has already reported with ""huge numbers but huge costs"" — analysts pressed management on whether massive AI spending creates a real competitive moat."
61f3e019-63a8-4c56-b763-057208d5efae:news_agent:news_report:claim:33,news_agent,context_only,unknown,asserted,[],0,[],[],[],[],0,False,This sets the tone and scrutiny level for MSFT's earnings call — investors will be equally aggressive in demanding Azure ROI clarity.
61f3e019-63a8-4c56-b763-057208d5efae:news_agent:news_report:claim:34,news_agent,analytical,positive,conditional,[],0,"[""FORWARD_TRANSITIVE_CAUSAL""]",[],[],[],0,True,Market reaction across peers is likely to create correlated sector moves — a strong MSFT print could lift the Nasdaq broadly; a miss could accelerate sector rotation into industrials/defense.
61f3e019-63a8-4c56-b763-057208d5efae:news_agent:news_report:claim:35,news_agent,context_only,unknown,asserted,[],0,[],[],[],[],0,False,The debate across Big Tech this earnings season is AI capital return on investment.
61f3e019-63a8-4c56-b763-057208d5efae:news_agent:news_report:claim:36,news_agent,analytical,neutral,negated,[],0,"[""CONFLICT_WORD""]",[],[],[],0,True,"Investors are not yet in ""sell everything"" mode on AI spending, but scrutiny is intensifying."
61f3e019-63a8-4c56-b763-057208d5efae:news_agent:news_report:claim:37,news_agent,context_only,unknown,asserted,[],0,[],[],[],[],0,False,The Nasdaq's slight underperformance vs.
61f3e019-63a8-4c56-b763-057208d5efae:news_agent:news_report:claim:38,news_agent,analytical,neutral,asserted,[],0,"[""FORWARD_TRANSITIVE_CAUSAL""]",[],[],[],0,True,the Dow on July 27 reflects AI-skepticism pressure on growth stocks.
61f3e019-63a8-4c56-b763-057208d5efae:news_agent:news_report:claim:39,news_agent,analytical,negative,conditional,[],0,[],[],[],[],0,True,"One sell-side voice (Skyler Weinand, Regan Capital) suggested investors who are up 10-15% YTD may use tech earnings as a profit-taking opportunity — a near-term overhang risk for MSFT."
61f3e019-63a8-4c56-b763-057208d5efae:news_agent:news_report:claim:40,news_agent,analytical,neutral,conditional,[],0,[],[],[],[],0,True,"The bullish case: MSFT's Azure backlog and contracted commitments likely de-risk the capex story, as the Motley Fool headline implies (""A 61% jump in capital spending only works if cloud demand keeps outrunning supply"")."
61f3e019-63a8-4c56-b763-057208d5efae:news_agent:news_report:claim:41,news_agent,analytical,unknown,asserted,"[""Inference Demand""]",1,"[""FORWARD_TRANSITIVE_SUPPORTIVE""]",[],[],[],0,True,"Participation in the Open Secure AI Alliance alongside Nvidia, IBM, and Palantir reinforces MSFT's positioning as the trusted enterprise AI platform, especially for regulated industries (finance, healthcare, government)."
61f3e019-63a8-4c56-b763-057208d5efae:news_agent:news_report:claim:42,news_agent,context_only,unknown,asserted,[],0,[],[],[],[],0,False,"Copilot monetization across M365, GitHub, and Azure Copilot Studio is a key earnings call talking point — prediction markets suggest 42% chance Copilot is mentioned 20+ times, signaling management emphasis."
61f3e019-63a8-4c56-b763-057208d5efae:news_agent:news_report:claim:43,news_agent,context_only,unknown,asserted,[],0,[],[],[],[],0,False,The July 29 earnings print is the dominant near-term catalyst.
61f3e019-63a8-4c56-b763-057208d5efae:news_agent:news_report:claim:44,news_agent,analytical,positive,asserted,[],0,[],[],[],[],0,True,The setup is high-expectation (92% beat probability) with a wide options-implied range (±7%).
61f3e019-63a8-4c56-b763-057208d5efae:news_agent:news_report:claim:45,news_agent,analytical,neutral,negated,[],0,"[""CONFLICT_WORD"", ""FORWARD_TRANSITIVE_CAUSAL""]",[],[],[],0,True,"This creates an asymmetric risk/reward where a ""good but not great"" print may still sell off on forward capex guidance."
61f3e019-63a8-4c56-b763-057208d5efae:news_agent:news_report:claim:46,news_agent,analytical,positive,asserted,[],0,[],[],[],[],0,True,Azure's sequential growth rate is THE number to watch.
61f3e019-63a8-4c56-b763-057208d5efae:news_agent:news_report:claim:47,news_agent,context_only,neutral,negated,[],0,[],[],[],[],0,False,"The entire bull thesis for MSFT's $190B capex program hinges on Azure remaining demand-constrained, not supply-constrained."
61f3e019-63a8-4c56-b763-057208d5efae:news_agent:news_report:claim:48,news_agent,analytical,positive,asserted,[],0,"[""FORWARD_TRANSITIVE_CAUSAL""]",[],[],[],0,True,Any signal of slowing growth will be penalized.
61f3e019-63a8-4c56-b763-057208d5efae:news_agent:news_report:claim:49,news_agent,analytical,negative,asserted,[],0,"[""FORWARD_TRANSITIVE_CAUSAL""]",[],[],[],0,True,Fed policy creates a sector-level headwind.
61f3e019-63a8-4c56-b763-057208d5efae:news_agent:news_report:claim:50,news_agent,analytical,positive,asserted,[],0,"[""WITH_PREFIX""]",[],[],[],0,True,"With an 85% probability of no cuts in 2026 and the dollar at a one-month high, the rate environment is not supportive of multiple expansion for MSFT."
61f3e019-63a8-4c56-b763-057208d5efae:news_agent:news_report:claim:51,news_agent,analytical,unknown,asserted,[],0,"[""FORWARD_TRANSITIVE_CAUSAL""]",[],[],[],0,True,The stock must grow earnings to sustain/expand its valuation.
61f3e019-63a8-4c56-b763-057208d5efae:news_agent:news_report:claim:52,news_agent,analytical,negative,asserted,[],0,"[""CONFLICT_WORD""]",[],[],[],0,True,Geopolitical tail risk is real but currently receding.
61f3e019-63a8-4c56-b763-057208d5efae:news_agent:news_report:claim:53,news_agent,context_only,unknown,asserted,[],0,[],[],[],[],0,False,US-Iran pause is a near-term relief valve.
61f3e019-63a8-4c56-b763-057208d5efae:news_agent:news_report:claim:54,news_agent,analytical,negative,asserted,[],0,[],[],[],[],0,True,Traders should watch energy prices closely — a return to $100+ oil is a meaningful risk to MSFT's data center economics.
61f3e019-63a8-4c56-b763-057208d5efae:news_agent:news_report:claim:55,news_agent,analytical,positive,asserted,[],0,[],[],[],[],0,True,The Open Secure AI Alliance is a strategic positive.
61f3e019-63a8-4c56-b763-057208d5efae:news_agent:news_report:claim:56,news_agent,analytical,positive,asserted,[],0,"[""FORWARD_TRANSITIVE_SUPPORTIVE""]",[],[],[],0,True,"It signals MSFT is building regulatory goodwill and enterprise trust infrastructure that competitors cannot easily replicate, supporting long-term moat durability."
61f3e019-63a8-4c56-b763-057208d5efae:news_agent:news_report:claim:57,news_agent,context_only,unknown,asserted,[],0,[],[],[],[],0,False,"Report compiled on July 27, 2026."
61f3e019-63a8-4c56-b763-057208d5efae:news_agent:news_report:claim:58,news_agent,context_only,neutral,negated,[],0,[],[],[],[],0,False,All prediction market probabilities are crowd-implied and not guarantees.
61f3e019-63a8-4c56-b763-057208d5efae:news_agent:news_report:claim:59,news_agent,context_only,unknown,asserted,[],0,[],[],[],[],0,False,FRED macroeconomic data was unavailable for this report; macro commentary is derived from news sources only.
61f3e019-63a8-4c56-b763-057208d5efae:fundamental_agent:fundamentals_report:claim:1,fundamental_agent,context_only,unknown,asserted,[],0,[],[],[],[],0,False,Microsoft Corporation (MSFT) is one of the world's largest and most influential technology companies.
61f3e019-63a8-4c56-b763-057208d5efae:fundamental_agent:fundamentals_report:claim:3,fundamental_agent,context_only,unknown,asserted,[],0,[],[],[],[],0,False,"Productivity and Business Processes – Office 365, LinkedIn, Dynamics"
61f3e019-63a8-4c56-b763-057208d5efae:fundamental_agent:fundamentals_report:claim:4,fundamental_agent,context_only,unknown,asserted,[],0,[],[],[],[],0,False,"Intelligent Cloud – Azure, SQL Server, Windows Server, GitHub, Nuance"
61f3e019-63a8-4c56-b763-057208d5efae:fundamental_agent:fundamentals_report:claim:5,fundamental_agent,context_only,unknown,asserted,[],0,[],[],[],[],0,False,"More Personal Computing – Windows OEM, Surface devices, Xbox, Bing/Search"
61f3e019-63a8-4c56-b763-057208d5efae:fundamental_agent:fundamentals_report:claim:6,fundamental_agent,context_only,unknown,asserted,[],0,[],[],[],[],0,False,"As of the analysis date, Microsoft commands a market capitalization of $2.89 trillion, making it one of the top-two most valuable companies globally."
61f3e019-63a8-4c56-b763-057208d5efae:fundamental_agent:fundamentals_report:claim:7,fundamental_agent,context_only,unknown,asserted,[],0,[],[],[],[],0,False,"Its sustained dominance in enterprise software, cloud computing, and AI-integrated services (via Azure OpenAI and Copilot) underpins its premium valuation."
61f3e019-63a8-4c56-b763-057208d5efae:fundamental_agent:fundamentals_report:claim:8,fundamental_agent,analytical,positive,asserted,[],0,[],[],[],[],0,True,"Key Valuation Insight: MSFT's forward P/E of 20.09x is relatively modest for a mega-cap tech company of this caliber, especially given its >39% net profit margins and demonstrated AI-driven growth."
61f3e019-63a8-4c56-b763-057208d5efae:fundamental_agent:fundamentals_report:claim:9,fundamental_agent,analytical,positive,asserted,[],0,[],[],[],[],0,True,The PEG ratio of 1.18x signals near-fair-value pricing relative to growth prospects.
61f3e019-63a8-4c56-b763-057208d5efae:fundamental_agent:fundamentals_report:claim:10,fundamental_agent,context_only,unknown,asserted,[],0,[],[],[],[],0,False,"The current price (implied $389/share based on market cap ÷ shares) sits below both the 50-day and 200-day moving averages, suggesting a period of price consolidation or a technical pullback from the 52-week high of $555.45."
61f3e019-63a8-4c56-b763-057208d5efae:fundamental_agent:fundamentals_report:claim:11,fundamental_agent,analytical,unknown,asserted,[],0,"[""FORWARD_TRANSITIVE_CAUSAL""]",[],[],[],0,True,"Revenue grew 42.1% over three years (FY2022 → FY2025), reflecting accelerating Azure and AI monetization."
61f3e019-63a8-4c56-b763-057208d5efae:fundamental_agent:fundamentals_report:claim:12,fundamental_agent,analytical,positive,asserted,[],0,[],[],[],[],0,True,"Net income grew 40.0% over the same period, demonstrating strong operating leverage."
61f3e019-63a8-4c56-b763-057208d5efae:fundamental_agent:fundamentals_report:claim:13,fundamental_agent,context_only,unknown,asserted,[],0,[],[],[],[],0,False,"Trailing Twelve Months (TTM) Revenue: $318.3B — already significantly outpacing FY2025 full-year figures, signaling an even more powerful FY2026."
61f3e019-63a8-4c56-b763-057208d5efae:fundamental_agent:fundamentals_report:claim:14,fundamental_agent,context_only,unknown,asserted,[],0,[],[],[],[],0,False,"Gross Margin: Approximately 67.7% on a TTM basis — a premium, asset-light-like margin profile for a company of this scale."
61f3e019-63a8-4c56-b763-057208d5efae:fundamental_agent:fundamentals_report:claim:15,fundamental_agent,context_only,unknown,asserted,[],0,[],[],[],[],0,False,Profit Margin (TTM): 39.3% — an exceptionally high figure for a diversified tech conglomerate.
61f3e019-63a8-4c56-b763-057208d5efae:fundamental_agent:fundamentals_report:claim:16,fundamental_agent,analytical,unknown,asserted,[],0,"[""REVERSE_MULTIWORD""]",[],[],[],0,True,"Operating Margin: 46.3% — an extraordinary operating leverage figure, benefiting from software scalability and the Activision Blizzard integration absorption."
61f3e019-63a8-4c56-b763-057208d5efae:fundamental_agent:fundamentals_report:claim:17,fundamental_agent,context_only,unknown,asserted,[],0,[],[],[],[],0,False,"Q2 FY2026 (Dec 2025) net income of $38.46B was the highest quarter on record in the dataset, likely boosted by investment gains ($9.54B Other Non-Operating Income)."
61f3e019-63a8-4c56-b763-057208d5efae:fundamental_agent:fundamentals_report:claim:18,fundamental_agent,analytical,unknown,asserted,[],0,[],[],[],[],0,True,"R&D investments have been persistently elevated, rising from $24.5B (FY2022) to $32.5B (FY2025), reflecting commitment to AI/cloud leadership."
61f3e019-63a8-4c56-b763-057208d5efae:fundamental_agent:fundamentals_report:claim:19,fundamental_agent,analytical,unknown,asserted,[],0,"[""REVERSE_PASSIVE""]",[],[],[],0,True,Total assets grew from $562.6B (Mar 2025) to $694.2B (Mar 2026) — +23.4% YoY — driven primarily by massive PP&E investment in AI data centers.
61f3e019-63a8-4c56-b763-057208d5efae:fundamental_agent:fundamentals_report:claim:20,fundamental_agent,analytical,unknown,asserted,[],0,[],[],[],[],0,True,"Net PP&E expanded dramatically: from $229.8B (Jun 2025) to $307.6B (Mar 2026) — +33.8% in 9 months, reflecting the unprecedented pace of Azure infrastructure buildout."
61f3e019-63a8-4c56-b763-057208d5efae:fundamental_agent:fundamentals_report:claim:21,fundamental_agent,context_only,unknown,asserted,[],0,[],[],[],[],0,False,Gross PPE is now $419.4B.
61f3e019-63a8-4c56-b763-057208d5efae:fundamental_agent:fundamentals_report:claim:22,fundamental_agent,analytical,neutral,asserted,[],0,"[""REVERSE_PASSIVE""]",[],[],[],0,True,"Stockholders' Equity grew from $343.5B (Jun 2025) to $414.4B (Mar 2026), driven by retained earnings."
61f3e019-63a8-4c56-b763-057208d5efae:fundamental_agent:fundamentals_report:claim:23,fundamental_agent,context_only,unknown,asserted,[],0,[],[],[],[],0,False,Retained Earnings of $302.5B as of Mar 2026 (vs.
61f3e019-63a8-4c56-b763-057208d5efae:fundamental_agent:fundamentals_report:claim:24,fundamental_agent,analytical,positive,asserted,[],0,[],[],[],[],0,True,$237.7B in Jun 2025) shows strong compounding wealth creation.
61f3e019-63a8-4c56-b763-057208d5efae:fundamental_agent:fundamentals_report:claim:25,fundamental_agent,context_only,unknown,asserted,[],0,[],[],[],[],0,False,Net Debt is remarkably low at just $8.16B given the scale — effectively a near-net-cash company at this size.
61f3e019-63a8-4c56-b763-057208d5efae:fundamental_agent:fundamentals_report:claim:26,fundamental_agent,context_only,unknown,asserted,[],0,[],[],[],[],0,False,"Goodwill & Intangibles of $139.0B includes $119.7B goodwill, largely tied to the Activision Blizzard acquisition."
61f3e019-63a8-4c56-b763-057208d5efae:fundamental_agent:fundamentals_report:claim:27,fundamental_agent,analytical,unknown,asserted,[],0,"[""FORWARD_TRANSITIVE_CAUSAL""]",[],[],[],0,True,"Current Ratio of 1.28x is adequate, though the large deferred revenue ($50.9B current + $2.8B non-current) is a non-cash liability that naturally compresses this ratio."
61f3e019-63a8-4c56-b763-057208d5efae:fundamental_agent:fundamentals_report:claim:28,fundamental_agent,analytical,unknown,asserted,[],0,"[""CONFLICT_WORD""]",[],[],[],0,True,"Debt-to-Equity of 30.3 appears elevated in absolute terms, but is largely attributable to operating leverage through deferred revenue obligations rather than aggressive financial leverage."
61f3e019-63a8-4c56-b763-057208d5efae:fundamental_agent:fundamentals_report:claim:29,fundamental_agent,analytical,positive,asserted,[],0,"[""FORWARD_TRANSITIVE_CAUSAL""]",[],[],[],0,True,"Operating cash flow has grown from $89.0B (FY2022) → $136.2B (FY2025), a 53% increase in 3 years."
61f3e019-63a8-4c56-b763-057208d5efae:fundamental_agent:fundamentals_report:claim:30,fundamental_agent,context_only,unknown,asserted,"[""AI Infrastructure""]",1,[],[],[],[],0,False,"Capital expenditure is surging dramatically: CapEx jumped from $44.5B (FY2024) to $64.6B (FY2025) annually, and the Q3 FY2026 alone shows $30.9B in CapEx in a single quarter — annualizing to $120B+, reflecting extraordinary AI infrastructure investment."
61f3e019-63a8-4c56-b763-057208d5efae:fundamental_agent:fundamentals_report:claim:31,fundamental_agent,context_only,unknown,asserted,[],0,[],[],[],[],0,False,Free cash flow is temporarily compressed due to the CapEx surge (TTM FCF noted at $37.0B vs.
61f3e019-63a8-4c56-b763-057208d5efae:fundamental_agent:fundamentals_report:claim:32,fundamental_agent,analytical,unknown,asserted,[],0,"[""CONFLICT_WORD""]",[],[],[],0,True,"$74.1B in FY2024), but underlying operating cash generation remains robust."
61f3e019-63a8-4c56-b763-057208d5efae:fundamental_agent:fundamentals_report:claim:33,fundamental_agent,context_only,unknown,asserted,[],0,[],[],[],[],0,False,"Dividends paid: $24.1B in FY2025, with quarterly payments of $6.2–$6.8B — signaling commitment to returning capital."
61f3e019-63a8-4c56-b763-057208d5efae:fundamental_agent:fundamentals_report:claim:34,fundamental_agent,analytical,positive,asserted,[],0,[],[],[],[],0,True,"Share buybacks continue: $4.6B in Q3 FY2026, $7.4B in Q2 FY2026."
61f3e019-63a8-4c56-b763-057208d5efae:fundamental_agent:fundamentals_report:claim:35,fundamental_agent,context_only,neutral,asserted,[],0,[],[],[],[],0,False,"Combined with dividends, Microsoft returned $11B+ to shareholders in Q3 FY2026 alone."
61f3e019-63a8-4c56-b763-057208d5efae:fundamental_agent:fundamentals_report:claim:36,fundamental_agent,analytical,unknown,asserted,[],0,"[""CONFLICT_WORD""]",[],[],[],0,True,"Stock-Based Compensation (SBC): $3.1B per quarter, or $12B annualized — significant but manageable relative to operating cash flows."
61f3e019-63a8-4c56-b763-057208d5efae:fundamental_agent:fundamentals_report:claim:37,fundamental_agent,analytical,positive,asserted,[],0,[],[],[],[],0,True,The single most important growth driver for MSFT is its deeply integrated AI strategy.
61f3e019-63a8-4c56-b763-057208d5efae:fundamental_agent:fundamentals_report:claim:38,fundamental_agent,context_only,unknown,asserted,[],0,[],[],[],[],0,False,Azure remains the backbone of AI workloads for enterprise clients.
61f3e019-63a8-4c56-b763-057208d5efae:fundamental_agent:fundamentals_report:claim:39,fundamental_agent,context_only,unknown,asserted,[],0,[],[],[],[],0,False,"Microsoft Copilot (integrated across Teams, Office, GitHub, Dynamics) has created a new monetization layer."
61f3e019-63a8-4c56-b763-057208d5efae:fundamental_agent:fundamentals_report:claim:40,fundamental_agent,analytical,positive,asserted,"[""Revenue Growth""]",1,"[""FORWARD_TRANSITIVE_SUPPORTIVE""]",[],[],[],0,True,"Revenue growth from $281.7B (FY2025) to a $318.3B TTM run rate confirms real, tangible AI monetization."
61f3e019-63a8-4c56-b763-057208d5efae:fundamental_agent:fundamentals_report:claim:41,fundamental_agent,analytical,unknown,asserted,[],0,"[""FORWARD_TRANSITIVE_SUPPORTIVE""]",[],[],[],0,True,The dramatic jump in CapEx — from $24B (FY2022) to a projected $120B+ annualized rate (FY2026) — signals Microsoft is building out an infrastructure moat that will benefit Azure capacity for years.
61f3e019-63a8-4c56-b763-057208d5efae:fundamental_agent:fundamentals_report:claim:42,fundamental_agent,analytical,unknown,asserted,[],0,"[""CONFLICT_WORD""]",[],[],[],0,True,"While this temporarily suppresses FCF, it positions MSFT ahead of any potential supply-side bottleneck in AI computing."
61f3e019-63a8-4c56-b763-057208d5efae:fundamental_agent:fundamentals_report:claim:43,fundamental_agent,analytical,neutral,negated,[],0,"[""CONFLICT_WORD""]",[],[],[],0,True,"Current deferred revenue stands at $50.9B (Mar 2026), representing contracted but not-yet-recognized revenue — a high-quality demand signal."
61f3e019-63a8-4c56-b763-057208d5efae:fundamental_agent:fundamentals_report:claim:44,fundamental_agent,context_only,unknown,asserted,[],0,[],[],[],[],0,False,This is largely from multi-year Azure and Microsoft 365 commitments.
61f3e019-63a8-4c56-b763-057208d5efae:fundamental_agent:fundamentals_report:claim:45,fundamental_agent,analytical,negative,asserted,[],0,[],[],[],[],0,True,FCF dropped from $74.1B (FY2024) to $71.6B (FY2025) and is on pace to decline further in FY2026 due to massive CapEx.
61f3e019-63a8-4c56-b763-057208d5efae:fundamental_agent:fundamentals_report:claim:46,fundamental_agent,analytical,neutral,negated,"[""Revenue Growth""]",1,"[""CONFLICT_WORD""]",[],[],[],0,True,"While this is a deliberate investment decision, the market may react negatively if CapEx does not translate to commensurate revenue growth."
61f3e019-63a8-4c56-b763-057208d5efae:fundamental_agent:fundamentals_report:claim:47,fundamental_agent,analytical,unknown,asserted,[],0,[],[],[],[],0,True,"The current price (implied $389) is below both the 50-day ($399) and 200-day ($436) moving averages, suggesting near-term technical weakness."
61f3e019-63a8-4c56-b763-057208d5efae:fundamental_agent:fundamentals_report:claim:48,fundamental_agent,analytical,unknown,conditional,[],0,[],[],[],[],0,True,This may represent an attractive accumulation window for long-term investors.
61f3e019-63a8-4c56-b763-057208d5efae:fundamental_agent:fundamentals_report:claim:49,fundamental_agent,analytical,negative,conditional,[],0,[],[],[],[],0,True,The $119.7B in goodwill (substantially tied to Activision) remains a risk if gaming segment performance disappoints or impairment charges emerge.
61f3e019-63a8-4c56-b763-057208d5efae:fundamental_agent:fundamentals_report:claim:50,fundamental_agent,analytical,positive,asserted,[],0,[],[],[],[],0,True,"Long-Term Fundamental Thesis Remains Intact: Revenue, earnings, and operating cash flow are all growing strongly."
61f3e019-63a8-4c56-b763-057208d5efae:fundamental_agent:fundamentals_report:claim:51,fundamental_agent,analytical,neutral,negated,[],0,"[""FORWARD_TRANSITIVE_CAUSAL""]",[],[],[],0,True,"MSFT's AI strategy is generating real revenue, not just hype."
61f3e019-63a8-4c56-b763-057208d5efae:fundamental_agent:fundamentals_report:claim:52,fundamental_agent,analytical,positive,asserted,"[""Revenue Growth""]",1,[],[],[],[],0,True,CapEx Watch: Monitor whether the unprecedented $30B+ quarterly CapEx is met with proportional Azure revenue growth.
61f3e019-63a8-4c56-b763-057208d5efae:fundamental_agent:fundamentals_report:claim:53,fundamental_agent,context_only,unknown,asserted,[],0,[],[],[],[],0,False,Q4 FY2026 results will be critical.
61f3e019-63a8-4c56-b763-057208d5efae:fundamental_agent:fundamentals_report:claim:54,fundamental_agent,analytical,unknown,asserted,[],0,[],[],[],[],0,True,Valuation is Undemanding: A forward P/E of 20x for a company growing revenue at 15%+ with 46% operating margins and $2.89T market cap is surprisingly reasonable.
61f3e019-63a8-4c56-b763-057208d5efae:fundamental_agent:fundamentals_report:claim:55,fundamental_agent,analytical,unknown,conditional,[],0,[],[],[],[],0,True,Technical Weakness = Potential Entry: Current price below both moving averages may offer a tactical entry point for investors with a 12-24 month horizon.
61f3e019-63a8-4c56-b763-057208d5efae:fundamental_agent:fundamentals_report:claim:56,fundamental_agent,analytical,positive,asserted,[],0,[],[],[],[],0,True,"Dividend & Buyback Stability: Microsoft continues to return $11B+ per quarter to shareholders, signaling financial confidence from management."
61f3e019-63a8-4c56-b763-057208d5efae:fundamental_agent:fundamentals_report:claim:57,fundamental_agent,context_only,unknown,asserted,[],0,[],[],[],[],0,False,"Report prepared as of July 27, 2026 using the most recently available financial data for MSFT (Microsoft Corporation)."
61f3e019-63a8-4c56-b763-057208d5efae:fundamental_agent:fundamentals_report:claim:58,fundamental_agent,context_only,unknown,asserted,[],0,[],[],[],[],0,False,All figures sourced from company filings and financial databases.
61f3e019-63a8-4c56-b763-057208d5efae:bull_researcher:investment_debate_state.bull_history:claim:1,bull_researcher,context_only,unknown,asserted,[],0,[],[],[],[],0,False,Bull Analyst: # 🐂 The Bull Case for MSFT: Why $389 Is an Extraordinary Opportunity
61f3e019-63a8-4c56-b763-057208d5efae:bull_researcher:investment_debate_state.bull_history:claim:2,bull_researcher,analytical,unknown,conditional,[],0,[],[],[],[],0,True,"The bear is pointing at a chart showing MSFT down from $481 and saying ""danger, danger."" I'm looking at the exact same data and seeing something completely different: a world-class business temporarily mispriced by short-term anxiety ahead of what could be a transformational earnings print."
61f3e019-63a8-4c56-b763-057208d5efae:bull_researcher:investment_debate_state.bull_history:claim:3,bull_researcher,context_only,neutral,negated,[],0,[],[],[],[],0,False,Let me walk you through why I'm not just holding MSFT at $389 — I'm excited about it.
61f3e019-63a8-4c56-b763-057208d5efae:bull_researcher:investment_debate_state.bull_history:claim:4,bull_researcher,context_only,unknown,asserted,[],0,[],[],[],[],0,False,The bear's entire technical case rests on the observation that MSFT is below its 50 SMA ($399) and 200 SMA ($434).
61f3e019-63a8-4c56-b763-057208d5efae:bull_researcher:investment_debate_state.bull_history:claim:5,bull_researcher,context_only,unknown,asserted,[],0,[],[],[],[],0,False,I won't dispute the chart.
61f3e019-63a8-4c56-b763-057208d5efae:bull_researcher:investment_debate_state.bull_history:claim:6,bull_researcher,analytical,unknown,asserted,[],0,"[""CONFLICT_WORD""]",[],[],[],0,True,But here's what I'll ask: when has MSFT trading below its 200 SMA ever been a permanent condition?
61f3e019-63a8-4c56-b763-057208d5efae:bull_researcher:investment_debate_state.bull_history:claim:8,bull_researcher,analytical,unknown,asserted,[],0,[],[],[],[],0,True,Forward P/E of 20.09x for a company growing revenue at 15%+ with 46.3% operating margins
61f3e019-63a8-4c56-b763-057208d5efae:bull_researcher:investment_debate_state.bull_history:claim:9,bull_researcher,context_only,unknown,asserted,[],0,[],[],[],[],0,False,PEG ratio of 1.18x — that's near fair value for one of the most competitively entrenched businesses on earth
61f3e019-63a8-4c56-b763-057208d5efae:bull_researcher:investment_debate_state.bull_history:claim:10,bull_researcher,context_only,unknown,asserted,[],0,[],[],[],[],0,False,52-week low of $349.20 already tested and held on massive capitulation volume (186M shares on June 26)
61f3e019-63a8-4c56-b763-057208d5efae:bull_researcher:investment_debate_state.bull_history:claim:11,bull_researcher,analytical,unknown,asserted,[],0,[],[],[],[],0,True,The bear is treating a technical pullback from January highs as evidence of structural deterioration.
61f3e019-63a8-4c56-b763-057208d5efae:bull_researcher:investment_debate_state.bull_history:claim:12,bull_researcher,analytical,positive,asserted,[],0,[],[],[],[],0,True,MSFT went from $349 to $389 — a +11% recovery — precisely because the underlying business hasn't missed a beat.
61f3e019-63a8-4c56-b763-057208d5efae:bull_researcher:investment_debate_state.bull_history:claim:13,bull_researcher,context_only,neutral,negated,[],0,[],[],[],[],0,False,"This is valuation compression reversing, not a broken company."
61f3e019-63a8-4c56-b763-057208d5efae:bull_researcher:investment_debate_state.bull_history:claim:15,bull_researcher,analytical,positive,asserted,"[""Revenue Growth""]",1,"[""FORWARD_TRANSITIVE_CAUSAL""]",[],[],[],0,True,Revenue growth isn't slowing — it's compounding:
61f3e019-63a8-4c56-b763-057208d5efae:bull_researcher:investment_debate_state.bull_history:claim:16,bull_researcher,analytical,neutral,negated,[],0,[],[],[],[],0,True,A company crossing $318 billion in annual revenue and still growing at double digits is not a company in decline.
61f3e019-63a8-4c56-b763-057208d5efae:bull_researcher:investment_debate_state.bull_history:claim:17,bull_researcher,analytical,positive,asserted,[],0,[],[],[],[],0,True,That's a growth machine.
61f3e019-63a8-4c56-b763-057208d5efae:bull_researcher:investment_debate_state.bull_history:claim:18,bull_researcher,context_only,unknown,asserted,[],0,[],[],[],[],0,False,And Q3 FY2026 alone printed $82.9B in a single quarter — that's nearly $82.9B in 90 days.
61f3e019-63a8-4c56-b763-057208d5efae:bull_researcher:investment_debate_state.bull_history:claim:19,bull_researcher,context_only,unknown,asserted,[],0,[],[],[],[],0,False,Net income TTM is $125.2B.
61f3e019-63a8-4c56-b763-057208d5efae:bull_researcher:investment_debate_state.bull_history:claim:20,bull_researcher,analytical,unknown,asserted,[],0,[],[],[],[],0,True,EPS is growing from $13.64 (FY2025) to a forward estimate of $19.37.
61f3e019-63a8-4c56-b763-057208d5efae:bull_researcher:investment_debate_state.bull_history:claim:21,bull_researcher,analytical,positive,asserted,[],0,[],[],[],[],0,True,That's +41.9% EPS growth the market is pricing at just 20x forward earnings.
61f3e019-63a8-4c56-b763-057208d5efae:bull_researcher:investment_debate_state.bull_history:claim:22,bull_researcher,context_only,unknown,asserted,[],0,[],[],[],[],0,False,The bear wants me to be scared of that?
61f3e019-63a8-4c56-b763-057208d5efae:bull_researcher:investment_debate_state.bull_history:claim:23,bull_researcher,analytical,positive,asserted,[],0,[],[],[],[],0,True,"The bear's strongest argument is probably the $190 billion capex plan — ""they're spending recklessly."" I understand why that sounds alarming."
61f3e019-63a8-4c56-b763-057208d5efae:bull_researcher:investment_debate_state.bull_history:claim:24,bull_researcher,context_only,unknown,asserted,[],0,[],[],[],[],0,False,Microsoft isn't spending $190B because they're desperate.
61f3e019-63a8-4c56-b763-057208d5efae:bull_researcher:investment_debate_state.bull_history:claim:25,bull_researcher,context_only,unknown,asserted,[],0,[],[],[],[],0,False,They're spending $190B because demand is outrunning their supply.
61f3e019-63a8-4c56-b763-057208d5efae:bull_researcher:investment_debate_state.bull_history:claim:26,bull_researcher,analytical,unknown,conditional,[],0,[],[],[],[],0,True,"The Motley Fool framing says it best: ""A 61% jump in capital spending only works if cloud demand keeps outrunning supply."" And here's the critical data point the bear keeps glossing over: $50.9 billion in deferred revenue sitting on Microsoft's balance sheet as of March 2026."
61f3e019-63a8-4c56-b763-057208d5efae:bull_researcher:investment_debate_state.bull_history:claim:27,bull_researcher,analytical,neutral,asserted,[],0,[],[],[],[],0,True,"That's contracted, committed, already-sold revenue waiting to be recognized."
61f3e019-63a8-4c56-b763-057208d5efae:bull_researcher:investment_debate_state.bull_history:claim:28,bull_researcher,analytical,positive,conditional,[],0,[],[],[],[],0,True,You don't build that kind of backlog if enterprises aren't buying.
61f3e019-63a8-4c56-b763-057208d5efae:bull_researcher:investment_debate_state.bull_history:claim:29,bull_researcher,analytical,positive,asserted,[],0,[],[],[],[],0,True,Think about what that $190B capex actually buys:
61f3e019-63a8-4c56-b763-057208d5efae:bull_researcher:investment_debate_state.bull_history:claim:30,bull_researcher,context_only,unknown,asserted,[],0,[],[],[],[],0,False,Azure data center capacity that competitors cannot spin up overnight — this is a multi-year structural moat
61f3e019-63a8-4c56-b763-057208d5efae:bull_researcher:investment_debate_state.bull_history:claim:31,bull_researcher,context_only,unknown,asserted,[],0,[],[],[],[],0,False,GPU and AI chip allocations with Nvidia that smaller players cannot access at scale
61f3e019-63a8-4c56-b763-057208d5efae:bull_researcher:investment_debate_state.bull_history:claim:32,bull_researcher,analytical,unknown,asserted,[],0,[],[],[],[],0,True,Infrastructure lock-in for enterprise clients who sign 3-5 year Azure contracts
61f3e019-63a8-4c56-b763-057208d5efae:bull_researcher:investment_debate_state.bull_history:claim:33,bull_researcher,context_only,unknown,asserted,[],0,[],[],[],[],0,False,Net PP&E jumped from $229.8B to $307.6B in just nine months.
61f3e019-63a8-4c56-b763-057208d5efae:bull_researcher:investment_debate_state.bull_history:claim:34,bull_researcher,context_only,neutral,negated,"[""AI Infrastructure"", ""Inference Demand""]",2,[],"[""AI Infrastructure"", ""Inference Demand""]",[],[],0,False,"That's not reckless spending — that's the largest enterprise AI infrastructure buildout in corporate history, funded by a company with only $8.2 billion in net debt."
61f3e019-63a8-4c56-b763-057208d5efae:bull_researcher:investment_debate_state.bull_history:claim:35,bull_researcher,context_only,neutral,negated,[],0,[],[],[],[],0,False,"MSFT is essentially building this moat with cash, not leverage."
61f3e019-63a8-4c56-b763-057208d5efae:bull_researcher:investment_debate_state.bull_history:claim:36,bull_researcher,context_only,unknown,asserted,[],0,[],[],[],[],0,False,"And yes, FCF is temporarily compressed — from $74B to $37B TTM."
61f3e019-63a8-4c56-b763-057208d5efae:bull_researcher:investment_debate_state.bull_history:claim:37,bull_researcher,context_only,unknown,asserted,[],0,[],[],[],[],0,False,The bear will wave this around.
61f3e019-63a8-4c56-b763-057208d5efae:bull_researcher:investment_debate_state.bull_history:claim:38,bull_researcher,analytical,unknown,asserted,[],0,"[""CONFLICT_WORD""]",[],[],[],0,True,But operating cash flow is $136.2 billion annually and growing.
61f3e019-63a8-4c56-b763-057208d5efae:bull_researcher:investment_debate_state.bull_history:claim:39,bull_researcher,analytical,neutral,negated,[],0,[],[],[],[],0,True,"The FCF compression is a deliberate investment choice, not a sign of deteriorating cash generation."
61f3e019-63a8-4c56-b763-057208d5efae:bull_researcher:investment_debate_state.bull_history:claim:40,bull_researcher,analytical,unknown,asserted,[],0,[],[],[],[],0,True,When CapEx stabilizes — and it will — FCF will explode back upward.
61f3e019-63a8-4c56-b763-057208d5efae:bull_researcher:investment_debate_state.bull_history:claim:41,bull_researcher,context_only,unknown,asserted,[],0,[],[],[],[],0,False,"This is the same playbook Amazon ran with AWS in 2013-2016, and we know how that story ended."
61f3e019-63a8-4c56-b763-057208d5efae:bull_researcher:investment_debate_state.bull_history:claim:42,bull_researcher,analytical,positive,asserted,[],0,[],[],[],[],0,True,MACD has crossed ABOVE the signal line — that's a confirmed bullish crossover
61f3e019-63a8-4c56-b763-057208d5efae:bull_researcher:investment_debate_state.bull_history:claim:43,bull_researcher,analytical,unknown,asserted,[],0,[],[],[],[],0,True,MACD has recovered from -13.67 to -0.51 — one of the sharpest momentum recoveries in the dataset
61f3e019-63a8-4c56-b763-057208d5efae:bull_researcher:investment_debate_state.bull_history:claim:44,bull_researcher,analytical,positive,asserted,[],0,[],[],[],[],0,True,"RSI at 49 — neutral, with enormous room to run to the upside."
61f3e019-63a8-4c56-b763-057208d5efae:bull_researcher:investment_debate_state.bull_history:claim:45,bull_researcher,analytical,unknown,asserted,[],0,"[""FORWARD_TRANSITIVE_CAUSAL""]",[],[],[],0,True,This isn't a tired rally; this is a rally with fuel in the tank
61f3e019-63a8-4c56-b763-057208d5efae:bull_researcher:investment_debate_state.bull_history:claim:46,bull_researcher,analytical,unknown,asserted,[],0,[],[],[],[],0,True,Bollinger Bands contracting — the technical setup for a volatility expansion.
61f3e019-63a8-4c56-b763-057208d5efae:bull_researcher:investment_debate_state.bull_history:claim:47,bull_researcher,context_only,unknown,asserted,[],0,[],[],[],[],0,False,The question is which direction.
61f3e019-63a8-4c56-b763-057208d5efae:bull_researcher:investment_debate_state.bull_history:claim:48,bull_researcher,context_only,unknown,asserted,[],0,[],[],[],[],0,False,"Given the fundamental backdrop and upcoming earnings catalyst, I know which way I'm betting"
61f3e019-63a8-4c56-b763-057208d5efae:bull_researcher:investment_debate_state.bull_history:claim:49,bull_researcher,context_only,unknown,asserted,[],0,[],[],[],[],0,False,The June 25-26 capitulation on 186 million shares — the highest volume day in the dataset — is textbook technical analysis for a major low.
61f3e019-63a8-4c56-b763-057208d5efae:bull_researcher:investment_debate_state.bull_history:claim:50,bull_researcher,analytical,positive,asserted,[],0,[],[],[],[],0,True,Smart money was buying that flush.
61f3e019-63a8-4c56-b763-057208d5efae:bull_researcher:investment_debate_state.bull_history:claim:51,bull_researcher,context_only,unknown,asserted,[],0,[],[],[],[],0,False,"The bear is looking at that candle and saying ""danger."" Every technical textbook calls that a reversal signal."
61f3e019-63a8-4c56-b763-057208d5efae:bull_researcher:investment_debate_state.bull_history:claim:52,bull_researcher,analytical,positive,asserted,[],0,[],[],[],[],0,True,Here's what the bear conveniently underweights: prediction markets give MSFT a 92% probability of beating earnings on July 29.
61f3e019-63a8-4c56-b763-057208d5efae:bull_researcher:investment_debate_state.bull_history:claim:53,bull_researcher,context_only,neutral,negated,[],0,[],[],[],[],0,False,That's not analyst consensus optimism — that's real money being wagered with real accountability.
61f3e019-63a8-4c56-b763-057208d5efae:bull_researcher:investment_debate_state.bull_history:claim:54,bull_researcher,analytical,positive,conditional,[],0,[],[],[],[],0,True,What happens if Azure comes in above the 35% growth threshold?
61f3e019-63a8-4c56-b763-057208d5efae:bull_researcher:investment_debate_state.bull_history:claim:55,bull_researcher,analytical,positive,conditional,[],0,[],[],[],[],0,True,What happens if Copilot monetization metrics beat?
61f3e019-63a8-4c56-b763-057208d5efae:bull_researcher:investment_debate_state.bull_history:claim:56,bull_researcher,context_only,unknown,asserted,[],0,[],[],[],[],0,False,What happens when management discusses that $50.9B deferred revenue backlog and provides FY2027 visibility?
61f3e019-63a8-4c56-b763-057208d5efae:bull_researcher:investment_debate_state.bull_history:claim:57,bull_researcher,context_only,unknown,asserted,[],0,[],[],[],[],0,False,The options market is pricing a ±7% move.
61f3e019-63a8-4c56-b763-057208d5efae:bull_researcher:investment_debate_state.bull_history:claim:58,bull_researcher,analytical,negative,asserted,[],0,[],[],[],[],0,True,The bear frames that as risk.
61f3e019-63a8-4c56-b763-057208d5efae:bull_researcher:investment_debate_state.bull_history:claim:59,bull_researcher,context_only,unknown,asserted,[],0,[],[],[],[],0,False,I frame it as opportunity.
61f3e019-63a8-4c56-b763-057208d5efae:bull_researcher:investment_debate_state.bull_history:claim:60,bull_researcher,analytical,unknown,conditional,[],0,"[""CONDITIONAL_MARKER""]",[],[],[],0,True,"If MSFT is at $389 and moves +7%, that's $417 — already above the 50 SMA resistance the bear keeps citing."
61f3e019-63a8-4c56-b763-057208d5efae:bull_researcher:investment_debate_state.bull_history:claim:61,bull_researcher,context_only,unknown,asserted,[],0,[],[],[],[],0,False,A +7% move clears multiple technical barriers in a single session.
61f3e019-63a8-4c56-b763-057208d5efae:bull_researcher:investment_debate_state.bull_history:claim:62,bull_researcher,analytical,positive,asserted,[],0,[],[],[],[],0,True,"And here's the asymmetry argument: with a 92% beat probability, the odds favor the upside scenario."
61f3e019-63a8-4c56-b763-057208d5efae:bull_researcher:investment_debate_state.bull_history:claim:63,bull_researcher,context_only,unknown,asserted,[],0,[],[],[],[],0,False,The bear needs to explain why they're positioning for the 8% chance.
61f3e019-63a8-4c56-b763-057208d5efae:bull_researcher:investment_debate_state.bull_history:claim:64,bull_researcher,analytical,unknown,asserted,[],0,[],[],[],[],0,True,"Let me address the competitive landscape directly, because the bear will bring up Chinese semiconductors and macro headwinds:"
61f3e019-63a8-4c56-b763-057208d5efae:bear_researcher:investment_debate_state.bear_history:claim:1,bear_researcher,context_only,neutral,negated,[],0,[],[],[],[],0,False,"Bear Analyst: # 🐻 The Bear Case for MSFT: Why $389 Is a Trap, Not a Bargain"
61f3e019-63a8-4c56-b763-057208d5efae:bear_researcher:investment_debate_state.bear_history:claim:2,bear_researcher,context_only,unknown,asserted,[],0,[],[],[],[],0,False,"The bull just delivered a beautifully polished pitch — big numbers, exciting narratives, Amazon comparisons."
61f3e019-63a8-4c56-b763-057208d5efae:bear_researcher:investment_debate_state.bear_history:claim:3,bear_researcher,context_only,unknown,asserted,[],0,[],[],[],[],0,False,It's also dangerously selective.
61f3e019-63a8-4c56-b763-057208d5efae:bear_researcher:investment_debate_state.bear_history:claim:4,bear_researcher,context_only,unknown,asserted,[],0,[],[],[],[],0,False,My job isn't to tell you Microsoft is a bad company.
61f3e019-63a8-4c56-b763-057208d5efae:bear_researcher:investment_debate_state.bear_history:claim:5,bear_researcher,context_only,unknown,asserted,[],0,[],[],[],[],0,False,It's a great company.
61f3e019-63a8-4c56-b763-057208d5efae:bear_researcher:investment_debate_state.bear_history:claim:6,bear_researcher,analytical,negative,asserted,[],0,[],[],[],[],0,True,My job is to tell you why great companies can still be terrible investments at the wrong price with the wrong risk profile at the wrong moment in the cycle — and that's exactly where MSFT sits today.
61f3e019-63a8-4c56-b763-057208d5efae:bear_researcher:investment_debate_state.bear_history:claim:7,bear_researcher,analytical,unknown,asserted,[],0,[],[],[],[],0,True,"The bull's opening move is to reframe a -26% drawdown from January's $481 peak as an ""opportunity."" Let me be precise about what the data actually shows:"
61f3e019-63a8-4c56-b763-057208d5efae:bear_researcher:investment_debate_state.bear_history:claim:8,bear_researcher,context_only,unknown,asserted,[],0,[],[],[],[],0,False,MSFT has been below its 200 SMA since late January.
61f3e019-63a8-4c56-b763-057208d5efae:bear_researcher:investment_debate_state.bear_history:claim:9,bear_researcher,context_only,unknown,asserted,[],0,[],[],[],[],0,False,The 200 SMA isn't at $434 as a target — it's at $434 as a ceiling the stock hasn't been able to touch for half a year.
61f3e019-63a8-4c56-b763-057208d5efae:bear_researcher:investment_debate_state.bear_history:claim:10,bear_researcher,analytical,unknown,asserted,[],0,[],[],[],[],0,True,And that ceiling is itself declining — it dropped from $445 in late June to $434 today.
61f3e019-63a8-4c56-b763-057208d5efae:bear_researcher:investment_debate_state.bear_history:claim:11,bear_researcher,analytical,neutral,negated,[],0,[],[],[],[],0,True,You're not buying a stock that's recovering toward its long-term trend.
61f3e019-63a8-4c56-b763-057208d5efae:bear_researcher:investment_debate_state.bear_history:claim:12,bear_researcher,analytical,positive,asserted,[],0,[],[],[],[],0,True,You're buying a stock whose long-term trend is chasing it downward.
61f3e019-63a8-4c56-b763-057208d5efae:bear_researcher:investment_debate_state.bear_history:claim:13,bear_researcher,analytical,unknown,asserted,[],0,[],[],[],[],0,True,"The bull asks: ""When has MSFT trading below its 200 SMA ever been a permanent condition?"" Fair question."
61f3e019-63a8-4c56-b763-057208d5efae:bear_researcher:investment_debate_state.bear_history:claim:14,bear_researcher,analytical,positive,asserted,[],0,"[""CONFLICT_WORD""]",[],[],[],0,True,"But here's mine: how many times in that journey did investors buy the dip, confidently, only to watch it fall another 15%?"
61f3e019-63a8-4c56-b763-057208d5efae:bear_researcher:investment_debate_state.bear_history:claim:15,bear_researcher,analytical,unknown,asserted,[],0,[],[],[],[],0,True,"From $481 down to $431, people bought the ""dip."" From $431 down to $389, more people bought the ""dip."" The June 25 low at $352 — guess what people were saying then?"
61f3e019-63a8-4c56-b763-057208d5efae:bear_researcher:investment_debate_state.bear_history:claim:16,bear_researcher,analytical,negative,asserted,[],0,[],[],[],[],0,True,The moving average stack is unambiguously bearish: Price < 10 EMA < 50 SMA ≪ 200 SMA.
61f3e019-63a8-4c56-b763-057208d5efae:bear_researcher:investment_debate_state.bear_history:claim:17,bear_researcher,context_only,neutral,negated,[],0,[],[],[],[],0,False,That's not a nuance.
61f3e019-63a8-4c56-b763-057208d5efae:bear_researcher:investment_debate_state.bear_history:claim:18,bear_researcher,context_only,neutral,negated,[],0,[],[],[],[],0,False,"That's a structural downtrend, and the burden of proof lies with the bulls to show it's over — not with me to prove it continues."
61f3e019-63a8-4c56-b763-057208d5efae:bear_researcher:investment_debate_state.bear_history:claim:19,bear_researcher,context_only,unknown,asserted,[],0,[],[],[],[],0,False,The bull's most seductive argument is the AWS comparison.
61f3e019-63a8-4c56-b763-057208d5efae:bear_researcher:investment_debate_state.bear_history:claim:20,bear_researcher,context_only,unknown,asserted,[],0,[],[],[],[],0,False,"""This is the same playbook Amazon ran in 2013–2016."" It's a powerful narrative."
61f3e019-63a8-4c56-b763-057208d5efae:bear_researcher:investment_debate_state.bear_history:claim:21,bear_researcher,context_only,unknown,asserted,[],0,[],[],[],[],0,False,When Amazon was building AWS from 2013–2016:
61f3e019-63a8-4c56-b763-057208d5efae:bear_researcher:investment_debate_state.bear_history:claim:22,bear_researcher,context_only,unknown,asserted,[],0,[],[],[],[],0,False,AWS had essentially no serious competition — it was inventing the cloud market
61f3e019-63a8-4c56-b763-057208d5efae:bear_researcher:investment_debate_state.bear_history:claim:23,bear_researcher,analytical,unknown,asserted,[],0,[],[],[],[],0,True,Amazon's revenue was growing 20–27% annually during that buildout
61f3e019-63a8-4c56-b763-057208d5efae:bear_researcher:investment_debate_state.bear_history:claim:24,bear_researcher,analytical,unknown,asserted,[],0,"[""CONFLICT_WORD""]",[],[],[],0,True,Amazon's stock was volatile but had a fundamentally rising long-term trend
61f3e019-63a8-4c56-b763-057208d5efae:bear_researcher:investment_debate_state.bear_history:claim:25,bear_researcher,context_only,unknown,asserted,[],0,[],[],[],[],0,False,What's different for MSFT in 2026:
61f3e019-63a8-4c56-b763-057208d5efae:bear_researcher:investment_debate_state.bear_history:claim:26,bear_researcher,context_only,neutral,negated,[],0,[],[],[],[],0,False,"Azure is building into a market with three established hyperscalers (AWS, Google Cloud, Azure) all spending simultaneously — this is a capacity race, not a moat-building exercise"
61f3e019-63a8-4c56-b763-057208d5efae:bear_researcher:investment_debate_state.bear_history:claim:27,bear_researcher,analytical,positive,asserted,"[""Revenue Growth""]",1,[],[],[],[],0,True,"The bull's own data shows revenue growth decelerating: FY2023 was +6.9%, FY2024 was +15.6%, FY2025 was +14.9%, TTM is already slipping to +13%+."
61f3e019-63a8-4c56-b763-057208d5efae:bear_researcher:investment_debate_state.bear_history:claim:28,bear_researcher,analytical,neutral,negated,[],0,"[""FORWARD_TRANSITIVE_CAUSAL""]",[],[],[],0,True,The growth rate is not accelerating — it's plateauing.
61f3e019-63a8-4c56-b763-057208d5efae:bear_researcher:investment_debate_state.bear_history:claim:29,bear_researcher,context_only,unknown,asserted,[],0,[],[],[],[],0,False,Amazon was spending capex to capture a market with no supply.
61f3e019-63a8-4c56-b763-057208d5efae:bear_researcher:investment_debate_state.bear_history:claim:30,bear_researcher,context_only,unknown,asserted,[],0,[],[],[],[],0,False,Microsoft is spending $190B to avoid losing market share to AWS and Google.
61f3e019-63a8-4c56-b763-057208d5efae:bear_researcher:investment_debate_state.bear_history:claim:31,bear_researcher,analytical,negative,asserted,[],0,[],[],[],[],0,True,Those are fundamentally different risk profiles.
61f3e019-63a8-4c56-b763-057208d5efae:bear_researcher:investment_debate_state.bear_history:claim:32,bear_researcher,context_only,unknown,asserted,[],0,[],[],[],[],0,False,The Amazon comparison assumes the payoff is guaranteed.
61f3e019-63a8-4c56-b763-057208d5efae:bear_researcher:investment_debate_state.bear_history:claim:33,bear_researcher,analytical,unknown,conditional,[],0,"[""CONDITIONAL_MARKER"", ""FORWARD_TRANSITIVE_CAUSAL""]",[],[],[],0,True,"Massive infrastructure buildouts can also produce massive stranded assets if AI adoption timelines slip, if sovereign cloud regulations fragment markets, or if a competitive model disruption makes current GPU-intensive infrastructure economically obsolete."
61f3e019-63a8-4c56-b763-057208d5efae:bear_researcher:investment_debate_state.bear_history:claim:34,bear_researcher,context_only,unknown,asserted,[],0,[],[],[],[],0,False,Remember when every telecom built out fiber in 1999–2001?
61f3e019-63a8-4c56-b763-057208d5efae:bear_researcher:investment_debate_state.bear_history:claim:35,bear_researcher,context_only,unknown,asserted,[],0,[],[],[],[],0,False,The infrastructure was real.
61f3e019-63a8-4c56-b763-057208d5efae:bear_researcher:investment_debate_state.bear_history:claim:36,bear_researcher,analytical,unknown,conditional,[],0,[],[],[],[],0,True,"The bull literally says ""FCF compressed from $74B to $37B TTM"" and then calls it a ""deliberate investment choice"" as if that makes it fine."
61f3e019-63a8-4c56-b763-057208d5efae:bear_researcher:investment_debate_state.bear_history:claim:37,bear_researcher,analytical,unknown,asserted,[],0,"[""FORWARD_TRANSITIVE_CAUSAL""]",[],[],[],0,True,I want to push back hard on this framing.
61f3e019-63a8-4c56-b763-057208d5efae:bear_researcher:investment_debate_state.bear_history:claim:38,bear_researcher,context_only,unknown,asserted,[],0,[],[],[],[],0,False,Free cash flow has been cut in half in one year.
61f3e019-63a8-4c56-b763-057208d5efae:bear_researcher:investment_debate_state.bear_history:claim:39,bear_researcher,analytical,unknown,asserted,[],0,"[""FORWARD_TRANSITIVE_CAUSAL""]",[],[],[],0,True,The metric that actually tells you how much real money a business generates after maintaining and growing its asset base — the number Warren Buffett calls the most important in valuation — has been cut in half.
61f3e019-63a8-4c56-b763-057208d5efae:bear_researcher:investment_debate_state.bear_history:claim:40,bear_researcher,context_only,unknown,asserted,[],0,[],[],[],[],0,False,And here's what makes it worse: Q3 FY2026 alone saw $30.9 billion in a single quarter of CapEx.
61f3e019-63a8-4c56-b763-057208d5efae:bear_researcher:investment_debate_state.bear_history:claim:41,bear_researcher,analytical,unknown,asserted,[],0,[],[],[],[],0,True,The bull says this will stabilize.
61f3e019-63a8-4c56-b763-057208d5efae:bear_researcher:investment_debate_state.bear_history:claim:42,bear_researcher,analytical,unknown,asserted,[],0,"[""FORWARD_TRANSITIVE_CAUSAL""]",[],[],[],0,True,Management has given no clear signal that the spending cadence will slow.
61f3e019-63a8-4c56-b763-057208d5efae:bear_researcher:investment_debate_state.bear_history:claim:43,bear_researcher,analytical,neutral,negated,[],0,[],[],[],[],0,True,"The $190B full-year plan implies acceleration, not stabilization."
61f3e019-63a8-4c56-b763-057208d5efae:bear_researcher:investment_debate_state.bear_history:claim:44,bear_researcher,analytical,unknown,asserted,[],0,"[""CONFLICT_WORD""]",[],[],[],0,True,"The bull compares FCF multiple to operating cash flow and says ""look, operations are fine."" But that's circular logic."
61f3e019-63a8-4c56-b763-057208d5efae:bear_researcher:investment_debate_state.bear_history:claim:45,bear_researcher,context_only,unknown,asserted,[],0,[],[],[],[],0,False,The whole point of free cash flow is that it strips out capital investment to show you what's genuinely free.
61f3e019-63a8-4c56-b763-057208d5efae:bear_researcher:investment_debate_state.bear_history:claim:46,bear_researcher,analytical,neutral,negated,[],0,"[""CONDITIONAL_MARKER"", ""FORWARD_TRANSITIVE_CAUSAL""]",[],[],[],0,True,"If you're spending $120B+ per year on infrastructure that may or may not generate commensurate returns, operating cash flow is not the right metric."
61f3e019-63a8-4c56-b763-057208d5efae:bear_researcher:investment_debate_state.bear_history:claim:47,bear_researcher,context_only,unknown,asserted,[],0,[],[],[],[],0,False,"The market knows this, which is why the stock is $45 below its 200 SMA."
61f3e019-63a8-4c56-b763-057208d5efae:bear_researcher:investment_debate_state.bear_history:claim:48,bear_researcher,analytical,unknown,asserted,[],0,"[""CONFLICT_WORD""]",[],[],[],0,True,"And here's the kicker the bull glosses over: Alphabet just reported ""huge numbers but huge costs"" and the market scrutinized it intensely."
61f3e019-63a8-4c56-b763-057208d5efae:bear_researcher:investment_debate_state.bear_history:claim:49,bear_researcher,context_only,unknown,asserted,[],0,[],[],[],[],0,False,That's the template for MSFT's July 29 call.
61f3e019-63a8-4c56-b763-057208d5efae:bear_researcher:investment_debate_state.bear_history:claim:50,bear_researcher,analytical,neutral,negated,[],0,"[""FORWARD_TRANSITIVE_CAUSAL""]",[],[],[],0,True,Even a beat might not be enough if forward capex guidance increases further — which it might.
61f3e019-63a8-4c56-b763-057208d5efae:bear_researcher:investment_debate_state.bear_history:claim:51,bear_researcher,analytical,positive,asserted,[],0,[],[],[],[],0,True,The bull waves the 92% beat probability like it's a bullish signal.
61f3e019-63a8-4c56-b763-057208d5efae:bear_researcher:investment_debate_state.bear_history:claim:52,bear_researcher,context_only,unknown,asserted,[],0,[],[],[],[],0,False,I want to flip that argument completely on its head.
61f3e019-63a8-4c56-b763-057208d5efae:bear_researcher:investment_debate_state.bear_history:claim:53,bear_researcher,analytical,positive,asserted,[],0,[],[],[],[],0,True,A 92% beat probability means the bar is already priced in.
61f3e019-63a8-4c56-b763-057208d5efae:bear_researcher:investment_debate_state.bear_history:claim:54,bear_researcher,analytical,positive,asserted,[],0,[],[],[],[],0,True,"When everyone expects you to beat, a beat isn't a positive surprise — it's table stakes."
61f3e019-63a8-4c56-b763-057208d5efae:bear_researcher:investment_debate_state.bear_history:claim:55,bear_researcher,analytical,positive,asserted,[],0,[],[],[],[],0,True,The question isn't whether MSFT beats Q4 consensus EPS.
61f3e019-63a8-4c56-b763-057208d5efae:bear_researcher:investment_debate_state.bear_history:claim:56,bear_researcher,analytical,positive,asserted,[],0,[],[],[],[],0,True,The question is: does the market re-rate the stock positively after a beat given everything that's already known?
61f3e019-63a8-4c56-b763-057208d5efae:bear_researcher:investment_debate_state.bear_history:claim:58,bear_researcher,analytical,positive,asserted,[],0,[],[],[],[],0,True,Alphabet already reported strong numbers — and the market immediately focused on costs.
61f3e019-63a8-4c56-b763-057208d5efae:bear_researcher:investment_debate_state.bear_history:claim:59,bear_researcher,context_only,unknown,asserted,[],0,[],[],[],[],0,False,That's the setup for MSFT.
61f3e019-63a8-4c56-b763-057208d5efae:bear_researcher:investment_debate_state.bear_history:claim:60,bear_researcher,context_only,neutral,negated,[],0,[],[],[],[],0,False,The options market pricing ±7% is symmetric — it's not pricing a 7% rally.
61f3e019-63a8-4c56-b763-057208d5efae:bear_researcher:investment_debate_state.bear_history:claim:61,bear_researcher,context_only,unknown,asserted,[],0,[],[],[],[],0,False,It's pricing uncertainty in both directions with equal probability.
61f3e019-63a8-4c56-b763-057208d5efae:bear_researcher:investment_debate_state.bear_history:claim:62,bear_researcher,analytical,negative,asserted,[],0,[],[],[],[],0,True,"StockTwits retail sentiment shows multiple ""sell the news"" warnings from both institutional and retail participants: ""Every pop is getting sold off… funds are exiting before earnings."""
61f3e019-63a8-4c56-b763-057208d5efae:bear_researcher:investment_debate_state.bear_history:claim:63,bear_researcher,context_only,unknown,asserted,[],0,[],[],[],[],0,False,"A Reuters institutional investor explicitly stated: ""I don't really see the opportunity for these companies that have run so much over the past 18–24 months on that AI build out."""
61f3e019-63a8-4c56-b763-057208d5efae:bear_researcher:investment_debate_state.bear_history:claim:64,bear_researcher,context_only,unknown,asserted,[],0,[],[],[],[],0,False,The bull frames ±7% as opportunity.
61f3e019-63a8-4c56-b763-057208d5efae:research_manager:investment_plan:claim:1,research_manager,context_only,unknown,asserted,[],0,[],[],[],[],0,False,"Rationale: This was a high-quality, substantive debate, and both sides landed real blows."
61f3e019-63a8-4c56-b763-057208d5efae:research_manager:investment_plan:claim:2,research_manager,analytical,negative,asserted,[],0,[],[],[],[],0,True,Where the Bear won clearly: The technical picture is genuinely bearish.
61f3e019-63a8-4c56-b763-057208d5efae:research_manager:investment_plan:claim:3,research_manager,analytical,neutral,negated,[],0,[],[],[],[],0,True,"Six months below the 200 SMA ($434), three failed rally attempts at the 50 SMA ($399) in July, a declining MACD histogram (peak of +3.46 shrinking to +0.91 in seven sessions), and RSI that stalled at 56 without reaching the 60-70 range typical of strong recoveries."
61f3e019-63a8-4c56-b763-057208d5efae:research_manager:investment_plan:claim:4,research_manager,context_only,unknown,asserted,[],0,[],[],[],[],0,False,"The bear is correct that this is a structural downtrend with no confirmed reversal, and the 52-week high at $555 represents meaningful overhead supply."
61f3e019-63a8-4c56-b763-057208d5efae:research_manager:investment_plan:claim:5,research_manager,analytical,neutral,negated,[],0,[],[],[],[],0,True,"The FCF compression from $74B to $37B TTM is also a real and material fact — not fully explained away by calling it a ""deliberate investment choice."" And the bear is right that the ±7% earnings implied move is symmetric; a 92% EPS beat probability does not translate directly into a 92% probability of a positive stock reaction, especially when the market's real focus is Azure growth magnitude and forward capex guidance."
61f3e019-63a8-4c56-b763-057208d5efae:research_manager:investment_plan:claim:6,research_manager,context_only,neutral,negated,[],0,[],[],[],[],0,False,Where the Bull won clearly: The fundamental engine is exceptional and the bear never credibly challenged it.
61f3e019-63a8-4c56-b763-057208d5efae:research_manager:investment_plan:claim:7,research_manager,analytical,neutral,negated,"[""Revenue Growth""]",1,[],[],[],[],0,True,"$136B in operating cash flow, 46.3% operating margins, 15%+ revenue growth on a $318B revenue base, $125B in net income, and a PEG of 1.18x — these are not speculative projections, they are audited realities."
61f3e019-63a8-4c56-b763-057208d5efae:research_manager:investment_plan:claim:8,research_manager,context_only,unknown,asserted,[],0,[],[],[],[],0,False,The bull's point that MSFT is trading at a discount to the S&P 500 forward multiple (20x vs.
61f3e019-63a8-4c56-b763-057208d5efae:research_manager:investment_plan:claim:9,research_manager,analytical,unknown,asserted,[],0,"[""CONFLICT_WORD""]",[],[],[],0,True,21-22x) while growing revenues at roughly twice the market rate is analytically sound.
61f3e019-63a8-4c56-b763-057208d5efae:research_manager:investment_plan:claim:10,research_manager,analytical,unknown,asserted,[],0,"[""CONFLICT_WORD""]",[],[],[],0,True,The bear's rebuttal — that the S&P itself is stretched — is fair but doesn't change the relative value argument.
61f3e019-63a8-4c56-b763-057208d5efae:research_manager:investment_plan:claim:11,research_manager,analytical,unknown,asserted,[],0,[],[],[],[],0,True,The $50.9B deferred revenue is a genuine demand signal for contracted business.
61f3e019-63a8-4c56-b763-057208d5efae:research_manager:investment_plan:claim:12,research_manager,analytical,neutral,negated,[],0,[],[],[],[],0,True,"The June 25-26 capitulation on 186M shares remains the highest-volume reversal in the dataset and has not been retested — the bear's only counter was to speculate it might be retested, which is not evidence."
61f3e019-63a8-4c56-b763-057208d5efae:research_manager:investment_plan:claim:13,research_manager,context_only,neutral,negated,[],0,[],[],[],[],0,False,The bull's dismantling of the telecom/solar/semis analogy on the basis of product differentiation (Azure is not a commodity) and enterprise switching costs is persuasive.
61f3e019-63a8-4c56-b763-057208d5efae:research_manager:investment_plan:claim:14,research_manager,context_only,neutral,negated,[],0,[],[],[],[],0,False,"And critically, the bull correctly identified that the bear's ""wait for confirmation"" strategy has a real cost: post-earnings confirmation entries above $399 likely come at $410-420, not $399."
61f3e019-63a8-4c56-b763-057208d5efae:research_manager:investment_plan:claim:15,research_manager,analytical,negative,asserted,[],0,"[""FORWARD_TRANSITIVE_CAUSAL""]",[],[],[],0,True,"Where the debate was genuinely balanced: The capex risk is the most intellectually honest ""push"" in this debate."
61f3e019-63a8-4c56-b763-057208d5efae:research_manager:investment_plan:claim:16,research_manager,analytical,unknown,asserted,[],0,"[""CONFLICT_WORD""]",[],[],[],0,True,"Both sides made valid points — the bull is right that capex represents invested capital in productive assets, but the bear is right that the replacement cost treadmill (next-gen GPU infrastructure obsoletes current builds) makes the ""plateau and snap-back"" narrative harder than the bull's clean math implies."
61f3e019-63a8-4c56-b763-057208d5efae:research_manager:investment_plan:claim:17,research_manager,analytical,neutral,negated,[],0,[],[],[],[],0,True,"Management has not provided a credible capex stabilization timeline, and that is a legitimate uncertainty."
61f3e019-63a8-4c56-b763-057208d5efae:research_manager:investment_plan:claim:18,research_manager,analytical,unknown,asserted,[],0,"[""CONFLICT_WORD""]",[],[],[],0,True,"The competitive moat question is also partially contested — existing enterprise customers face real switching costs, but AI-native net-new workloads are genuinely up for grabs among all three hyperscalers."
61f3e019-63a8-4c56-b763-057208d5efae:research_manager:investment_plan:claim:19,research_manager,analytical,neutral,asserted,[],0,"[""CONFLICT_WORD""]",[],[],[],0,True,"The resolution: On balance, the bull's arguments carried the stronger weight of evidence, but the bear's technical and binary-event-risk arguments are material enough to temper conviction."
61f3e019-63a8-4c56-b763-057208d5efae:research_manager:investment_plan:claim:20,research_manager,analytical,positive,asserted,[],0,[],[],[],[],0,True,The appropriate stance is Overweight rather than Buy.
61f3e019-63a8-4c56-b763-057208d5efae:research_manager:investment_plan:claim:21,research_manager,analytical,neutral,negated,[],0,[],[],[],[],0,True,"The bear correctly identifies that this is not a low-risk, maximum-conviction entry — price is below all major moving averages, the histogram is fading, and July 29 earnings introduce genuine symmetric binary risk."
61f3e019-63a8-4c56-b763-057208d5efae:research_manager:investment_plan:claim:22,research_manager,analytical,neutral,negated,[],0,"[""CONFLICT_WORD""]",[],[],[],0,True,"But the bull correctly identifies that the fundamental value at 20x forward earnings on $19.37 EPS for a 15%+ growth compounder is compelling, the capitulation low at $352 has not been retested, and waiting for post-earnings ""confirmation"" means buying momentum rather than value."
61f3e019-63a8-4c56-b763-057208d5efae:research_manager:investment_plan:claim:23,research_manager,analytical,unknown,asserted,[],0,"[""CONFLICT_WORD""]",[],[],[],0,True,"The Overweight rating respects both sides: it calls for gradually building exposure rather than going all-in ahead of the binary event, while still committing to the bull thesis that the fundamental backdrop and valuation make MSFT a compelling long on any weakness."
61f3e019-63a8-4c56-b763-057208d5efae:research_manager:investment_plan:claim:24,research_manager,analytical,unknown,asserted,[],0,[],[],[],[],0,True,"Strategic Actions: Instrument: MSFT (Microsoft Corporation, NMS) Rating: Overweight Current Price (as of debate): $389.10 12-Month Target: $440–$460"
61f3e019-63a8-4c56-b763-057208d5efae:research_manager:investment_plan:claim:25,research_manager,analytical,neutral,conditional,[],0,"[""CONDITIONAL_MARKER""]",[],[],[],0,True,If currently holding MSFT: Maintain full position.
61f3e019-63a8-4c56-b763-057208d5efae:research_manager:investment_plan:claim:26,research_manager,context_only,neutral,negated,[],0,[],[],[],[],0,False,Do not trim ahead of earnings — the bear's case for selling into the event does not outweigh the fundamental value and 92% beat probability.
61f3e019-63a8-4c56-b763-057208d5efae:research_manager:investment_plan:claim:27,research_manager,analytical,neutral,negated,[],0,"[""CONDITIONAL_MARKER""]",[],[],[],0,True,If not currently holding: Initiate a half-sized starter position (50% of intended full allocation) at or near current levels ($385–$392 range).
61f3e019-63a8-4c56-b763-057208d5efae:research_manager:investment_plan:claim:28,research_manager,context_only,unknown,asserted,[],0,[],[],[],[],0,False,Reserve the remaining 50% for post-earnings clarity.
61f3e019-63a8-4c56-b763-057208d5efae:research_manager:investment_plan:claim:29,research_manager,context_only,neutral,negated,[],0,[],[],[],[],0,False,Do NOT go full-size ahead of July 29 given the symmetric ±7% implied move.
61f3e019-63a8-4c56-b763-057208d5efae:research_manager:investment_plan:claim:30,research_manager,analytical,negative,asserted,[],0,[],[],[],[],0,True,The bear's binary event risk argument is valid enough to warrant staged entry.
61f3e019-63a8-4c56-b763-057208d5efae:research_manager:investment_plan:claim:31,research_manager,context_only,unknown,asserted,[],0,[],[],[],[],0,False,Tranche 1 (immediate): 50% allocation at $385–$392.
61f3e019-63a8-4c56-b763-057208d5efae:research_manager:investment_plan:claim:32,research_manager,analytical,negative,asserted,[],0,"[""CONFLICT_WORD""]",[],[],[],0,True,This captures value ahead of the catalyst while managing binary risk.
61f3e019-63a8-4c56-b763-057208d5efae:research_manager:investment_plan:claim:33,research_manager,analytical,positive,asserted,[],0,[],[],[],[],0,True,"Tranche 2 (post-earnings — bullish outcome): Add remaining 50% on a confirmed close above the 50 SMA ($399) on above-average volume following a positive earnings reaction (Azure 36%+, constructive capex commentary)."
61f3e019-63a8-4c56-b763-057208d5efae:research_manager:investment_plan:claim:34,research_manager,context_only,unknown,asserted,[],0,[],[],[],[],0,False,Expect to add in the $400–$415 range.
61f3e019-63a8-4c56-b763-057208d5efae:research_manager:investment_plan:claim:35,research_manager,analytical,neutral,negated,[],0,"[""CONDITIONAL_MARKER""]",[],[],[],0,True,"Tranche 2 (post-earnings — bearish outcome / dip): If MSFT sells off post-earnings to the $360–$370 range without fundamental deterioration (i.e., Azure still grew 33%+ and it's a guidance/capex reaction), deploy remaining allocation aggressively."
61f3e019-63a8-4c56-b763-057208d5efae:research_manager:investment_plan:claim:36,research_manager,context_only,unknown,asserted,[],0,[],[],[],[],0,False,"This is the bear's own ""real bottom"" scenario and represents a better long entry."
61f3e019-63a8-4c56-b763-057208d5efae:research_manager:investment_plan:claim:37,research_manager,context_only,neutral,negated,[],0,[],[],[],[],0,False,Do not add below $352 (June 25 capitulation low) without reassessing the thesis.
61f3e019-63a8-4c56-b763-057208d5efae:research_manager:investment_plan:claim:38,research_manager,analytical,negative,asserted,[],0,[],[],[],[],0,True,Stop / Risk Management:
61f3e019-63a8-4c56-b763-057208d5efae:research_manager:investment_plan:claim:39,research_manager,analytical,negative,asserted,[],0,[],[],[],[],0,True,"Soft stop on Tranche 1 at $371 (approximately 1.5x ATR below entry, consistent with the bull's own risk framework)."
61f3e019-63a8-4c56-b763-057208d5efae:research_manager:investment_plan:claim:40,research_manager,context_only,unknown,asserted,[],0,[],[],[],[],0,False,This represents a -4.6% loss from $389 and protects against a full retest of the June low.
61f3e019-63a8-4c56-b763-057208d5efae:research_manager:investment_plan:claim:41,research_manager,analytical,unknown,conditional,[],0,"[""FORWARD_TRANSITIVE_CAUSAL""]",[],[],[],0,True,Hard reassessment trigger: A confirmed close below $349 (below the 52-week low of $349.20) would invalidate the capitulation-low thesis and require thesis review before adding further.
61f3e019-63a8-4c56-b763-057208d5efae:research_manager:investment_plan:claim:42,research_manager,context_only,unknown,asserted,[],0,[],[],[],[],0,False,Key Catalysts to Monitor (July 29 Earnings):
61f3e019-63a8-4c56-b763-057208d5efae:research_manager:investment_plan:claim:43,research_manager,analytical,positive,asserted,[],0,[],[],[],[],0,True,Azure growth rate: Consensus 35%.
61f3e019-63a8-4c56-b763-057208d5efae:research_manager:investment_plan:claim:44,research_manager,context_only,unknown,asserted,[],0,[],[],[],[],0,False,Bull case requires 37%+.
61f3e019-63a8-4c56-b763-057208d5efae:research_manager:investment_plan:claim:45,research_manager,analytical,negative,asserted,[],0,"[""FORWARD_TRANSITIVE_CAUSAL""]",[],[],[],0,True,Bear risk triggers at ≤33%.
61f3e019-63a8-4c56-b763-057208d5efae:research_manager:investment_plan:claim:46,research_manager,analytical,positive,asserted,[],0,"[""FORWARD_TRANSITIVE_CAUSAL""]",[],[],[],0,True,In-line (34–36%) likely produces modest positive or range-bound reaction.
61f3e019-63a8-4c56-b763-057208d5efae:research_manager:investment_plan:claim:47,research_manager,analytical,unknown,asserted,[],0,[],[],[],[],0,True,FY2027 capex guidance: Any signal of stabilization or plateau is a significant bull catalyst.
61f3e019-63a8-4c56-b763-057208d5efae:research_manager:investment_plan:claim:48,research_manager,analytical,neutral,negated,[],0,[],[],[],[],0,True,Further acceleration without revenue backlog coverage is the primary bear risk.
61f3e019-63a8-4c56-b763-057208d5efae:research_manager:investment_plan:claim:49,research_manager,analytical,positive,conditional,[],0,[],[],[],[],0,True,Copilot seat count and monetization metrics: Upside surprise here would validate the installed-base monetization thesis.
61f3e019-63a8-4c56-b763-057208d5efae:research_manager:investment_plan:claim:50,research_manager,context_only,unknown,asserted,[],0,[],[],[],[],0,False,Deferred revenue / commercial bookings commentary: Management discussion of demand backlog covering capex is the single most important forward-looking data point.
61f3e019-63a8-4c56-b763-057208d5efae:research_manager:investment_plan:claim:51,research_manager,context_only,unknown,asserted,[],0,[],[],[],[],0,False,"Base case (Azure 35–37%, capex plateaus): $440–$460."
61f3e019-63a8-4c56-b763-057208d5efae:research_manager:investment_plan:claim:52,research_manager,context_only,unknown,asserted,[],0,[],[],[],[],0,False,Assumes forward P/E re-rates to 22–23x on EPS of $19.37–$20.50.
61f3e019-63a8-4c56-b763-057208d5efae:research_manager:investment_plan:claim:53,research_manager,analytical,unknown,asserted,[],0,[],[],[],[],0,True,"Bull case (Azure 38%+, Copilot acceleration, capex clarity): $480–$500."
61f3e019-63a8-4c56-b763-057208d5efae:research_manager:investment_plan:claim:54,research_manager,analytical,unknown,asserted,"[""Valuation Risk""]",1,"[""FORWARD_TRANSITIVE_CAUSAL""]",[],[],[],0,True,"Bear case (Azure miss, capex accelerates, multiple compression): $350–$365."
61f3e019-63a8-4c56-b763-057208d5efae:research_manager:investment_plan:claim:55,research_manager,context_only,unknown,asserted,[],0,[],[],[],[],0,False,Retest of June lows; reassess allocation at that level.
61f3e019-63a8-4c56-b763-057208d5efae:research_manager:investment_plan:claim:56,research_manager,context_only,neutral,asserted,[],0,[],[],[],[],0,False,"MSFT is appropriate as a core technology holding (5–8% of a diversified equity portfolio) given its quality, scale, and AI positioning."
61f3e019-63a8-4c56-b763-057208d5efae:research_manager:investment_plan:claim:57,research_manager,analytical,unknown,asserted,[],0,[],[],[],[],0,True,"The Overweight rating implies a gradual, staged build rather than a one-time full allocation."
61f3e019-63a8-4c56-b763-057208d5efae:research_manager:investment_plan:claim:58,research_manager,analytical,neutral,asserted,[],0,"[""CONFLICT_WORD""]",[],[],[],0,True,This is the key distinction from a Buy rating — respect the binary event risk and technical headwinds while maintaining conviction in the 12-month fundamental thesis.
61f3e019-63a8-4c56-b763-057208d5efae:trader:trader_investment_plan:claim:1,trader,analytical,unknown,asserted,[],0,[],[],[],[],0,True,"Reasoning: The comprehensive analyst debate resolves to an Overweight rating on MSFT, with the bull's fundamental case carrying superior weight of evidence."
61f3e019-63a8-4c56-b763-057208d5efae:trader:trader_investment_plan:claim:2,trader,analytical,positive,asserted,"[""Revenue Growth""]",1,[],[],[],[],0,True,"Microsoft's audited financials — $136B operating cash flow, 46.3% operating margins, 15%+ revenue growth on a $318B base, and a PEG of 1.18x — represent exceptional quality trading at a discount to the S&P 500 forward multiple (20x vs."
61f3e019-63a8-4c56-b763-057208d5efae:trader:trader_investment_plan:claim:3,trader,analytical,positive,asserted,"[""Revenue Growth""]",1,"[""CONFLICT_WORD""]",[],[],[],0,True,21–22x) despite roughly double the market's revenue growth rate.
61f3e019-63a8-4c56-b763-057208d5efae:trader:trader_investment_plan:claim:4,trader,analytical,unknown,asserted,[],0,"[""FORWARD_TRANSITIVE_SUPPORTIVE""]",[],[],[],0,True,"The June 25–26 capitulation on 186M shares has held as an unretested support floor ($352), and the $50.9B deferred revenue signals robust contracted demand."
61f3e019-63a8-4c56-b763-057208d5efae:trader:trader_investment_plan:claim:5,trader,analytical,neutral,asserted,[],0,"[""CONFLICT_WORD""]",[],[],[],0,True,"While the bear's technical concerns are valid (price below 200 SMA at $434, fading MACD histogram, three failed 50 SMA tests at $399) and the July 29 earnings event carries symmetric ±7% implied move risk, the research plan explicitly flags that waiting for post-earnings confirmation means buying momentum at $410–420 rather than capturing value at current levels."
61f3e019-63a8-4c56-b763-057208d5efae:trader:trader_investment_plan:claim:6,trader,analytical,neutral,asserted,[],0,"[""CONFLICT_WORD""]",[],[],[],0,True,"The staged entry strategy — initiating a half-sized position now while reserving capital for post-earnings deployment — directly balances these competing risks, making a Buy action on Tranche 1 the appropriate execution of the Overweight thesis."
61f3e019-63a8-4c56-b763-057208d5efae:trader:trader_investment_plan:claim:7,trader,context_only,unknown,asserted,[],0,[],[],[],[],0,False,"Position Sizing: 50% of intended full allocation (2.5–4% of a diversified equity portfolio) as Tranche 1, initiated in the $385–$392 range."
61f3e019-63a8-4c56-b763-057208d5efae:trader:trader_investment_plan:claim:8,trader,analytical,neutral,asserted,[],0,[],[],[],[],0,True,"Reserve remaining 50% for post-earnings deployment: add at $400–$415 on a confirmed bullish close above the 50 SMA ($399) on above-average volume, OR deploy aggressively at $360–$370 on a fundamentally unimpaired earnings selloff."
61f3e019-63a8-4c56-b763-057208d5efae:trader:trader_investment_plan:claim:9,trader,context_only,unknown,asserted,[],0,[],[],[],[],0,False,Full allocation targets 5–8% portfolio weight.
61f3e019-63a8-4c56-b763-057208d5efae:trader:trader_investment_plan:claim:10,trader,analytical,positive,asserted,[],0,[],[],[],[],0,True,FINAL TRANSACTION PROPOSAL: BUY
61f3e019-63a8-4c56-b763-057208d5efae:aggressive_risk_analyst:risk_debate_state.aggressive_history:claim:1,aggressive_risk_analyst,analytical,neutral,negated,[],0,"[""CONFLICT_WORD""]",[],[],[],0,True,"Aggressive Analyst: Since neither the conservative nor neutral analysts have weighed in yet, let me lay out exactly why this MSFT buy at $389 is not just defensible — it's the highest-conviction opportunity I've seen in this name in over a year, and why anyone sitting on the sidelines is making a classic mistake that costs real money."
61f3e019-63a8-4c56-b763-057208d5efae:aggressive_risk_analyst:risk_debate_state.aggressive_history:claim:2,aggressive_risk_analyst,analytical,unknown,asserted,[],0,"[""FORWARD_TRANSITIVE_CAUSAL""]",[],[],[],0,True,You have a company generating $136 billion in operating cash flow annually.
61f3e019-63a8-4c56-b763-057208d5efae:aggressive_risk_analyst:risk_debate_state.aggressive_history:claim:3,aggressive_risk_analyst,analytical,neutral,negated,[],0,"[""FORWARD_TRANSITIVE_CAUSAL""]",[],[],[],0,True,"Not projecting it, not guiding toward it — actually producing it, audited, in the bank."
61f3e019-63a8-4c56-b763-057208d5efae:aggressive_risk_analyst:risk_debate_state.aggressive_history:claim:4,aggressive_risk_analyst,analytical,unknown,asserted,[],0,[],[],[],[],0,True,You have 46.3% operating margins on a $318 billion revenue base growing at over 15% per year.
61f3e019-63a8-4c56-b763-057208d5efae:aggressive_risk_analyst:risk_debate_state.aggressive_history:claim:5,aggressive_risk_analyst,context_only,unknown,asserted,[],0,[],[],[],[],0,False,And you're being asked to pay 20 times forward earnings for it.
61f3e019-63a8-4c56-b763-057208d5efae:aggressive_risk_analyst:risk_debate_state.aggressive_history:claim:6,aggressive_risk_analyst,analytical,positive,asserted,"[""Revenue Growth""]",1,[],[],[],[],0,True,The S&P 500 trades at 21 to 22 times forward earnings on roughly half the revenue growth rate.
61f3e019-63a8-4c56-b763-057208d5efae:aggressive_risk_analyst:risk_debate_state.aggressive_history:claim:7,aggressive_risk_analyst,analytical,unknown,asserted,[],0,"[""CONFLICT_WORD""]",[],[],[],0,True,So the market is literally pricing Microsoft at a discount to the index despite being a structurally superior business by almost every measurable dimension.
61f3e019-63a8-4c56-b763-057208d5efae:aggressive_risk_analyst:risk_debate_state.aggressive_history:claim:8,aggressive_risk_analyst,context_only,unknown,asserted,[],0,[],[],[],[],0,False,That is the opportunity.
61f3e019-63a8-4c56-b763-057208d5efae:aggressive_risk_analyst:risk_debate_state.aggressive_history:claim:9,aggressive_risk_analyst,context_only,unknown,asserted,[],0,[],[],[],[],0,False,That is why we're here.
61f3e019-63a8-4c56-b763-057208d5efae:aggressive_risk_analyst:risk_debate_state.aggressive_history:claim:10,aggressive_risk_analyst,context_only,unknown,asserted,[],0,[],[],[],[],0,False,Now I know what the cautious voices are going to say.
61f3e019-63a8-4c56-b763-057208d5efae:aggressive_risk_analyst:risk_debate_state.aggressive_history:claim:11,aggressive_risk_analyst,context_only,unknown,asserted,[],0,[],[],[],[],0,False,They're going to point to the 200 SMA sitting at $434 and say the long-term downtrend is intact.
61f3e019-63a8-4c56-b763-057208d5efae:aggressive_risk_analyst:risk_debate_state.aggressive_history:claim:12,aggressive_risk_analyst,context_only,unknown,asserted,[],0,[],[],[],[],0,False,They're going to highlight that MACD histogram is fading from its peak.
61f3e019-63a8-4c56-b763-057208d5efae:aggressive_risk_analyst:risk_debate_state.aggressive_history:claim:13,aggressive_risk_analyst,context_only,unknown,asserted,[],0,[],[],[],[],0,False,They're going to cite the three failed tests of the 50 SMA at $399 and frame this as a broken chart.
61f3e019-63a8-4c56-b763-057208d5efae:aggressive_risk_analyst:risk_debate_state.aggressive_history:claim:14,aggressive_risk_analyst,analytical,neutral,negated,[],0,"[""CONFLICT_WORD""]",[],[],[],0,True,"I want to address all of that directly, because every single one of those technical concerns, while not wrong in isolation, completely misses the forest for the trees."
61f3e019-63a8-4c56-b763-057208d5efae:aggressive_risk_analyst:risk_debate_state.aggressive_history:claim:15,aggressive_risk_analyst,analytical,unknown,asserted,[],0,"[""CONFLICT_WORD""]",[],[],[],0,True,"The 200 SMA being at $434 is overhead resistance, yes, but what was the context for the stock getting to $481 in January?"
61f3e019-63a8-4c56-b763-057208d5efae:aggressive_risk_analyst:risk_debate_state.aggressive_history:claim:16,aggressive_risk_analyst,context_only,unknown,asserted,[],0,[],[],[],[],0,False,The market was pricing in AI euphoria at a time when Azure's monetization was still largely theoretical.
61f3e019-63a8-4c56-b763-057208d5efae:aggressive_risk_analyst:risk_debate_state.aggressive_history:claim:17,aggressive_risk_analyst,context_only,unknown,asserted,[],0,[],[],[],[],0,False,What we have now at $389 is a post-euphoria reset to a price where the actual fundamental delivery of those AI revenues is already in the numbers.
61f3e019-63a8-4c56-b763-057208d5efae:aggressive_risk_analyst:risk_debate_state.aggressive_history:claim:18,aggressive_risk_analyst,context_only,unknown,asserted,[],0,[],[],[],[],0,False,The $318 billion in TTM revenue is real.
61f3e019-63a8-4c56-b763-057208d5efae:aggressive_risk_analyst:risk_debate_state.aggressive_history:claim:19,aggressive_risk_analyst,analytical,unknown,asserted,[],0,[],[],[],[],0,True,The $50.9 billion in deferred revenue representing contracted future demand is real.
61f3e019-63a8-4c56-b763-057208d5efae:aggressive_risk_analyst:risk_debate_state.aggressive_history:claim:20,aggressive_risk_analyst,analytical,positive,asserted,[],0,[],[],[],[],0,True,The 92% earnings beat probability sitting on prediction markets is real.
61f3e019-63a8-4c56-b763-057208d5efae:aggressive_risk_analyst:risk_debate_state.aggressive_history:claim:21,aggressive_risk_analyst,context_only,unknown,asserted,[],0,[],[],[],[],0,False,"So the technical picture is reflecting a correction from an overvalued high, and the question is whether the business got worse."
61f3e019-63a8-4c56-b763-057208d5efae:aggressive_risk_analyst:risk_debate_state.aggressive_history:claim:22,aggressive_risk_analyst,analytical,unknown,asserted,[],0,[],[],[],[],0,True,That gap between technical weakness and fundamental strength is where value gets created.
61f3e019-63a8-4c56-b763-057208d5efae:aggressive_risk_analyst:risk_debate_state.aggressive_history:claim:23,aggressive_risk_analyst,context_only,unknown,asserted,[],0,[],[],[],[],0,False,"On the MACD histogram fading, look at where it came from."
61f3e019-63a8-4c56-b763-057208d5efae:aggressive_risk_analyst:risk_debate_state.aggressive_history:claim:24,aggressive_risk_analyst,analytical,negative,asserted,[],0,[],[],[],[],0,True,June 29th it was sitting at negative 13.67.
61f3e019-63a8-4c56-b763-057208d5efae:aggressive_risk_analyst:risk_debate_state.aggressive_history:claim:25,aggressive_risk_analyst,analytical,positive,asserted,[],0,[],[],[],[],0,True,Today it's at positive 0.91 with a confirmed bullish crossover where MACD is above signal.
61f3e019-63a8-4c56-b763-057208d5efae:aggressive_risk_analyst:risk_debate_state.aggressive_history:claim:26,aggressive_risk_analyst,analytical,neutral,negated,[],0,[],[],[],[],0,True,"The histogram declining from its peak of 3.46 is simply the natural deceleration of a momentum recovery, not a reversal signal."
61f3e019-63a8-4c56-b763-057208d5efae:aggressive_risk_analyst:risk_debate_state.aggressive_history:claim:27,aggressive_risk_analyst,context_only,unknown,asserted,[],0,[],[],[],[],0,False,Momentum doesn't travel in a straight line.
61f3e019-63a8-4c56-b763-057208d5efae:aggressive_risk_analyst:risk_debate_state.aggressive_history:claim:28,aggressive_risk_analyst,context_only,unknown,asserted,[],0,[],[],[],[],0,False,The RSI at 49 being called a weak bounce ignores that we are literally two days before a binary earnings event.
61f3e019-63a8-4c56-b763-057208d5efae:aggressive_risk_analyst:risk_debate_state.aggressive_history:claim:29,aggressive_risk_analyst,analytical,neutral,asserted,[],0,"[""FORWARD_TRANSITIVE_CAUSAL""]",[],[],[],0,True,Of course institutional money is holding back and RSI is compressing.
61f3e019-63a8-4c56-b763-057208d5efae:aggressive_risk_analyst:risk_debate_state.aggressive_history:claim:30,aggressive_risk_analyst,analytical,neutral,negated,[],0,[],[],[],[],0,True,"That's not weakness, that's patience before a catalyst."
61f3e019-63a8-4c56-b763-057208d5efae:aggressive_risk_analyst:risk_debate_state.aggressive_history:claim:31,aggressive_risk_analyst,analytical,negative,asserted,[],0,"[""FORWARD_TRANSITIVE_SUPPORTIVE""]",[],[],[],0,True,"The moment Azure numbers confirm the thesis, RSI will explode through 60 the same way MACD exploded from negative 13 to near zero in four weeks."
61f3e019-63a8-4c56-b763-057208d5efae:aggressive_risk_analyst:risk_debate_state.aggressive_history:claim:32,aggressive_risk_analyst,context_only,unknown,asserted,[],0,[],[],[],[],0,False,Let's talk about the June 25 capitulation because I think this is the most underappreciated element of the entire setup.
61f3e019-63a8-4c56-b763-057208d5efae:aggressive_risk_analyst:risk_debate_state.aggressive_history:claim:33,aggressive_risk_analyst,context_only,unknown,asserted,[],0,[],[],[],[],0,False,186 million shares traded on June 26 in a single session reversal.
61f3e019-63a8-4c56-b763-057208d5efae:aggressive_risk_analyst:risk_debate_state.aggressive_history:claim:34,aggressive_risk_analyst,analytical,negative,asserted,[],0,[],[],[],[],0,True,"That is the single highest volume day in the entire dataset, representing an exhaustive flush where sellers who needed to sell already sold."
61f3e019-63a8-4c56-b763-057208d5efae:aggressive_risk_analyst:risk_debate_state.aggressive_history:claim:35,aggressive_risk_analyst,analytical,unknown,asserted,[],0,"[""FORWARD_TRANSITIVE_SUPPORTIVE""]",[],[],[],0,True,The stock bottomed at $352.83 and has held that level as unretested support.
61f3e019-63a8-4c56-b763-057208d5efae:aggressive_risk_analyst:risk_debate_state.aggressive_history:claim:36,aggressive_risk_analyst,analytical,unknown,asserted,[],0,[],[],[],[],0,True,"When you see that kind of volume signature on a reversal in a company with $2.89 trillion in market cap and the fundamental profile we just walked through, that is the institutional accumulation signal that precedes sustained recovery."
61f3e019-63a8-4c56-b763-057208d5efae:aggressive_risk_analyst:risk_debate_state.aggressive_history:claim:37,aggressive_risk_analyst,context_only,unknown,asserted,[],0,[],[],[],[],0,False,The conservative analyst will call it a dead cat bounce.
61f3e019-63a8-4c56-b763-057208d5efae:aggressive_risk_analyst:risk_debate_state.aggressive_history:claim:38,aggressive_risk_analyst,context_only,unknown,asserted,[],0,[],[],[],[],0,False,The data says it's a major structural low.
61f3e019-63a8-4c56-b763-057208d5efae:aggressive_risk_analyst:risk_debate_state.aggressive_history:claim:39,aggressive_risk_analyst,analytical,negative,conditional,[],0,[],[],[],[],0,True,Now let me address the earnings risk head-on because pretending it doesn't exist would be intellectually dishonest.
61f3e019-63a8-4c56-b763-057208d5efae:aggressive_risk_analyst:risk_debate_state.aggressive_history:claim:40,aggressive_risk_analyst,context_only,unknown,asserted,[],0,[],[],[],[],0,False,The options market is pricing plus or minus 7% on July 29.
61f3e019-63a8-4c56-b763-057208d5efae:aggressive_risk_analyst:risk_debate_state.aggressive_history:claim:41,aggressive_risk_analyst,analytical,negative,asserted,[],0,"[""FORWARD_TRANSITIVE_CAUSAL"", ""FORWARD_TRANSITIVE_SUPPORTIVE""]",[],[],[],0,True,"At $389 entry, a 7% downside move takes you to roughly $362, which is still above the $352 capitulation low and inside the lower Bollinger Band support at $369."
61f3e019-63a8-4c56-b763-057208d5efae:aggressive_risk_analyst:risk_debate_state.aggressive_history:claim:42,aggressive_risk_analyst,context_only,unknown,asserted,[],0,[],[],[],[],0,False,"The stop loss at $371 is set at 1.5 times ATR below entry, which is exactly right given the $12 daily ATR."
61f3e019-63a8-4c56-b763-057208d5efae:aggressive_risk_analyst:risk_debate_state.aggressive_history:claim:43,aggressive_risk_analyst,analytical,unknown,asserted,[],0,"[""CONFLICT_WORD""]",[],[],[],0,True,But here is the critical point about the staged entry strategy that makes it brilliant rather than reckless.
61f3e019-63a8-4c56-b763-057208d5efae:aggressive_risk_analyst:risk_debate_state.aggressive_history:claim:44,aggressive_risk_analyst,analytical,negative,conditional,[],0,"[""CONFLICT_WORD""]",[],[],[],0,True,"By deploying only 50% of intended allocation now, we are capturing the value entry before earnings while preserving capital to either add momentum on a confirmed breakout above $399 or deploy aggressively at $360 to $370 if the market gives us a fundamentally unimpaired selloff as a gift."
61f3e019-63a8-4c56-b763-057208d5efae:aggressive_risk_analyst:risk_debate_state.aggressive_history:claim:45,aggressive_risk_analyst,context_only,unknown,asserted,[],0,[],[],[],[],0,False,Both outcomes are favorable for the full allocation thesis.
61f3e019-63a8-4c56-b763-057208d5efae:aggressive_risk_analyst:risk_debate_state.aggressive_history:claim:46,aggressive_risk_analyst,analytical,positive,asserted,[],0,[],[],[],[],0,True,"The only scenario where this trade structurally fails is an actual deterioration in Azure growth or forward guidance that impairs the fundamental case, and the 92% beat probability plus $50.9 billion deferred revenue backlog makes that the low-probability scenario."
61f3e019-63a8-4c56-b763-057208d5efae:aggressive_risk_analyst:risk_debate_state.aggressive_history:claim:47,aggressive_risk_analyst,context_only,neutral,asserted,[],0,[],[],[],[],0,False,The conservative case will inevitably argue to wait for post-earnings confirmation.
61f3e019-63a8-4c56-b763-057208d5efae:aggressive_risk_analyst:risk_debate_state.aggressive_history:claim:48,aggressive_risk_analyst,context_only,unknown,asserted,[],0,[],[],[],[],0,False,I want to be direct about what that advice actually costs you.
61f3e019-63a8-4c56-b763-057208d5efae:aggressive_risk_analyst:risk_debate_state.aggressive_history:claim:49,aggressive_risk_analyst,analytical,positive,conditional,[],0,"[""CONDITIONAL_MARKER"", ""FORWARD_TRANSITIVE_CAUSAL"", ""FORWARD_TRANSITIVE_SUPPORTIVE""]",[],[],[],0,True,"If earnings confirm the bull thesis and Azure accelerates, you are buying at $410 to $420 on breakout momentum."
61f3e019-63a8-4c56-b763-057208d5efae:aggressive_risk_analyst:risk_debate_state.aggressive_history:claim:50,aggressive_risk_analyst,context_only,unknown,asserted,[],0,[],[],[],[],0,False,That's 5.5 to 8 percent more expensive than today's $389.
61f3e019-63a8-4c56-b763-057208d5efae:aggressive_risk_analyst:risk_debate_state.aggressive_history:claim:51,aggressive_risk_analyst,context_only,neutral,asserted,[],0,[],[],[],[],0,False,"On a full 5 to 8 percent portfolio position, that waiting premium is meaningful real money left on the table."
61f3e019-63a8-4c56-b763-057208d5efae:aggressive_risk_analyst:risk_debate_state.aggressive_history:claim:52,aggressive_risk_analyst,context_only,unknown,asserted,[],0,[],[],[],[],0,False,"Confirmation has a price, and that price is paid every single time by investors who need the market to validate what the fundamentals already tell them."
61f3e019-63a8-4c56-b763-057208d5efae:aggressive_risk_analyst:risk_debate_state.aggressive_history:claim:53,aggressive_risk_analyst,analytical,unknown,asserted,[],0,"[""FORWARD_TRANSITIVE_SUPPORTIVE""]",[],[],[],0,True,The macro backdrop supports this thesis more than the bears acknowledge.
61f3e019-63a8-4c56-b763-057208d5efae:aggressive_risk_analyst:risk_debate_state.aggressive_history:claim:54,aggressive_risk_analyst,context_only,neutral,asserted,[],0,[],[],[],[],0,False,"Yes, the Fed is likely on hold with 85% probability of no cuts in 2026."
61f3e019-63a8-4c56-b763-057208d5efae:aggressive_risk_analyst:risk_debate_state.aggressive_history:claim:55,aggressive_risk_analyst,analytical,unknown,asserted,[],0,"[""CONFLICT_WORD""]",[],[],[],0,True,But higher for longer only punishes companies that need cheap capital to survive.
61f3e019-63a8-4c56-b763-057208d5efae:aggressive_risk_analyst:risk_debate_state.aggressive_history:claim:56,aggressive_risk_analyst,analytical,unknown,asserted,[],0,"[""FORWARD_TRANSITIVE_CAUSAL""]",[],[],[],0,True,Microsoft has net debt of just $8.2 billion against $694 billion in total assets and generates $136 billion in operating cash flow.
61f3e019-63a8-4c56-b763-057208d5efae:aggressive_risk_analyst:risk_debate_state.aggressive_history:claim:57,aggressive_risk_analyst,context_only,neutral,negated,[],0,[],[],[],[],0,False,"They are a net beneficiary of higher rates on their cash balances, not a victim."
61f3e019-63a8-4c56-b763-057208d5efae:aggressive_risk_analyst:risk_debate_state.aggressive_history:claim:58,aggressive_risk_analyst,analytical,neutral,mixed,[],0,"[""CONFLICT_WORD"", ""FORWARD_TRANSITIVE_CAUSAL""]",[],[],[],0,True,"The strong dollar creates a modest FX headwind, but MSFT's revenue is geographically diversified and the dollar headwind at current levels is manageable against 15-plus percent constant currency growth."
61f3e019-63a8-4c56-b763-057208d5efae:aggressive_risk_analyst:risk_debate_state.aggressive_history:claim:59,aggressive_risk_analyst,analytical,negative,asserted,[],0,[],[],[],[],0,True,The recession probability at 13% is low and declining as a near-term risk.
61f3e019-63a8-4c56-b763-057208d5efae:aggressive_risk_analyst:risk_debate_state.aggressive_history:claim:60,aggressive_risk_analyst,analytical,unknown,asserted,"[""AI CapEx""]",1,"[""FORWARD_TRANSITIVE_CAUSAL""]",[],[],[],0,True,"The AI capex story at $190 billion is the bear's favorite cudgel, and I understand why it generates concern."
61f3e019-63a8-4c56-b763-057208d5efae:aggressive_risk_analyst:risk_debate_state.aggressive_history:claim:61,aggressive_risk_analyst,analytical,unknown,asserted,[],0,"[""CONFLICT_WORD""]",[],[],[],0,True,But look at what the data actually shows.
61f3e019-63a8-4c56-b763-057208d5efae:aggressive_risk_analyst:risk_debate_state.aggressive_history:claim:62,aggressive_risk_analyst,analytical,unknown,asserted,[],0,[],[],[],[],0,True,Net PP&E grew from $229.8 billion to $307.6 billion in nine months.
61f3e019-63a8-4c56-b763-057208d5efae:aggressive_risk_analyst:risk_debate_state.aggressive_history:claim:63,aggressive_risk_analyst,analytical,neutral,negated,[],0,[],[],[],[],0,True,"That infrastructure is not speculative, it is capacity being built against a $50.9 billion backlog of contracted committed demand."
61f3e019-63a8-4c56-b763-057208d5efae:aggressive_risk_analyst:risk_debate_state.aggressive_history:claim:64,aggressive_risk_analyst,analytical,unknown,conditional,[],0,[],[],[],[],0,True,"The Motley Fool framing is exactly right: this capex only makes sense if cloud demand keeps outrunning supply, and Microsoft's deferred revenue tells us it does."
61f3e019-63a8-4c56-b763-057208d5efae:conservative_risk_analyst:risk_debate_state.conservative_history:claim:1,conservative_risk_analyst,analytical,negative,conditional,[],0,"[""CONFLICT_WORD""]",[],[],[],0,True,"Conservative Analyst: Let me be direct with my colleague from the aggressive desk, because while I respect the intellectual rigor of that argument, I think it contains several critical blind spots that could expose the firm to exactly the kind of asymmetric downside that our risk mandate exists to prevent."
61f3e019-63a8-4c56-b763-057208d5efae:conservative_risk_analyst:risk_debate_state.conservative_history:claim:2,conservative_risk_analyst,analytical,unknown,asserted,[],0,"[""CONFLICT_WORD""]",[],[],[],0,True,"First, let me address the framing of the fundamental case, because the aggressive analyst is doing something rhetorically clever but analytically dangerous."
61f3e019-63a8-4c56-b763-057208d5efae:conservative_risk_analyst:risk_debate_state.conservative_history:claim:3,conservative_risk_analyst,analytical,positive,conditional,"[""Revenue Growth""]",1,[],[],[],[],0,True,"They are presenting MSFT's historical operating cash flow, historical margins, and historical revenue growth as if those numbers tell us what happens on July 29th."
61f3e019-63a8-4c56-b763-057208d5efae:conservative_risk_analyst:risk_debate_state.conservative_history:claim:4,conservative_risk_analyst,context_only,neutral,negated,[],0,[],[],[],[],0,False,What the market prices is not what Microsoft earned last quarter.
61f3e019-63a8-4c56-b763-057208d5efae:conservative_risk_analyst:risk_debate_state.conservative_history:claim:5,conservative_risk_analyst,analytical,neutral,negated,[],0,"[""CONFLICT_WORD""]",[],[],[],0,True,"What the market prices is what Microsoft will earn next year and the year after, and the entire forward case rests on a single variable that we do not yet know: Azure's sequential growth rate."
61f3e019-63a8-4c56-b763-057208d5efae:conservative_risk_analyst:risk_debate_state.conservative_history:claim:6,conservative_risk_analyst,analytical,positive,asserted,[],0,[],[],[],[],0,True,"The 92% earnings beat probability is a prediction market signal on the headline EPS number, which is largely a function of already-contracted revenue."
61f3e019-63a8-4c56-b763-057208d5efae:conservative_risk_analyst:risk_debate_state.conservative_history:claim:7,conservative_risk_analyst,analytical,neutral,negated,[],0,"[""CONFLICT_WORD""]",[],[],[],0,True,But the stock does not move on whether they beat by a penny.
61f3e019-63a8-4c56-b763-057208d5efae:conservative_risk_analyst:risk_debate_state.conservative_history:claim:8,conservative_risk_analyst,analytical,unknown,asserted,[],0,"[""FORWARD_TRANSITIVE_SUPPORTIVE""]",[],[],[],0,True,The stock moves plus or minus 7% on whether Azure acceleration confirms the $190 billion capex thesis.
61f3e019-63a8-4c56-b763-057208d5efae:conservative_risk_analyst:risk_debate_state.conservative_history:claim:9,conservative_risk_analyst,context_only,unknown,asserted,[],0,[],[],[],[],0,False,"Those are two completely different questions, and conflating them is a significant analytical error."
61f3e019-63a8-4c56-b763-057208d5efae:conservative_risk_analyst:risk_debate_state.conservative_history:claim:10,conservative_risk_analyst,context_only,unknown,asserted,[],0,[],[],[],[],0,False,"Now let me take on the capex argument directly, because this is where I think the aggressive analyst is most vulnerable."
61f3e019-63a8-4c56-b763-057208d5efae:conservative_risk_analyst:risk_debate_state.conservative_history:claim:11,conservative_risk_analyst,analytical,unknown,asserted,[],0,[],[],[],[],0,True,They frame the $190 billion capex plan as a moat being built in real time against contracted backlog.
61f3e019-63a8-4c56-b763-057208d5efae:conservative_risk_analyst:risk_debate_state.conservative_history:claim:12,conservative_risk_analyst,analytical,unknown,asserted,[],0,"[""CONFLICT_WORD""]",[],[],[],0,True,But look at what is actually happening to free cash flow.
61f3e019-63a8-4c56-b763-057208d5efae:conservative_risk_analyst:risk_debate_state.conservative_history:claim:13,conservative_risk_analyst,analytical,unknown,asserted,[],0,[],[],[],[],0,True,"It fell from $74.1 billion in fiscal 2024 to $71.6 billion in fiscal 2025, and based on the quarterly CapEx run rate we are seeing right now, with $30.9 billion in a single quarter, we are on pace for annualized CapEx exceeding $120 billion."
61f3e019-63a8-4c56-b763-057208d5efae:conservative_risk_analyst:risk_debate_state.conservative_history:claim:14,conservative_risk_analyst,analytical,positive,conditional,[],0,"[""FORWARD_TRANSITIVE_CAUSAL"", ""REVERSE_MULTIWORD""]",[],[],[],0,True,That means free cash flow in fiscal 2026 could compress to somewhere in the $15 to $37 billion range depending on operating cash flow growth.
61f3e019-63a8-4c56-b763-057208d5efae:conservative_risk_analyst:risk_debate_state.conservative_history:claim:15,conservative_risk_analyst,context_only,neutral,negated,[],0,[],[],[],[],0,False,That is not a minor footnote.
61f3e019-63a8-4c56-b763-057208d5efae:conservative_risk_analyst:risk_debate_state.conservative_history:claim:16,conservative_risk_analyst,analytical,positive,asserted,[],0,[],[],[],[],0,True,"Free cash flow is what actually funds dividends, buybacks, and the real return to shareholders."
61f3e019-63a8-4c56-b763-057208d5efae:conservative_risk_analyst:risk_debate_state.conservative_history:claim:17,conservative_risk_analyst,analytical,positive,asserted,"[""AI Infrastructure""]",1,[],[],[],[],0,True,"The $24 billion in dividends and $18 billion in buybacks that have historically supported this stock are funded by free cash flow, and that free cash flow is being consumed by a bet on AI infrastructure whose payoff timeline is uncertain."
61f3e019-63a8-4c56-b763-057208d5efae:conservative_risk_analyst:risk_debate_state.conservative_history:claim:18,conservative_risk_analyst,analytical,negative,asserted,[],0,[],[],[],[],0,True,The aggressive analyst says the backlog de-risks this.
61f3e019-63a8-4c56-b763-057208d5efae:conservative_risk_analyst:risk_debate_state.conservative_history:claim:19,conservative_risk_analyst,context_only,neutral,negated,[],0,[],[],[],[],0,False,"I say a $50.9 billion deferred revenue balance against $120 billion in annualized CapEx is not coverage, it is a gap."
61f3e019-63a8-4c56-b763-057208d5efae:conservative_risk_analyst:risk_debate_state.conservative_history:claim:20,conservative_risk_analyst,context_only,unknown,asserted,[],0,[],[],[],[],0,False,The aggressive analyst wants to dismiss the technical picture as missing the forest for the trees.
61f3e019-63a8-4c56-b763-057208d5efae:conservative_risk_analyst:risk_debate_state.conservative_history:claim:21,conservative_risk_analyst,analytical,unknown,asserted,[],0,"[""FORWARD_TRANSITIVE_CAUSAL""]",[],[],[],0,True,I want to push back on that directly.
61f3e019-63a8-4c56-b763-057208d5efae:conservative_risk_analyst:risk_debate_state.conservative_history:claim:22,conservative_risk_analyst,context_only,neutral,negated,[],0,[],[],[],[],0,False,The 200 SMA at $434 is not just overhead resistance in the traditional sense.
61f3e019-63a8-4c56-b763-057208d5efae:conservative_risk_analyst:risk_debate_state.conservative_history:claim:23,conservative_risk_analyst,context_only,unknown,asserted,[],0,[],[],[],[],0,False,It is a signal that the long-term trend of the business as priced by institutional capital remains downward.
61f3e019-63a8-4c56-b763-057208d5efae:conservative_risk_analyst:risk_debate_state.conservative_history:claim:24,conservative_risk_analyst,context_only,neutral,negated,[],0,[],[],[],[],0,False,"When you are 11.7% below your 200 SMA on a stock that peaked at $555 only months ago, you are not looking at a minor consolidation."
61f3e019-63a8-4c56-b763-057208d5efae:conservative_risk_analyst:risk_debate_state.conservative_history:claim:25,conservative_risk_analyst,analytical,unknown,asserted,[],0,[],[],[],[],0,True,You are looking at a stock that has shed over 30% from peak to trough and has failed three consecutive tests of a declining 50 SMA.
61f3e019-63a8-4c56-b763-057208d5efae:conservative_risk_analyst:risk_debate_state.conservative_history:claim:26,conservative_risk_analyst,analytical,unknown,asserted,[],0,[],[],[],[],0,True,The aggressive analyst characterizes the MACD histogram fading from 3.46 to 0.91 as natural deceleration.
61f3e019-63a8-4c56-b763-057208d5efae:conservative_risk_analyst:risk_debate_state.conservative_history:claim:27,conservative_risk_analyst,context_only,unknown,asserted,[],0,[],[],[],[],0,False,I characterize it as momentum exhaustion two days before a binary event that the market is pricing at plus or minus 7%.
61f3e019-63a8-4c56-b763-057208d5efae:conservative_risk_analyst:risk_debate_state.conservative_history:claim:28,conservative_risk_analyst,context_only,neutral,negated,[],0,[],[],[],[],0,False,"Those are two fundamentally different interpretations and the data does not definitively favor either one, which is precisely why initiating a new long position into that uncertainty is not disciplined value capture, it is event speculation dressed up in fundamental clothing."
61f3e019-63a8-4c56-b763-057208d5efae:conservative_risk_analyst:risk_debate_state.conservative_history:claim:29,conservative_risk_analyst,analytical,negative,asserted,[],0,"[""FORWARD_TRANSITIVE_CAUSAL""]",[],[],[],0,True,Let me address the stop loss argument because this is where I think the position sizing creates hidden risk.
61f3e019-63a8-4c56-b763-057208d5efae:conservative_risk_analyst:risk_debate_state.conservative_history:claim:30,conservative_risk_analyst,context_only,unknown,asserted,[],0,[],[],[],[],0,False,The stop at $371 looks clean at 1.5 times ATR.
61f3e019-63a8-4c56-b763-057208d5efae:conservative_risk_analyst:risk_debate_state.conservative_history:claim:31,conservative_risk_analyst,analytical,unknown,asserted,[],0,"[""CONFLICT_WORD""]",[],[],[],0,True,But consider what happens in practice.
61f3e019-63a8-4c56-b763-057208d5efae:conservative_risk_analyst:risk_debate_state.conservative_history:claim:32,conservative_risk_analyst,context_only,unknown,asserted,[],0,[],[],[],[],0,False,You have a $12 ATR stock.
61f3e019-63a8-4c56-b763-057208d5efae:conservative_risk_analyst:risk_debate_state.conservative_history:claim:33,conservative_risk_analyst,context_only,unknown,asserted,[],0,[],[],[],[],0,False,Earnings are in two days.
61f3e019-63a8-4c56-b763-057208d5efae:conservative_risk_analyst:risk_debate_state.conservative_history:claim:34,conservative_risk_analyst,analytical,negative,asserted,[],0,[],[],[],[],0,True,Post-earnings gap risk is entirely real and has nothing to do with ATR-based stop placement.
61f3e019-63a8-4c56-b763-057208d5efae:conservative_risk_analyst:risk_debate_state.conservative_history:claim:35,conservative_risk_analyst,analytical,positive,conditional,[],0,"[""CONDITIONAL_MARKER""]",[],[],[],0,True,"If MSFT reports Azure growth that disappoints even modestly, a gap down to $355 or even $340 is entirely plausible given the plus or minus 7% implied move and the fact that the stock already failed three tests of the 50 SMA."
61f3e019-63a8-4c56-b763-057208d5efae:conservative_risk_analyst:risk_debate_state.conservative_history:claim:36,conservative_risk_analyst,context_only,neutral,negated,[],0,[],[],[],[],0,False,"In a gap scenario, your stop at $371 is not your exit price."
61f3e019-63a8-4c56-b763-057208d5efae:conservative_risk_analyst:risk_debate_state.conservative_history:claim:37,conservative_risk_analyst,analytical,unknown,conditional,[],0,"[""FORWARD_TRANSITIVE_CAUSAL""]",[],[],[],0,True,"Your exit price is wherever the market reopens, which could be $360, $355, or lower."
61f3e019-63a8-4c56-b763-057208d5efae:conservative_risk_analyst:risk_debate_state.conservative_history:claim:38,conservative_risk_analyst,analytical,negative,asserted,[],0,[],[],[],[],0,True,"The aggressive analyst acknowledges a 7% downside move takes you to $362, which they frame as comfortable because it is above the $352 capitulation low."
61f3e019-63a8-4c56-b763-057208d5efae:conservative_risk_analyst:risk_debate_state.conservative_history:claim:39,conservative_risk_analyst,analytical,unknown,conditional,[],0,"[""CONDITIONAL_MARKER"", ""CONFLICT_WORD""]",[],[],[],0,True,"But I would ask: if you are comfortable with a potential $27 loss from entry to capitulation low on a $389 stock, you are accepting a 6.9% loss on a half-sized position."
61f3e019-63a8-4c56-b763-057208d5efae:conservative_risk_analyst:risk_debate_state.conservative_history:claim:40,conservative_risk_analyst,analytical,unknown,conditional,[],0,"[""CONFLICT_WORD""]",[],[],[],0,True,"On a 2.5 to 4 percent portfolio allocation, that is a meaningful drawdown contribution, and that is before we consider what happens if the second tranche gets deployed at $360 to $370 into what might be a continuing downtrend rather than a gift."
61f3e019-63a8-4c56-b763-057208d5efae:conservative_risk_analyst:risk_debate_state.conservative_history:claim:41,conservative_risk_analyst,context_only,neutral,asserted,[],0,[],[],[],[],0,False,The aggressive analyst's most rhetorically powerful argument is the opportunity cost of waiting.
61f3e019-63a8-4c56-b763-057208d5efae:conservative_risk_analyst:risk_debate_state.conservative_history:claim:42,conservative_risk_analyst,context_only,neutral,asserted,[],0,[],[],[],[],0,False,They say waiting for post-earnings confirmation means paying $410 to $420 for momentum entry.
61f3e019-63a8-4c56-b763-057208d5efae:conservative_risk_analyst:risk_debate_state.conservative_history:claim:43,conservative_risk_analyst,context_only,unknown,asserted,[],0,[],[],[],[],0,False,That framing assumes the earnings are good.
61f3e019-63a8-4c56-b763-057208d5efae:conservative_risk_analyst:risk_debate_state.conservative_history:claim:44,conservative_risk_analyst,analytical,neutral,negated,[],0,[],[],[],[],0,True,What if they are not?
61f3e019-63a8-4c56-b763-057208d5efae:conservative_risk_analyst:risk_debate_state.conservative_history:claim:45,conservative_risk_analyst,analytical,positive,conditional,[],0,[],[],[],[],0,True,What if Azure growth comes in at 32% against a 35% consensus expectation?
61f3e019-63a8-4c56-b763-057208d5efae:conservative_risk_analyst:risk_debate_state.conservative_history:claim:46,conservative_risk_analyst,context_only,neutral,negated,[],0,[],[],[],[],0,False,"In that scenario, confirmation never arrives, and the investor who waited has no position in a stock that goes to $330."
61f3e019-63a8-4c56-b763-057208d5efae:conservative_risk_analyst:risk_debate_state.conservative_history:claim:47,conservative_risk_analyst,context_only,unknown,asserted,[],0,[],[],[],[],0,False,That is a real scenario.
61f3e019-63a8-4c56-b763-057208d5efae:conservative_risk_analyst:risk_debate_state.conservative_history:claim:48,conservative_risk_analyst,analytical,neutral,negated,[],0,"[""CONFLICT_WORD""]",[],[],[],0,True,But the investor who bought at $389 into the binary event with a stop that gaps through has taken actual realized losses on capital that was not required to be at risk.
61f3e019-63a8-4c56-b763-057208d5efae:conservative_risk_analyst:risk_debate_state.conservative_history:claim:49,conservative_risk_analyst,context_only,neutral,negated,[],0,[],[],[],[],0,False,The conservative path does not require you to be right about whether the stock goes up.
61f3e019-63a8-4c56-b763-057208d5efae:conservative_risk_analyst:risk_debate_state.conservative_history:claim:50,conservative_risk_analyst,context_only,neutral,negated,[],0,[],[],[],[],0,False,It requires you to not lose money on scenarios where you were wrong.
61f3e019-63a8-4c56-b763-057208d5efae:conservative_risk_analyst:risk_debate_state.conservative_history:claim:51,conservative_risk_analyst,context_only,neutral,negated,[],0,[],[],[],[],0,False,That asymmetry is not timidity.
61f3e019-63a8-4c56-b763-057208d5efae:conservative_risk_analyst:risk_debate_state.conservative_history:claim:52,conservative_risk_analyst,analytical,negative,asserted,[],0,[],[],[],[],0,True,That is the entire purpose of risk management.
61f3e019-63a8-4c56-b763-057208d5efae:conservative_risk_analyst:risk_debate_state.conservative_history:claim:53,conservative_risk_analyst,analytical,unknown,asserted,[],0,"[""FORWARD_TRANSITIVE_SUPPORTIVE""]",[],[],[],0,True,I want to address the macro backdrop as well because the aggressive analyst characterizes higher rates as a net benefit for Microsoft due to cash balances.
61f3e019-63a8-4c56-b763-057208d5efae:conservative_risk_analyst:risk_debate_state.conservative_history:claim:54,conservative_risk_analyst,analytical,unknown,asserted,[],0,"[""CONFLICT_WORD""]",[],[],[],0,True,That argument contains a grain of truth but misses the larger point.
61f3e019-63a8-4c56-b763-057208d5efae:conservative_risk_analyst:risk_debate_state.conservative_history:claim:55,conservative_risk_analyst,analytical,positive,asserted,[],0,"[""FORWARD_TRANSITIVE_SUPPORTIVE"", ""WITH_PREFIX""]",[],[],[],0,True,"With 85% probability of no cuts in 2026 and the dollar at a one-month high, the discount rate environment does not support multiple expansion for any growth stock, including Microsoft."
61f3e019-63a8-4c56-b763-057208d5efae:conservative_risk_analyst:risk_debate_state.conservative_history:claim:56,conservative_risk_analyst,analytical,negative,conditional,[],0,"[""CONFLICT_WORD"", ""FORWARD_TRANSITIVE_CAUSAL""]",[],[],[],0,True,"The forward P/E of 20 times looks reasonable today, but in a sustained higher-rate environment where the 10-year Treasury continues pricing in no policy relief, that 20 times multiple faces compression pressure even if earnings grow."
61f3e019-63a8-4c56-b763-057208d5efae:conservative_risk_analyst:risk_debate_state.conservative_history:claim:57,conservative_risk_analyst,analytical,neutral,asserted,[],0,"[""FORWARD_TRANSITIVE_CAUSAL""]",[],[],[],0,True,The aggressive analyst is implicitly assuming the multiple holds or expands.
61f3e019-63a8-4c56-b763-057208d5efae:conservative_risk_analyst:risk_debate_state.conservative_history:claim:58,conservative_risk_analyst,context_only,unknown,asserted,[],0,[],[],[],[],0,False,"The macro data says that assumption requires a catalyst to be correct, and that catalyst is exactly the earnings event we are about to face."
61f3e019-63a8-4c56-b763-057208d5efae:conservative_risk_analyst:risk_debate_state.conservative_history:claim:59,conservative_risk_analyst,analytical,negative,asserted,[],0,[],[],[],[],0,True,I also want to flag the geopolitical and energy risk that received insufficient weight in the bull case.
61f3e019-63a8-4c56-b763-057208d5efae:conservative_risk_analyst:risk_debate_state.conservative_history:claim:60,conservative_risk_analyst,analytical,neutral,negated,[],0,[],[],[],[],0,True,The headline that $100 oil puts Big Tech's $725 billion AI bet at risk is not idle speculation.
61f3e019-63a8-4c56-b763-057208d5efae:conservative_risk_analyst:risk_debate_state.conservative_history:claim:61,conservative_risk_analyst,context_only,neutral,negated,[],0,[],[],[],[],0,False,Microsoft's $190 billion capex program is energy-intensive at a scale that was simply not present in prior capex cycles.
61f3e019-63a8-4c56-b763-057208d5efae:conservative_risk_analyst:risk_debate_state.conservative_history:claim:62,conservative_risk_analyst,analytical,unknown,conditional,[],0,"[""CONDITIONAL_MARKER""]",[],[],[],0,True,"If US-Iran talks collapse and oil re-spikes, the operating cost structure of running those data centers changes materially."
61f3e019-63a8-4c56-b763-057208d5efae:conservative_risk_analyst:risk_debate_state.conservative_history:claim:63,conservative_risk_analyst,analytical,negative,asserted,[],0,[],[],[],[],0,True,"That risk is sitting at roughly 30% probability according to the world affairs report, and it is essentially unhedged in this trade structure."
61f3e019-63a8-4c56-b763-057208d5efae:conservative_risk_analyst:risk_debate_state.conservative_history:claim:64,conservative_risk_analyst,context_only,unknown,asserted,[],0,[],[],[],[],0,False,So what is my actual recommendation?
61f3e019-63a8-4c56-b763-057208d5efae:neutral_risk_analyst:risk_debate_state.neutral_history:claim:1,neutral_risk_analyst,analytical,negative,asserted,[],0,"[""CONFLICT_WORD""]",[],[],[],0,True,"Neutral Analyst: Let me step into this debate and challenge both of you directly, because I think the aggressive analyst is optimizing for alpha while underweighting tail risk, and the conservative analyst is optimizing for capital preservation while systematically undervaluing the asymmetry embedded in this specific setup."
61f3e019-63a8-4c56-b763-057208d5efae:neutral_risk_analyst:risk_debate_state.neutral_history:claim:2,neutral_risk_analyst,context_only,unknown,asserted,[],0,[],[],[],[],0,False,"Both of those errors have real costs, and I want to walk through exactly where each of you goes wrong."
61f3e019-63a8-4c56-b763-057208d5efae:neutral_risk_analyst:risk_debate_state.neutral_history:claim:3,neutral_risk_analyst,analytical,neutral,mixed,[],0,"[""CONFLICT_WORD""]",[],[],[],0,True,"Starting with the aggressive analyst, because your fundamental case is genuinely strong and I don't want to dismiss it, but you have a critical structural flaw in your risk framing that needs to be addressed."
61f3e019-63a8-4c56-b763-057208d5efae:neutral_risk_analyst:risk_debate_state.neutral_history:claim:4,neutral_risk_analyst,analytical,unknown,conditional,[],0,[],[],[],[],0,True,You repeatedly use the stop loss at $371 as if it is a real exit price.
61f3e019-63a8-4c56-b763-057208d5efae:neutral_risk_analyst:risk_debate_state.neutral_history:claim:5,neutral_risk_analyst,context_only,unknown,asserted,[],0,[],[],[],[],0,False,"The conservative analyst is absolutely right that in a binary earnings event environment, ATR-based stops are essentially decorative."
61f3e019-63a8-4c56-b763-057208d5efae:neutral_risk_analyst:risk_debate_state.neutral_history:claim:6,neutral_risk_analyst,context_only,unknown,asserted,[],0,[],[],[],[],0,False,They describe what a normal trading day looks like.
61f3e019-63a8-4c56-b763-057208d5efae:neutral_risk_analyst:risk_debate_state.neutral_history:claim:7,neutral_risk_analyst,analytical,positive,conditional,[],0,[],[],[],[],0,True,They say nothing about where the stock opens on July 30th if Azure comes in at 31% growth.
61f3e019-63a8-4c56-b763-057208d5efae:neutral_risk_analyst:risk_debate_state.neutral_history:claim:8,neutral_risk_analyst,context_only,unknown,asserted,[],0,[],[],[],[],0,False,"You acknowledge the 7% implied move takes you to $362, which you frame as comfortable because it is above the June capitulation low at $352."
61f3e019-63a8-4c56-b763-057208d5efae:neutral_risk_analyst:risk_debate_state.neutral_history:claim:9,neutral_risk_analyst,analytical,unknown,asserted,[],0,"[""CONFLICT_WORD""]",[],[],[],0,True,But comfortable is doing a lot of work in that sentence.
61f3e019-63a8-4c56-b763-057208d5efae:neutral_risk_analyst:risk_debate_state.neutral_history:claim:10,neutral_risk_analyst,context_only,neutral,negated,[],0,[],[],[],[],0,False,A gap through your stop to $362 is not a clean 4.6% loss on a half position.
61f3e019-63a8-4c56-b763-057208d5efae:neutral_risk_analyst:risk_debate_state.neutral_history:claim:11,neutral_risk_analyst,analytical,negative,asserted,[],0,[],[],[],[],0,True,It is a scenario where your risk management framework failed at exactly the moment it was supposed to protect you.
61f3e019-63a8-4c56-b763-057208d5efae:neutral_risk_analyst:risk_debate_state.neutral_history:claim:12,neutral_risk_analyst,context_only,unknown,asserted,[],0,[],[],[],[],0,False,The entire premise of a 1.5 times ATR stop is that price moves continuously enough for the stop to actually execute.
61f3e019-63a8-4c56-b763-057208d5efae:neutral_risk_analyst:risk_debate_state.neutral_history:claim:13,neutral_risk_analyst,analytical,neutral,negated,[],0,[],[],[],[],0,True,"Earnings gaps violate that premise by definition, and you cannot simultaneously cite the plus or minus 7% implied move as evidence of a favorable setup and then use an ATR-based stop as if the gap risk does not exist."
61f3e019-63a8-4c56-b763-057208d5efae:neutral_risk_analyst:risk_debate_state.neutral_history:claim:14,neutral_risk_analyst,analytical,neutral,negated,[],0,[],[],[],[],0,True,"Now here is where I part ways with the conservative analyst, because the response to that gap risk is not to sit out entirely."
61f3e019-63a8-4c56-b763-057208d5efae:neutral_risk_analyst:risk_debate_state.neutral_history:claim:15,neutral_risk_analyst,analytical,neutral,asserted,[],0,"[""CONFLICT_WORD""]",[],[],[],0,True,The conservative analyst's recommendation to wait for a confirmed close above the 50 SMA at $399 on above-average volume is intellectually clean but practically it solves the wrong problem.
61f3e019-63a8-4c56-b763-057208d5efae:neutral_risk_analyst:risk_debate_state.neutral_history:claim:16,neutral_risk_analyst,analytical,negative,asserted,[],0,[],[],[],[],0,True,The gap risk they are rightly worried about is a pre-earnings risk.
61f3e019-63a8-4c56-b763-057208d5efae:neutral_risk_analyst:risk_debate_state.neutral_history:claim:17,neutral_risk_analyst,analytical,negative,asserted,[],0,[],[],[],[],0,True,"Once earnings are reported on July 29th, that specific risk resolves."
61f3e019-63a8-4c56-b763-057208d5efae:neutral_risk_analyst:risk_debate_state.neutral_history:claim:18,neutral_risk_analyst,context_only,neutral,negated,[],0,[],[],[],[],0,False,"At that point, either the thesis is confirmed and you are entering at $410 to $420 in a confirmed uptrend with the binary event behind you, or the thesis is impaired and you are not entering at all."
61f3e019-63a8-4c56-b763-057208d5efae:neutral_risk_analyst:risk_debate_state.neutral_history:claim:19,neutral_risk_analyst,analytical,positive,asserted,[],0,[],[],[],[],0,True,"The conservative analyst frames those as the only two outcomes, and in doing so, they completely ignore the third outcome that the aggressive analyst is actually trying to position for: a fundamentally positive earnings result that the market nevertheless treats as a sell the news event, taking the stock to $360 to $370 temporarily before recovering."
61f3e019-63a8-4c56-b763-057208d5efae:neutral_risk_analyst:risk_debate_state.neutral_history:claim:20,neutral_risk_analyst,analytical,neutral,negated,[],0,[],[],[],[],0,True,"In that scenario, the conservative analyst who waited for post-earnings confirmation never gets a clean entry signal because the stock does not close above $399 after earnings, and they end up watching the stock recover from $365 to $410 over the following six weeks without ever having initiated a position."
61f3e019-63a8-4c56-b763-057208d5efae:neutral_risk_analyst:risk_debate_state.neutral_history:claim:21,neutral_risk_analyst,context_only,neutral,negated,[],0,[],[],[],[],0,False,That outcome is not hypothetical.
61f3e019-63a8-4c56-b763-057208d5efae:neutral_risk_analyst:risk_debate_state.neutral_history:claim:22,neutral_risk_analyst,context_only,unknown,asserted,[],0,[],[],[],[],0,False,"It happens regularly in mega-cap tech after earnings, and it is the precise scenario where the staged entry strategy that the aggressive analyst proposes actually demonstrates its value."
61f3e019-63a8-4c56-b763-057208d5efae:neutral_risk_analyst:risk_debate_state.neutral_history:claim:23,neutral_risk_analyst,context_only,neutral,negated,[],0,[],[],[],[],0,False,"So here is where I think the moderate path lives, and it is genuinely different from both of your positions, not a compromise between them."
61f3e019-63a8-4c56-b763-057208d5efae:neutral_risk_analyst:risk_debate_state.neutral_history:claim:24,neutral_risk_analyst,analytical,negative,asserted,[],0,"[""CONFLICT_WORD""]",[],[],[],0,True,"The aggressive analyst's staged entry structure is conceptually correct, but the execution timing and risk parameters need adjustment."
61f3e019-63a8-4c56-b763-057208d5efae:neutral_risk_analyst:risk_debate_state.neutral_history:claim:25,neutral_risk_analyst,context_only,neutral,negated,[],0,[],[],[],[],0,False,The right answer is not to initiate the first tranche at $389 two days before earnings with a stop that will gap through.
61f3e019-63a8-4c56-b763-057208d5efae:neutral_risk_analyst:risk_debate_state.neutral_history:claim:26,neutral_risk_analyst,analytical,neutral,negated,[],0,"[""FORWARD_TRANSITIVE_CAUSAL""]",[],[],[],0,True,"The right answer is to reduce the first tranche further, treat it explicitly as an earnings risk tranche rather than a value tranche, and resize it so that a full gap to the capitulation low at $352 represents a predefined, acceptable loss, not a scenario you are hoping does not happen."
61f3e019-63a8-4c56-b763-057208d5efae:neutral_risk_analyst:risk_debate_state.neutral_history:claim:27,neutral_risk_analyst,analytical,negative,conditional,[],0,"[""CONDITIONAL_MARKER""]",[],[],[],0,True,"If your full intended allocation is 5 to 8 percent of portfolio and you are deploying 50 percent of that as Tranche 1, you are putting 2.5 to 4 percent of the portfolio at earnings gap risk right now."
61f3e019-63a8-4c56-b763-057208d5efae:neutral_risk_analyst:risk_debate_state.neutral_history:claim:28,neutral_risk_analyst,analytical,unknown,conditional,[],0,[],[],[],[],0,True,"I would argue that tranche should be 20 to 25 percent of intended allocation, roughly 1 to 2 percent of portfolio, sized such that a worst-case gap to $345 is a defined and digestible outcome."
61f3e019-63a8-4c56-b763-057208d5efae:neutral_risk_analyst:risk_debate_state.neutral_history:claim:29,neutral_risk_analyst,analytical,negative,asserted,[],0,[],[],[],[],0,True,"The remaining 75 to 80 percent of intended allocation then becomes genuinely opportunistic, deployed either on a post-earnings confirmation above $399 or aggressively in the $355 to $370 range on a fundamentally unimpaired selloff."
61f3e019-63a8-4c56-b763-057208d5efae:neutral_risk_analyst:risk_debate_state.neutral_history:claim:30,neutral_risk_analyst,analytical,neutral,negated,[],0,[],[],[],[],0,True,"This matters because it addresses the conservative analyst's most legitimate point, which is about gap risk in a binary event, without abandoning the aggressive analyst's most legitimate point, which is that the value opportunity at $389 with deferred revenue of $50.9 billion and a PEG of 1.18 times is real and carries a real opportunity cost if you miss it entirely."
61f3e019-63a8-4c56-b763-057208d5efae:neutral_risk_analyst:risk_debate_state.neutral_history:claim:31,neutral_risk_analyst,analytical,neutral,negated,[],0,"[""FORWARD_TRANSITIVE_CAUSAL""]",[],[],[],0,True,"By reducing Tranche 1 to a genuinely small position, you are not speculating on earnings direction."
61f3e019-63a8-4c56-b763-057208d5efae:neutral_risk_analyst:risk_debate_state.neutral_history:claim:32,neutral_risk_analyst,context_only,unknown,asserted,[],0,[],[],[],[],0,False,You are simply establishing a cost basis that preserves optionality across all post-earnings scenarios.
61f3e019-63a8-4c56-b763-057208d5efae:neutral_risk_analyst:risk_debate_state.neutral_history:claim:33,neutral_risk_analyst,context_only,unknown,asserted,[],0,[],[],[],[],0,False,"Let me also challenge the conservative analyst on the free cash flow argument, because I think it is being used in a way that selectively reads the data."
61f3e019-63a8-4c56-b763-057208d5efae:neutral_risk_analyst:risk_debate_state.neutral_history:claim:34,neutral_risk_analyst,analytical,unknown,asserted,[],0,"[""FORWARD_TRANSITIVE_CAUSAL""]",[],[],[],0,True,You are correct that FCF is compressing due to CapEx acceleration.
61f3e019-63a8-4c56-b763-057208d5efae:neutral_risk_analyst:risk_debate_state.neutral_history:claim:35,neutral_risk_analyst,context_only,unknown,asserted,[],0,[],[],[],[],0,False,You are correct that annualized CapEx appears to be tracking toward $120 billion or more.
61f3e019-63a8-4c56-b763-057208d5efae:neutral_risk_analyst:risk_debate_state.neutral_history:claim:36,neutral_risk_analyst,analytical,neutral,negated,[],0,"[""CONFLICT_WORD""]",[],[],[],0,True,But you frame that compression as a risk without acknowledging what the compression is purchasing.
61f3e019-63a8-4c56-b763-057208d5efae:neutral_risk_analyst:risk_debate_state.neutral_history:claim:37,neutral_risk_analyst,analytical,neutral,negated,[],0,[],[],[],[],0,True,The net PP&E growth from $229.8 billion to $307.6 billion in nine months is not a write-off risk.
61f3e019-63a8-4c56-b763-057208d5efae:neutral_risk_analyst:risk_debate_state.neutral_history:claim:38,neutral_risk_analyst,analytical,unknown,asserted,[],0,"[""FORWARD_TRANSITIVE_CAUSAL""]",[],[],[],0,True,It is depreciation-generating infrastructure that will show up in operating cash flow expansion over the next three to five years as those data centers become revenue-producing.
61f3e019-63a8-4c56-b763-057208d5efae:neutral_risk_analyst:risk_debate_state.neutral_history:claim:39,neutral_risk_analyst,context_only,unknown,asserted,[],0,[],[],[],[],0,False,The FCF compression is front-loaded by design.
61f3e019-63a8-4c56-b763-057208d5efae:neutral_risk_analyst:risk_debate_state.neutral_history:claim:40,neutral_risk_analyst,context_only,unknown,asserted,[],0,[],[],[],[],0,False,That is how infrastructure investment cycles work.
61f3e019-63a8-4c56-b763-057208d5efae:neutral_risk_analyst:risk_debate_state.neutral_history:claim:41,neutral_risk_analyst,context_only,unknown,asserted,[],0,[],[],[],[],0,False,"Amazon went through exactly this dynamic from 2010 to 2014 with AWS, and the investors who cited FCF compression as a reason to avoid Amazon during that period were technically correct about the near-term number and catastrophically wrong about the investment."
61f3e019-63a8-4c56-b763-057208d5efae:neutral_risk_analyst:risk_debate_state.neutral_history:claim:42,neutral_risk_analyst,context_only,neutral,negated,[],0,[],[],[],[],0,False,I am not saying MSFT is Amazon in 2012.
61f3e019-63a8-4c56-b763-057208d5efae:neutral_risk_analyst:risk_debate_state.neutral_history:claim:43,neutral_risk_analyst,analytical,neutral,negated,[],0,[],[],[],[],0,True,"I am saying that FCF compression during a deliberate and funded infrastructure buildout is categorically different from FCF compression due to deteriorating unit economics, and the conservative analyst is presenting them as equivalent risks without that distinction."
61f3e019-63a8-4c56-b763-057208d5efae:neutral_risk_analyst:risk_debate_state.neutral_history:claim:45,neutral_risk_analyst,analytical,unknown,asserted,[],0,"[""FORWARD_TRANSITIVE_SUPPORTIVE""]",[],[],[],0,True,"Yes, Microsoft benefits on its cash balances from higher rates."
61f3e019-63a8-4c56-b763-057208d5efae:neutral_risk_analyst:risk_debate_state.neutral_history:claim:46,neutral_risk_analyst,analytical,unknown,asserted,[],0,"[""CONFLICT_WORD""]",[],[],[],0,True,That is a real but small effect.
61f3e019-63a8-4c56-b763-057208d5efae:neutral_risk_analyst:risk_debate_state.neutral_history:claim:47,neutral_risk_analyst,analytical,negative,asserted,"[""Valuation Risk""]",1,"[""FORWARD_TRANSITIVE_CAUSAL""]",[],[],[],0,True,"The more important rate dynamic is what the conservative analyst correctly identifies, which is multiple compression pressure."
61f3e019-63a8-4c56-b763-057208d5efae:neutral_risk_analyst:risk_debate_state.neutral_history:claim:48,neutral_risk_analyst,context_only,unknown,asserted,[],0,[],[],[],[],0,False,A forward P/E of 20 times looks attractive relative to the S&P 500 today.
61f3e019-63a8-4c56-b763-057208d5efae:neutral_risk_analyst:risk_debate_state.neutral_history:claim:49,neutral_risk_analyst,analytical,negative,conditional,[],0,"[""CONDITIONAL_MARKER"", ""CONFLICT_WORD""]",[],[],[],0,True,"But if the 10-year Treasury is pricing in no rate cuts for all of 2026 with 85% probability, the risk-free rate is structurally competing with equity multiples."
61f3e019-63a8-4c56-b763-057208d5efae:neutral_risk_analyst:risk_debate_state.neutral_history:claim:50,neutral_risk_analyst,context_only,unknown,asserted,[],0,[],[],[],[],0,False,The reason 20 times forward earnings looks cheap for MSFT is precisely because rates are elevated.
61f3e019-63a8-4c56-b763-057208d5efae:neutral_risk_analyst:risk_debate_state.neutral_history:claim:51,neutral_risk_analyst,analytical,unknown,conditional,[],0,"[""CONDITIONAL_MARKER""]",[],[],[],0,True,"If rates were at 2.5 percent, 20 times would look expensive."
61f3e019-63a8-4c56-b763-057208d5efae:neutral_risk_analyst:risk_debate_state.neutral_history:claim:52,neutral_risk_analyst,context_only,unknown,asserted,[],0,[],[],[],[],0,False,"The aggressive analyst's relative valuation argument, Microsoft at a discount to the S&P 500 multiple, is only as durable as the macro environment that sets those relative multiples."
61f3e019-63a8-4c56-b763-057208d5efae:neutral_risk_analyst:risk_debate_state.neutral_history:claim:53,neutral_risk_analyst,analytical,positive,conditional,[],0,"[""FORWARD_TRANSITIVE_CAUSAL""]",[],[],[],0,True,"In a higher-for-longer environment, the compression risk is real and the multiple expansion that would be needed to drive MSFT from $389 to $450 requires either earnings growth doing all the work or rates declining."
61f3e019-63a8-4c56-b763-057208d5efae:neutral_risk_analyst:risk_debate_state.neutral_history:claim:54,neutral_risk_analyst,analytical,neutral,mixed,[],0,"[""CONFLICT_WORD""]",[],[],[],0,True,"Earnings growth can do that work, but it takes time, and in the near term the macro is a headwind to multiple expansion, not a tailwind."
61f3e019-63a8-4c56-b763-057208d5efae:neutral_risk_analyst:risk_debate_state.neutral_history:claim:55,neutral_risk_analyst,analytical,unknown,asserted,[],0,"[""FORWARD_TRANSITIVE_SUPPORTIVE""]",[],[],[],0,True,The sentiment data also supports a more cautious initial sizing than the aggressive analyst proposes.
61f3e019-63a8-4c56-b763-057208d5efae:neutral_risk_analyst:risk_debate_state.neutral_history:claim:56,neutral_risk_analyst,analytical,positive,asserted,[],0,[],[],[],[],0,True,"Yes, the labeled StockTwits ratio is 77% bullish."
61f3e019-63a8-4c56-b763-057208d5efae:neutral_risk_analyst:risk_debate_state.neutral_history:claim:57,neutral_risk_analyst,analytical,neutral,asserted,[],0,"[""CONFLICT_WORD""]",[],[],[],0,True,"But the unlabeled content is where the real signal lives, and it is decidedly mixed."
61f3e019-63a8-4c56-b763-057208d5efae:neutral_risk_analyst:risk_debate_state.neutral_history:claim:58,neutral_risk_analyst,analytical,neutral,negated,[],0,"[""CONDITIONAL_MARKER""]",[],[],[],0,True,"The quote about the catch-22, if they spend the market punishes them for overspending, if they do not spend they fall behind the AI curve, is the most analytically precise framing of MSFT's current risk in that entire dataset."
61f3e019-63a8-4c56-b763-057208d5efae:neutral_risk_analyst:risk_debate_state.neutral_history:claim:59,neutral_risk_analyst,analytical,neutral,negated,[],0,"[""FORWARD_TRANSITIVE_SUPPORTIVE""]",[],[],[],0,True,That is not a sentiment signal that supports a large pre-earnings position.
61f3e019-63a8-4c56-b763-057208d5efae:neutral_risk_analyst:risk_debate_state.neutral_history:claim:60,neutral_risk_analyst,analytical,neutral,negated,[],0,[],[],[],[],0,True,"That is a signal that the market has not resolved its narrative on this stock, which means the binary outcome risk on July 29th is genuinely symmetric in terms of market reaction, even if the fundamental outcome is more likely positive."
61f3e019-63a8-4c56-b763-057208d5efae:neutral_risk_analyst:risk_debate_state.neutral_history:claim:61,neutral_risk_analyst,context_only,unknown,asserted,[],0,[],[],[],[],0,False,The world affairs context adds one more dimension that neither analyst has weighted appropriately.
61f3e019-63a8-4c56-b763-057208d5efae:neutral_risk_analyst:risk_debate_state.neutral_history:claim:62,neutral_risk_analyst,analytical,negative,asserted,[],0,"[""FORWARD_TRANSITIVE_CAUSAL""]",[],[],[],0,True,The broader tech earnings week creates correlated sector risk that is entirely independent of MSFT's specific results.
61f3e019-63a8-4c56-b763-057208d5efae:neutral_risk_analyst:risk_debate_state.neutral_history:claim:63,neutral_risk_analyst,context_only,unknown,asserted,[],0,[],[],[],[],0,False,"Amazon, Meta, and Apple are all reporting the same week."
61f3e019-63a8-4c56-b763-057208d5efae:neutral_risk_analyst:risk_debate_state.neutral_history:claim:64,neutral_risk_analyst,analytical,negative,conditional,[],0,"[""CONDITIONAL_MARKER""]",[],[],[],0,True,"If Amazon's AWS results disappoint, MSFT faces sympathy selling regardless of Azure's actual performance."
61f3e019-63a8-4c56-b763-057208d5efae:portfolio_manager:final_trade_decision:claim:1,portfolio_manager,analytical,unknown,asserted,[],0,[],[],[],[],0,True,"Executive Summary: Initiate MSFT at current levels ($389) with a scaled entry: deploy approximately 25–30% of intended full allocation (roughly 1.5–2.0% of a diversified equity portfolio) as Tranche 1 ahead of July 29 earnings, sized so a worst-case gap to the $352 June capitulation low inflicts no more than 50 basis points of portfolio drawdown."
61f3e019-63a8-4c56-b763-057208d5efae:portfolio_manager:final_trade_decision:claim:2,portfolio_manager,analytical,neutral,negated,[],0,[],[],[],[],0,True,"Reserve 70–75% of intended allocation for post-earnings deployment — either on a confirmed close above the 50 SMA ($399) on above-average volume (bullish confirmation), or aggressively in the $355–$370 zone on a fundamentally unimpaired sell-the-news reaction (Azure ≥33%, operating margins ≥45%, annualized capex guidance not exceeding $130B)."
61f3e019-63a8-4c56-b763-057208d5efae:portfolio_manager:final_trade_decision:claim:3,portfolio_manager,analytical,unknown,asserted,[],0,"[""FORWARD_TRANSITIVE_CAUSAL""]",[],[],[],0,True,"Target full allocation of 5–7% of portfolio over a 12–18 month horizon, with a sustained close below $360 post-earnings serving as the functional impairment trigger for Tranche 1 exit."
61f3e019-63a8-4c56-b763-057208d5efae:portfolio_manager:final_trade_decision:claim:4,portfolio_manager,analytical,neutral,negated,[],0,"[""CONFLICT_WORD""]",[],[],[],0,True,"Investment Thesis: The debate produced a clear asymmetry: the bull's fundamental case was never credibly refuted, while the bear's strongest arguments — technical deterioration and binary event gap risk — are real but manageable through disciplined position sizing rather than abstention."
61f3e019-63a8-4c56-b763-057208d5efae:portfolio_manager:final_trade_decision:claim:5,portfolio_manager,analytical,positive,asserted,"[""Revenue Growth""]",1,[],[],[],[],0,True,"Fundamental case (decisive bull advantage): Microsoft's audited financials are exceptional by any measure: $136B in operating cash flow, 46.3% operating margins, 15%+ revenue growth on a $318B base, and a PEG of 1.18x."
61f3e019-63a8-4c56-b763-057208d5efae:portfolio_manager:final_trade_decision:claim:6,portfolio_manager,analytical,unknown,asserted,[],0,"[""CONFLICT_WORD""]",[],[],[],0,True,"Critically, MSFT trades at 20x forward earnings versus the S&P 500 at 21–22x, despite growing revenues at roughly twice the market rate."
61f3e019-63a8-4c56-b763-057208d5efae:portfolio_manager:final_trade_decision:claim:7,portfolio_manager,context_only,neutral,negated,[],0,[],[],[],[],0,False,"This relative discount to the index on a structurally superior business is the central valuation anomaly, and the aggressive analyst is correct that it does not persist indefinitely."
61f3e019-63a8-4c56-b763-057208d5efae:portfolio_manager:final_trade_decision:claim:8,portfolio_manager,analytical,neutral,negated,[],0,"[""CONFLICT_WORD""]",[],[],[],0,True,"The $50.9B deferred revenue backlog represents contracted, Microsoft-specific demand won in a competitive market — the conservative analyst's counterpoint that it is a lagging indicator is valid, but it still proves Azure is winning in a competitive environment, not merely that demand exists in aggregate."
61f3e019-63a8-4c56-b763-057208d5efae:portfolio_manager:final_trade_decision:claim:9,portfolio_manager,analytical,neutral,negated,[],0,[],[],[],[],0,True,"The June 25–26 capitulation (186M shares, single-session reversal) represents the highest-volume day in the dataset and has not been retested — a genuine structural signal, even if the conservative analyst correctly notes it remains an unconfirmed floor heading into earnings."
61f3e019-63a8-4c56-b763-057208d5efae:portfolio_manager:final_trade_decision:claim:10,portfolio_manager,analytical,neutral,asserted,[],0,"[""CONFLICT_WORD""]",[],[],[],0,True,"Technical picture (decisive bear advantage, but scoped): The conservative and neutral analysts are correct that price below the 200 SMA ($434), three failed 50 SMA tests ($399), a fading MACD histogram (peak +3.46 → +0.91), and RSI stalling at 56 represent a structurally unconfirmed recovery."
61f3e019-63a8-4c56-b763-057208d5efae:portfolio_manager:final_trade_decision:claim:11,portfolio_manager,analytical,positive,asserted,[],0,[],[],[],[],0,True,The overhead supply at $434 from trapped institutional buyers is a real obstacle on the path to the 12-month target.
61f3e019-63a8-4c56-b763-057208d5efae:portfolio_manager:final_trade_decision:claim:12,portfolio_manager,analytical,neutral,negated,[],0,"[""CONFLICT_WORD""]",[],[],[],0,True,"However, the aggressive analyst is right that these technical headwinds argue for staged rather than full entry — they do not argue for zero entry, particularly when the fundamental value at 20x forward earnings is as clear as it is."
61f3e019-63a8-4c56-b763-057208d5efae:portfolio_manager:final_trade_decision:claim:13,portfolio_manager,analytical,neutral,negated,[],0,[],[],[],[],0,True,"Gap risk (resolved by sizing, not abstention): The conservative analyst's most powerful argument — that the $371 ATR stop cannot execute in a gap scenario — was ultimately conceded by the aggressive analyst and is correct."
61f3e019-63a8-4c56-b763-057208d5efae:portfolio_manager:final_trade_decision:claim:14,portfolio_manager,analytical,neutral,negated,[],0,"[""CONFLICT_WORD""]",[],[],[],0,True,"However, the neutral analyst's resolution is superior to the conservative analyst's conclusion: the right response to uncontrolled gap risk is precise pre-earnings position sizing (25–30% of intended allocation, 1.5–2.0% of portfolio), not zero pre-earnings exposure."
61f3e019-63a8-4c56-b763-057208d5efae:portfolio_manager:final_trade_decision:claim:15,portfolio_manager,analytical,unknown,conditional,[],0,"[""FORWARD_TRANSITIVE_CAUSAL""]",[],[],[],0,True,"At this size, a worst-case gap to $352 costs approximately 50 basis points of portfolio drawdown — painful enough to enforce disciplined engagement, small enough to avoid the anchoring bias and loss-aversion paralysis that excessive pre-earnings exposure would create."
61f3e019-63a8-4c56-b763-057208d5efae:portfolio_manager:final_trade_decision:claim:16,portfolio_manager,context_only,unknown,asserted,[],0,[],[],[],[],0,False,The conservative analyst's demand for zero pre-earnings capital ignores the behavioral finance literature on implementation intentions: predefined rules execute more reliably when the investor already has skin in the game.
61f3e019-63a8-4c56-b763-057208d5efae:portfolio_manager:final_trade_decision:claim:17,portfolio_manager,analytical,neutral,negated,[],0,"[""FORWARD_TRANSITIVE_CAUSAL""]",[],[],[],0,True,"Capex risk (genuine push, not resolved): Both sides made valid points."
61f3e019-63a8-4c56-b763-057208d5efae:portfolio_manager:final_trade_decision:claim:18,portfolio_manager,analytical,neutral,negated,[],0,"[""CONFLICT_WORD""]",[],[],[],0,True,"The neutral and conservative analysts are right that the Amazon 2012 analogy does not perfectly apply — AWS built in a supply-constrained market with minimal competition, while MSFT is building $190B alongside AWS and Google Cloud simultaneously."
61f3e019-63a8-4c56-b763-057208d5efae:portfolio_manager:final_trade_decision:claim:19,portfolio_manager,analytical,negative,asserted,[],0,[],[],[],[],0,True,Collective hyperscaler oversupply is a legitimate tail risk the aggressive analyst understates.
61f3e019-63a8-4c56-b763-057208d5efae:portfolio_manager:final_trade_decision:claim:20,portfolio_manager,analytical,unknown,asserted,[],0,"[""CONFLICT_WORD""]",[],[],[],0,True,"But the aggressive analyst is right that FCF compression during a deliberate, funded infrastructure buildout against $50.9B of contracted backlog is categorically different from compression due to deteriorating unit economics."
61f3e019-63a8-4c56-b763-057208d5efae:portfolio_manager:final_trade_decision:claim:21,portfolio_manager,analytical,unknown,asserted,[],0,"[""FORWARD_TRANSITIVE_CAUSAL""]",[],[],[],0,True,The net PP&E build from $229.8B to $307.6B is depreciable infrastructure that generates operating cash flow expansion over a 3–5 year horizon.
61f3e019-63a8-4c56-b763-057208d5efae:portfolio_manager:final_trade_decision:claim:22,portfolio_manager,analytical,neutral,negated,[],0,"[""CONFLICT_WORD""]",[],[],[],0,True,"This risk is real but does not impair the 12-month thesis; it warrants monitoring, not avoidance."
61f3e019-63a8-4c56-b763-057208d5efae:portfolio_manager:final_trade_decision:claim:23,portfolio_manager,context_only,neutral,asserted,[],0,[],[],[],[],0,False,Binary event management: The neutral analyst's predefined decision rules are adopted in full.
61f3e019-63a8-4c56-b763-057208d5efae:portfolio_manager:final_trade_decision:claim:24,portfolio_manager,analytical,neutral,negated,[],0,[],[],[],[],0,True,"Post-earnings add criteria for the ""fundamentally unimpaired selloff"" scenario require Azure growth ≥33% (not the aggressive analyst's permissive 31% threshold, which would constitute a consensus miss), operating margins ≥45%, and no upward capex guidance revision above $130B annualized."
61f3e019-63a8-4c56-b763-057208d5efae:portfolio_manager:final_trade_decision:claim:25,portfolio_manager,context_only,unknown,asserted,[],0,[],[],[],[],0,False,These criteria are verifiable within 45 minutes of the earnings release.
61f3e019-63a8-4c56-b763-057208d5efae:portfolio_manager:final_trade_decision:claim:26,portfolio_manager,analytical,positive,asserted,[],0,"[""FORWARD_TRANSITIVE_CAUSAL""]",[],[],[],0,True,The conservative analyst's entry signal — a confirmed close above $399 on above-average volume — remains the clean technical trigger for the bullish confirmation scenario.
61f3e019-63a8-4c56-b763-057208d5efae:portfolio_manager:final_trade_decision:claim:27,portfolio_manager,analytical,neutral,negated,[],0,"[""CONFLICT_WORD""]",[],[],[],0,True,The urgency argument for the full 50% pre-earnings tranche is rejected: the opportunity cost of a 5–8% confirmation premium on the second tranche is real but does not justify accepting uncontrolled gap risk on 2.5–4.0% of portfolio.
61f3e019-63a8-4c56-b763-057208d5efae:portfolio_manager:final_trade_decision:claim:28,portfolio_manager,analytical,neutral,mixed,"[""Valuation Risk""]",1,"[""CONFLICT_WORD""]",[],[],[],0,True,"Macro context: The 85% probability of no Fed cuts in 2026 is a genuine multiple compression headwind, but it matters less for MSFT than for pure-growth speculative names given the front-loaded, audited cash flow profile."
61f3e019-63a8-4c56-b763-057208d5efae:portfolio_manager:final_trade_decision:claim:29,portfolio_manager,analytical,neutral,negated,"[""Revenue Growth""]",1,"[""FORWARD_TRANSITIVE_CAUSAL""]",[],[],[],0,True,"The path to $440–$460 requires earnings growth doing the primary work on a flat-to-modestly-expanding multiple — achievable over 12–18 months on 15%+ revenue growth and 46%+ margins, without requiring a rate tailwind."
61f3e019-63a8-4c56-b763-057208d5efae:portfolio_manager:final_trade_decision:claim:30,portfolio_manager,analytical,positive,asserted,[],0,[],[],[],[],0,True,FX headwinds are manageable against 15%+ constant-currency growth.
61f3e019-63a8-4c56-b763-057208d5efae:portfolio_manager:final_trade_decision:claim:31,portfolio_manager,analytical,neutral,negated,[],0,[],[],[],[],0,True,"Sector correlation risk from the concurrent hyperscaler earnings week (AWS, Meta, Apple) is real and argues for the smaller pre-earnings tranche, not zero."
61f3e019-63a8-4c56-b763-057208d5efae:portfolio_manager:final_trade_decision:claim:32,portfolio_manager,analytical,neutral,asserted,[],0,"[""CONFLICT_WORD""]",[],[],[],0,True,"Buy: The Overweight rating (rather than Buy) reflects the Research Manager's correct synthesis: the fundamental case is compelling, but the technical structure remains unconfirmed, the binary event risk is symmetric at ±7%, and the capex ROI timeline carries legitimate uncertainty."
61f3e019-63a8-4c56-b763-057208d5efae:portfolio_manager:final_trade_decision:claim:33,portfolio_manager,context_only,unknown,asserted,[],0,[],[],[],[],0,False,Staged accumulation rather than full commitment is the appropriate expression of conviction at this specific juncture.
61f3e019-63a8-4c56-b763-057208d5efae:portfolio_manager:final_trade_decision:claim:34,portfolio_manager,context_only,unknown,asserted,[],0,[],[],[],[],0,False,Time Horizon: 12-18 months
